date,city,country,latitude,longitude,temp_max_c,temp_min_c,temp_mean_c,precipitation_mm,wind_max_kmh,humidity_pct
2015-01-01,Paris,Europe,48.86,2.35,1.4,-3.2,-0.7,0.0,20.0,95
2015-01-02,Paris,Europe,48.86,2.35,9.9,-0.1,4.9,1.1,22.9,88
2015-01-03,Paris,Europe,48.86,2.35,12.0,-1.8,6.2,3.9,31.9,95
2015-01-04,Paris,Europe,48.86,2.35,9.5,1.4,4.0,0.9,15.5,91
2015-01-05,Paris,Europe,48.86,2.35,4.3,-2.8,0.3,0.0,8.1,94
2015-01-06,Paris,Europe,48.86,2.35,5.5,-3.6,1.0,0.0,13.0,93
2015-01-07,Paris,Europe,48.86,2.35,5.1,-1.4,3.0,0.0,15.3,97
2015-01-08,Paris,Europe,48.86,2.35,10.2,4.9,7.9,3.7,33.5,92
2015-01-09,Paris,Europe,48.86,2.35,12.5,5.8,9.6,0.7,31.8,90
2015-01-10,Paris,Europe,48.86,2.35,12.5,6.8,11.1,2.4,30.0,85
2015-01-11,Paris,Europe,48.86,2.35,8.2,4.3,6.1,0.0,26.5,76
2015-01-12,Paris,Europe,48.86,2.35,9.0,5.7,7.2,0.0,28.2,76
2015-01-13,Paris,Europe,48.86,2.35,11.0,7.2,9.1,1.3,34.9,81
2015-01-14,Paris,Europe,48.86,2.35,7.8,4.5,6.3,2.5,30.1,82
2015-01-15,Paris,Europe,48.86,2.35,10.3,6.5,8.7,3.2,40.5,80
2015-01-16,Paris,Europe,48.86,2.35,8.6,3.9,5.8,3.1,13.7,88
2015-01-17,Paris,Europe,48.86,2.35,5.5,-1.5,2.2,0.0,14.7,86
2015-01-18,Paris,Europe,48.86,2.35,6.8,0.6,2.9,0.0,18.4,84
2015-01-19,Paris,Europe,48.86,2.35,4.1,-0.1,2.2,1.6,15.3,89
2015-01-20,Paris,Europe,48.86,2.35,3.1,-1.2,0.5,0.0,10.7,89
2015-01-21,Paris,Europe,48.86,2.35,5.0,-0.8,1.3,0.0,12.8,83
2015-01-22,Paris,Europe,48.86,2.35,3.2,-2.2,0.5,0.0,14.4,84
2015-01-23,Paris,Europe,48.86,2.35,1.6,-1.5,-0.2,0.0,11.6,82
2015-01-24,Paris,Europe,48.86,2.35,5.7,-1.6,1.8,3.4,24.3,84
2015-01-25,Paris,Europe,48.86,2.35,6.6,-2.3,1.8,0.0,10.1,90
2015-01-26,Paris,Europe,48.86,2.35,8.2,3.3,6.0,2.6,19.0,91
2015-01-27,Paris,Europe,48.86,2.35,7.1,1.7,3.9,0.1,14.3,89
2015-01-28,Paris,Europe,48.86,2.35,8.1,1.1,4.8,1.6,30.8,89
2015-01-29,Paris,Europe,48.86,2.35,5.6,2.0,3.8,6.0,29.5,90
2015-01-30,Paris,Europe,48.86,2.35,4.9,-0.6,2.0,1.6,26.2,87
2015-01-31,Paris,Europe,48.86,2.35,4.9,-0.8,2.0,1.8,20.1,89
2015-02-01,Paris,Europe,48.86,2.35,4.5,0.5,2.3,0.9,23.7,84
2015-02-02,Paris,Europe,48.86,2.35,3.5,-1.6,1.1,0.4,14.4,78
2015-02-03,Paris,Europe,48.86,2.35,3.5,-2.1,0.2,0.2,11.6,74
2015-02-04,Paris,Europe,48.86,2.35,4.5,-1.8,0.9,0.0,23.8,81
2015-02-05,Paris,Europe,48.86,2.35,2.9,-1.4,0.5,0.0,22.7,78
2015-02-06,Paris,Europe,48.86,2.35,2.2,-2.8,-0.7,0.0,29.9,63
2015-02-07,Paris,Europe,48.86,2.35,4.4,-2.7,0.5,0.0,23.4,64
2015-02-08,Paris,Europe,48.86,2.35,6.5,0.7,4.3,0.1,27.7,79
2015-02-09,Paris,Europe,48.86,2.35,4.8,-3.0,1.3,0.0,10.5,91
2015-02-10,Paris,Europe,48.86,2.35,6.4,1.9,3.9,0.0,13.5,86
2015-02-11,Paris,Europe,48.86,2.35,7.6,-1.1,2.8,0.0,10.4,88
2015-02-12,Paris,Europe,48.86,2.35,7.0,-2.7,1.5,0.0,7.9,92
2015-02-13,Paris,Europe,48.86,2.35,11.5,-1.5,5.0,2.1,27.4,84
2015-02-14,Paris,Europe,48.86,2.35,7.9,4.6,6.2,7.0,23.9,91
2015-02-15,Paris,Europe,48.86,2.35,8.1,2.2,5.1,0.2,10.1,89
2015-02-16,Paris,Europe,48.86,2.35,10.4,-0.3,5.1,0.0,15.8,87
2015-02-17,Paris,Europe,48.86,2.35,7.4,3.5,5.9,0.0,22.9,86
2015-02-18,Paris,Europe,48.86,2.35,6.8,-1.3,3.1,0.0,10.9,89
2015-02-19,Paris,Europe,48.86,2.35,8.4,0.7,4.7,0.0,19.9,81
2015-02-20,Paris,Europe,48.86,2.35,7.4,4.7,6.2,10.5,30.1,88
2015-02-21,Paris,Europe,48.86,2.35,6.4,1.1,3.6,6.6,18.9,92
2015-02-22,Paris,Europe,48.86,2.35,7.7,-3.4,2.6,0.9,27.6,78
2015-02-23,Paris,Europe,48.86,2.35,10.3,3.8,7.0,8.9,28.3,81
2015-02-24,Paris,Europe,48.86,2.35,8.2,1.9,4.5,1.8,23.1,80
2015-02-25,Paris,Europe,48.86,2.35,7.1,1.2,4.6,5.2,16.0,93
2015-02-26,Paris,Europe,48.86,2.35,10.4,5.6,8.2,4.6,20.4,96
2015-02-27,Paris,Europe,48.86,2.35,8.2,1.4,5.3,0.0,22.1,69
2015-02-28,Paris,Europe,48.86,2.35,8.6,-2.0,3.8,0.0,25.7,77
2015-03-01,Paris,Europe,48.86,2.35,11.4,7.1,9.8,4.3,29.7,82
2015-03-02,Paris,Europe,48.86,2.35,9.7,3.7,7.1,3.7,32.1,74
2015-03-03,Paris,Europe,48.86,2.35,10.2,1.4,5.1,1.9,28.6,79
2015-03-04,Paris,Europe,48.86,2.35,8.7,0.2,4.3,0.0,22.4,75
2015-03-05,Paris,Europe,48.86,2.35,10.1,-1.3,4.5,0.0,12.0,78
2015-03-06,Paris,Europe,48.86,2.35,10.7,-0.6,4.2,0.0,10.8,80
2015-03-07,Paris,Europe,48.86,2.35,14.7,-1.4,6.0,0.0,10.8,77
2015-03-08,Paris,Europe,48.86,2.35,16.0,-0.6,7.4,0.0,13.4,78
2015-03-09,Paris,Europe,48.86,2.35,13.5,3.8,8.5,0.0,10.4,86
2015-03-10,Paris,Europe,48.86,2.35,11.2,3.9,8.0,0.9,11.7,91
2015-03-11,Paris,Europe,48.86,2.35,13.0,4.0,8.1,0.0,13.0,76
2015-03-12,Paris,Europe,48.86,2.35,12.9,0.9,6.8,0.0,15.7,65
2015-03-13,Paris,Europe,48.86,2.35,11.2,1.4,6.2,0.0,11.5,68
2015-03-14,Paris,Europe,48.86,2.35,10.0,2.5,6.1,0.0,20.2,66
2015-03-15,Paris,Europe,48.86,2.35,7.8,3.7,5.8,0.8,15.0,82
2015-03-16,Paris,Europe,48.86,2.35,12.6,0.7,6.7,0.0,8.8,80
2015-03-17,Paris,Europe,48.86,2.35,16.4,1.2,8.7,0.0,8.4,74
2015-03-18,Paris,Europe,48.86,2.35,15.8,4.1,9.1,0.0,19.2,79
2015-03-19,Paris,Europe,48.86,2.35,9.0,4.0,6.3,0.0,18.8,81
2015-03-20,Paris,Europe,48.86,2.35,13.6,5.1,8.4,0.0,19.7,80
2015-03-21,Paris,Europe,48.86,2.35,9.5,3.5,6.2,0.0,18.8,81
2015-03-22,Paris,Europe,48.86,2.35,10.3,4.1,7.0,0.8,22.9,73
2015-03-23,Paris,Europe,48.86,2.35,12.2,-0.3,6.3,0.0,9.4,74
2015-03-24,Paris,Europe,48.86,2.35,8.8,3.6,5.7,7.7,12.8,83
2015-03-25,Paris,Europe,48.86,2.35,9.7,2.4,6.0,1.5,16.6,75
2015-03-26,Paris,Europe,48.86,2.35,8.1,-2.1,3.8,3.2,23.2,90
2015-03-27,Paris,Europe,48.86,2.35,10.8,2.0,7.0,0.0,15.9,78
2015-03-28,Paris,Europe,48.86,2.35,14.0,5.1,9.8,0.3,26.9,86
2015-03-29,Paris,Europe,48.86,2.35,12.6,9.3,10.8,6.0,35.9,86
2015-03-30,Paris,Europe,48.86,2.35,11.3,7.8,10.1,4.7,26.6,75
2015-03-31,Paris,Europe,48.86,2.35,12.2,7.4,10.8,0.3,35.6,69
2015-04-01,Paris,Europe,48.86,2.35,10.4,4.8,7.6,0.5,26.6,63
2015-04-02,Paris,Europe,48.86,2.35,9.7,6.4,7.9,3.2,27.6,86
2015-04-03,Paris,Europe,48.86,2.35,11.5,6.3,8.6,6.2,12.3,91
2015-04-04,Paris,Europe,48.86,2.35,9.0,4.4,7.8,0.1,22.9,86
2015-04-05,Paris,Europe,48.86,2.35,10.1,1.0,5.6,0.0,19.8,69
2015-04-06,Paris,Europe,48.86,2.35,12.0,0.4,6.7,0.0,15.5,72
2015-04-07,Paris,Europe,48.86,2.35,13.9,1.2,8.1,0.0,11.7,68
2015-04-08,Paris,Europe,48.86,2.35,15.6,1.2,8.9,0.0,10.5,70
2015-04-09,Paris,Europe,48.86,2.35,19.2,2.3,10.7,0.0,10.8,71
2015-04-10,Paris,Europe,48.86,2.35,19.7,3.6,12.2,0.0,16.3,70
2015-04-11,Paris,Europe,48.86,2.35,14.9,9.0,11.6,1.6,25.9,79
2015-04-12,Paris,Europe,48.86,2.35,17.0,4.4,11.0,0.1,14.3,76
2015-04-13,Paris,Europe,48.86,2.35,17.7,3.9,11.4,0.0,10.7,76
2015-04-14,Paris,Europe,48.86,2.35,22.3,5.6,14.2,0.0,9.9,72
2015-04-15,Paris,Europe,48.86,2.35,23.7,6.8,15.4,0.0,9.7,70
2015-04-16,Paris,Europe,48.86,2.35,22.2,8.9,15.4,0.0,11.7,73
2015-04-17,Paris,Europe,48.86,2.35,17.5,10.0,13.5,0.0,19.1,71
2015-04-18,Paris,Europe,48.86,2.35,15.3,7.1,11.1,0.0,24.2,55
2015-04-19,Paris,Europe,48.86,2.35,16.2,5.1,10.9,0.0,20.2,56
2015-04-20,Paris,Europe,48.86,2.35,19.5,5.5,12.8,0.0,15.0,60
2015-04-21,Paris,Europe,48.86,2.35,20.4,6.9,14.0,0.0,18.2,62
2015-04-22,Paris,Europe,48.86,2.35,18.9,7.5,13.2,0.0,22.9,63
2015-04-23,Paris,Europe,48.86,2.35,19.6,5.8,12.9,0.0,13.5,65
2015-04-24,Paris,Europe,48.86,2.35,20.2,6.4,14.2,1.5,16.5,72
2015-04-25,Paris,Europe,48.86,2.35,18.1,11.7,14.5,3.8,14.8,77
2015-04-26,Paris,Europe,48.86,2.35,14.7,10.2,12.8,8.2,11.9,87
2015-04-27,Paris,Europe,48.86,2.35,13.0,8.1,10.3,0.0,24.2,71
2015-04-28,Paris,Europe,48.86,2.35,13.3,4.1,8.9,0.0,19.1,65
2015-04-29,Paris,Europe,48.86,2.35,14.2,4.4,9.8,1.9,19.5,68
2015-04-30,Paris,Europe,48.86,2.35,10.7,6.2,9.0,12.0,18.9,92
2015-05-01,Paris,Europe,48.86,2.35,10.6,8.6,9.6,9.4,18.7,91
2015-05-02,Paris,Europe,48.86,2.35,13.7,8.6,11.3,11.2,14.7,90
2015-05-03,Paris,Europe,48.86,2.35,18.4,12.5,14.9,4.9,21.1,88
2015-05-04,Paris,Europe,48.86,2.35,19.7,10.6,15.4,14.9,21.6,81
2015-05-05,Paris,Europe,48.86,2.35,18.1,11.7,15.9,2.9,35.0,72
2015-05-06,Paris,Europe,48.86,2.35,15.8,9.0,12.5,0.1,30.9,66
2015-05-07,Paris,Europe,48.86,2.35,15.4,7.3,12.0,0.0,14.1,68
2015-05-08,Paris,Europe,48.86,2.35,17.7,7.9,13.6,3.0,19.7,77
2015-05-09,Paris,Europe,48.86,2.35,18.0,12.1,15.0,0.0,23.1,72
2015-05-10,Paris,Europe,48.86,2.35,20.8,9.4,15.5,0.0,12.1,76
2015-05-11,Paris,Europe,48.86,2.35,25.4,12.0,18.6,0.0,10.0,74
2015-05-12,Paris,Europe,48.86,2.35,19.0,11.2,15.6,0.0,15.6,74
2015-05-13,Paris,Europe,48.86,2.35,18.9,6.1,13.5,1.5,13.3,72
2015-05-14,Paris,Europe,48.86,2.35,15.9,8.7,12.9,5.3,21.0,79
2015-05-15,Paris,Europe,48.86,2.35,15.0,6.9,11.0,0.3,19.2,80
2015-05-16,Paris,Europe,48.86,2.35,15.7,6.7,11.6,0.3,15.1,83
2015-05-17,Paris,Europe,48.86,2.35,17.3,5.7,12.1,0.0,10.5,74
2015-05-18,Paris,Europe,48.86,2.35,18.9,6.7,12.9,0.4,24.7,74
2015-05-19,Paris,Europe,48.86,2.35,14.6,7.2,10.7,1.0,25.5,67
2015-05-20,Paris,Europe,48.86,2.35,14.2,6.2,10.2,0.1,16.9,69
2015-05-21,Paris,Europe,48.86,2.35,16.4,5.4,11.6,0.1,12.3,70
2015-05-22,Paris,Europe,48.86,2.35,18.5,5.4,13.1,0.0,10.5,71
2015-05-23,Paris,Europe,48.86,2.35,19.6,10.5,15.0,0.0,13.4,76
2015-05-24,Paris,Europe,48.86,2.35,19.3,9.2,15.1,0.0,12.9,70
2015-05-25,Paris,Europe,48.86,2.35,17.8,11.7,14.3,1.6,20.9,77
2015-05-26,Paris,Europe,48.86,2.35,16.9,9.7,13.5,0.0,13.4,67
2015-05-27,Paris,Europe,48.86,2.35,20.1,8.1,14.9,0.0,9.5,66
2015-05-28,Paris,Europe,48.86,2.35,18.8,10.1,15.0,0.0,16.2,70
2015-05-29,Paris,Europe,48.86,2.35,17.4,10.6,13.9,1.2,21.7,67
2015-05-30,Paris,Europe,48.86,2.35,17.4,10.4,13.9,0.0,16.9,63
2015-05-31,Paris,Europe,48.86,2.35,16.8,11.1,14.4,6.0,26.6,82
2015-06-01,Paris,Europe,48.86,2.35,17.0,9.1,13.0,0.0,16.6,65
2015-06-02,Paris,Europe,48.86,2.35,21.8,11.0,16.2,0.2,32.8,65
2015-06-03,Paris,Europe,48.86,2.35,18.9,13.9,16.4,0.0,17.9,69
2015-06-04,Paris,Europe,48.86,2.35,24.8,9.8,18.0,0.0,12.4,65
2015-06-05,Paris,Europe,48.86,2.35,30.8,15.1,22.5,3.0,21.3,70
2015-06-06,Paris,Europe,48.86,2.35,20.8,12.5,16.4,0.0,15.9,59
2015-06-07,Paris,Europe,48.86,2.35,21.4,9.0,15.5,0.0,21.5,59
2015-06-08,Paris,Europe,48.86,2.35,19.3,9.9,14.9,0.0,25.3,54
2015-06-09,Paris,Europe,48.86,2.35,18.8,10.7,14.9,0.0,27.2,56
2015-06-10,Paris,Europe,48.86,2.35,21.6,11.0,17.1,0.0,22.8,56
2015-06-11,Paris,Europe,48.86,2.35,27.9,15.3,21.7,1.0,16.2,65
2015-06-12,Paris,Europe,48.86,2.35,26.5,17.2,21.6,1.1,24.2,68
2015-06-13,Paris,Europe,48.86,2.35,24.1,14.9,19.7,0.0,14.1,60
2015-06-14,Paris,Europe,48.86,2.35,23.5,13.5,18.5,0.2,17.0,60
2015-06-15,Paris,Europe,48.86,2.35,20.3,14.4,17.4,0.1,15.6,68
2015-06-16,Paris,Europe,48.86,2.35,21.1,11.5,16.7,0.0,19.6,54
2015-06-17,Paris,Europe,48.86,2.35,24.1,10.6,17.8,0.0,17.1,60
2015-06-18,Paris,Europe,48.86,2.35,18.4,14.6,16.9,2.9,19.8,82
2015-06-19,Paris,Europe,48.86,2.35,21.2,9.2,16.0,0.2,18.8,66
2015-06-20,Paris,Europe,48.86,2.35,21.0,11.1,16.7,0.0,14.3,68
2015-06-21,Paris,Europe,48.86,2.35,21.5,14.2,17.6,1.1,18.4,71
2015-06-22,Paris,Europe,48.86,2.35,17.3,11.9,14.5,1.2,20.6,74
2015-06-23,Paris,Europe,48.86,2.35,19.0,9.5,14.7,0.0,17.6,67
2015-06-24,Paris,Europe,48.86,2.35,23.5,8.6,17.2,0.0,8.4,61
2015-06-25,Paris,Europe,48.86,2.35,27.0,12.3,21.1,0.0,8.9,55
2015-06-26,Paris,Europe,48.86,2.35,30.1,15.3,23.5,0.0,17.6,50
2015-06-27,Paris,Europe,48.86,2.35,23.5,16.4,19.7,0.0,17.7,58
2015-06-28,Paris,Europe,48.86,2.35,28.4,13.1,21.3,0.0,19.1,53
2015-06-29,Paris,Europe,48.86,2.35,27.1,14.6,21.2,0.0,16.1,55
2015-06-30,Paris,Europe,48.86,2.35,31.7,15.7,24.6,0.0,12.8,47
2015-07-01,Paris,Europe,48.86,2.35,37.0,20.4,29.2,0.9,14.7,42
2015-07-02,Paris,Europe,48.86,2.35,30.8,20.7,25.9,0.2,17.4,60
2015-07-03,Paris,Europe,48.86,2.35,34.5,18.3,26.6,0.0,18.4,55
2015-07-04,Paris,Europe,48.86,2.35,32.4,23.0,28.0,0.3,15.2,52
2015-07-05,Paris,Europe,48.86,2.35,24.8,18.5,22.0,5.4,17.6,62
2015-07-06,Paris,Europe,48.86,2.35,28.5,15.7,22.5,0.0,12.1,55
2015-07-07,Paris,Europe,48.86,2.35,28.4,17.4,22.7,2.2,23.4,61
2015-07-08,Paris,Europe,48.86,2.35,20.3,14.4,17.6,0.5,26.4,61
2015-07-09,Paris,Europe,48.86,2.35,21.6,13.6,17.6,0.0,16.7,58
2015-07-10,Paris,Europe,48.86,2.35,27.1,11.3,19.9,0.0,15.7,47
2015-07-11,Paris,Europe,48.86,2.35,27.2,14.1,21.7,0.0,18.5,50
2015-07-12,Paris,Europe,48.86,2.35,24.6,13.2,19.4,0.1,15.4,62
2015-07-13,Paris,Europe,48.86,2.35,24.6,18.4,21.3,0.0,18.6,62
2015-07-14,Paris,Europe,48.86,2.35,25.4,17.6,21.1,0.0,13.8,65
2015-07-15,Paris,Europe,48.86,2.35,28.6,15.9,22.8,0.0,16.5,65
2015-07-16,Paris,Europe,48.86,2.35,35.0,17.5,26.6,0.0,18.5,57
2015-07-17,Paris,Europe,48.86,2.35,29.6,20.0,24.9,0.0,20.3,59
2015-07-18,Paris,Europe,48.86,2.35,27.6,18.5,22.5,1.4,12.6,58
2015-07-19,Paris,Europe,48.86,2.35,26.0,17.8,22.0,0.5,21.7,66
2015-07-20,Paris,Europe,48.86,2.35,26.0,20.2,22.6,2.5,19.1,73
2015-07-21,Paris,Europe,48.86,2.35,27.7,18.7,23.4,0.0,14.3,70
2015-07-22,Paris,Europe,48.86,2.35,26.8,17.8,21.7,1.8,16.9,61
2015-07-23,Paris,Europe,48.86,2.35,24.7,16.1,20.4,0.0,12.9,55
2015-07-24,Paris,Europe,48.86,2.35,28.8,16.3,21.7,2.3,25.1,57
2015-07-25,Paris,Europe,48.86,2.35,20.8,14.9,17.9,0.9,30.5,61
2015-07-26,Paris,Europe,48.86,2.35,19.6,10.8,15.8,6.2,23.4,74
2015-07-27,Paris,Europe,48.86,2.35,21.7,15.2,18.3,1.8,30.8,67
2015-07-28,Paris,Europe,48.86,2.35,18.9,13.7,16.1,0.2,24.2,64
2015-07-29,Paris,Europe,48.86,2.35,20.1,11.8,16.3,0.0,18.1,62
2015-07-30,Paris,Europe,48.86,2.35,20.0,10.7,15.9,0.0,14.7,60
2015-07-31,Paris,Europe,48.86,2.35,22.5,8.4,16.5,0.0,13.5,57
2015-08-01,Paris,Europe,48.86,2.35,24.5,12.6,19.1,0.0,12.6,51
2015-08-02,Paris,Europe,48.86,2.35,29.0,11.0,21.2,0.0,13.6,49
2015-08-03,Paris,Europe,48.86,2.35,32.5,17.9,25.7,0.3,14.5,41
2015-08-04,Paris,Europe,48.86,2.35,24.9,17.5,21.2,2.6,16.3,59
2015-08-05,Paris,Europe,48.86,2.35,29.7,13.8,22.4,0.0,13.4,50
2015-08-06,Paris,Europe,48.86,2.35,28.6,17.9,23.5,0.0,15.5,54
2015-08-07,Paris,Europe,48.86,2.35,28.7,16.6,22.8,0.0,20.0,57
2015-08-08,Paris,Europe,48.86,2.35,28.4,18.2,23.2,0.0,15.4,52
2015-08-09,Paris,Europe,48.86,2.35,24.0,19.1,21.4,0.7,12.9,57
2015-08-10,Paris,Europe,48.86,2.35,27.9,14.6,21.8,0.0,13.8,60
2015-08-11,Paris,Europe,48.86,2.35,29.1,17.3,23.2,0.0,19.7,65
2015-08-12,Paris,Europe,48.86,2.35,32.6,20.2,26.3,0.0,16.5,57
2015-08-13,Paris,Europe,48.86,2.35,30.3,19.9,24.7,5.2,17.9,69
2015-08-14,Paris,Europe,48.86,2.35,25.3,17.8,20.3,6.4,19.1,79
2015-08-15,Paris,Europe,48.86,2.35,20.8,15.5,17.5,3.3,23.9,75
2015-08-16,Paris,Europe,48.86,2.35,20.5,12.0,17.1,0.2,10.7,68
2015-08-17,Paris,Europe,48.86,2.35,21.3,14.1,17.5,0.0,14.2,57
2015-08-18,Paris,Europe,48.86,2.35,20.8,11.6,16.9,0.0,8.4,64
2015-08-19,Paris,Europe,48.86,2.35,24.1,13.9,19.3,0.3,11.5,57
2015-08-20,Paris,Europe,48.86,2.35,23.1,15.7,19.1,6.4,9.5,75
2015-08-21,Paris,Europe,48.86,2.35,27.8,15.1,22.0,0.0,8.7,66
2015-08-22,Paris,Europe,48.86,2.35,29.9,15.7,23.4,0.0,15.1,51
2015-08-23,Paris,Europe,48.86,2.35,21.6,17.6,19.9,4.7,15.0,64
2015-08-24,Paris,Europe,48.86,2.35,20.9,13.6,17.0,14.0,41.6,77
2015-08-25,Paris,Europe,48.86,2.35,20.0,11.8,16.8,0.0,26.9,69
2015-08-26,Paris,Europe,48.86,2.35,29.2,16.4,21.9,0.6,28.1,67
2015-08-27,Paris,Europe,48.86,2.35,19.0,14.5,16.2,19.2,19.1,88
2015-08-28,Paris,Europe,48.86,2.35,20.6,14.5,17.3,0.0,8.4,78
2015-08-29,Paris,Europe,48.86,2.35,28.7,14.9,21.7,0.0,9.4,75
2015-08-30,Paris,Europe,48.86,2.35,31.4,19.3,25.0,0.0,14.6,70
2015-08-31,Paris,Europe,48.86,2.35,25.8,18.5,21.8,5.9,16.1,79
2015-09-01,Paris,Europe,48.86,2.35,19.0,14.2,17.1,4.7,17.9,81
2015-09-02,Paris,Europe,48.86,2.35,20.0,9.4,15.0,0.0,11.3,73
2015-09-03,Paris,Europe,48.86,2.35,18.0,9.3,14.5,0.6,14.0,70
2015-09-04,Paris,Europe,48.86,2.35,17.2,9.7,13.8,0.5,13.4,72
2015-09-05,Paris,Europe,48.86,2.35,17.7,9.8,14.1,0.2,13.3,73
2015-09-06,Paris,Europe,48.86,2.35,16.5,10.8,13.9,0.0,12.6,62
2015-09-07,Paris,Europe,48.86,2.35,19.1,7.9,14.1,0.0,13.6,73
2015-09-08,Paris,Europe,48.86,2.35,18.8,11.5,15.1,0.3,16.6,75
2015-09-09,Paris,Europe,48.86,2.35,22.4,10.8,16.5,0.0,17.0,66
2015-09-10,Paris,Europe,48.86,2.35,22.5,11.7,16.7,0.0,14.0,57
2015-09-11,Paris,Europe,48.86,2.35,22.1,8.7,16.1,0.0,10.0,58
2015-09-12,Paris,Europe,48.86,2.35,18.8,14.1,16.9,8.2,14.1,80
2015-09-13,Paris,Europe,48.86,2.35,19.1,12.5,15.1,5.0,18.9,92
2015-09-14,Paris,Europe,48.86,2.35,18.2,12.8,15.2,1.8,29.7,75
2015-09-15,Paris,Europe,48.86,2.35,18.7,11.5,14.9,3.9,25.7,68
2015-09-16,Paris,Europe,48.86,2.35,19.8,14.2,17.5,15.7,32.6,78
2015-09-17,Paris,Europe,48.86,2.35,18.4,13.3,15.8,2.8,25.6,78
2015-09-18,Paris,Europe,48.86,2.35,18.2,10.6,13.8,7.6,22.1,83
2015-09-19,Paris,Europe,48.86,2.35,18.8,10.5,14.3,0.0,13.0,81
2015-09-20,Paris,Europe,48.86,2.35,17.1,7.3,13.0,0.0,8.9,78
2015-09-21,Paris,Europe,48.86,2.35,18.9,11.0,15.1,0.0,17.9,72
2015-09-22,Paris,Europe,48.86,2.35,15.8,10.9,13.6,7.5,26.6,79
2015-09-23,Paris,Europe,48.86,2.35,17.2,10.4,13.2,0.0,17.1,77
2015-09-24,Paris,Europe,48.86,2.35,16.5,9.5,13.2,0.5,18.4,83
2015-09-25,Paris,Europe,48.86,2.35,17.7,9.6,14.3,0.0,9.8,79
2015-09-26,Paris,Europe,48.86,2.35,17.1,9.5,13.6,0.0,16.8,72
2015-09-27,Paris,Europe,48.86,2.35,19.1,9.1,14.0,0.0,22.1,69
2015-09-28,Paris,Europe,48.86,2.35,18.0,8.8,13.3,0.0,21.5,66
2015-09-29,Paris,Europe,48.86,2.35,18.2,9.3,13.4,0.0,26.3,60
2015-09-30,Paris,Europe,48.86,2.35,17.6,9.3,13.1,0.0,22.1,62
2015-10-01,Paris,Europe,48.86,2.35,15.9,7.9,11.9,0.0,24.3,60
2015-10-02,Paris,Europe,48.86,2.35,18.7,7.2,12.5,0.0,14.2,67
2015-10-03,Paris,Europe,48.86,2.35,19.3,9.0,13.5,0.2,9.0,75
2015-10-04,Paris,Europe,48.86,2.35,18.5,7.8,13.0,1.1,15.5,81
2015-10-05,Paris,Europe,48.86,2.35,17.6,13.0,15.3,12.2,16.3,89
2015-10-06,Paris,Europe,48.86,2.35,19.5,15.2,16.8,10.4,23.7,87
2015-10-07,Paris,Europe,48.86,2.35,16.3,11.0,14.2,1.6,22.9,72
2015-10-08,Paris,Europe,48.86,2.35,15.3,8.8,12.1,0.0,11.0,73
2015-10-09,Paris,Europe,48.86,2.35,15.1,9.7,12.3,0.0,13.0,77
2015-10-10,Paris,Europe,48.86,2.35,16.6,8.3,12.2,0.0,18.9,83
2015-10-11,Paris,Europe,48.86,2.35,15.7,8.9,12.1,0.0,17.3,78
2015-10-12,Paris,Europe,48.86,2.35,14.5,8.1,11.3,0.0,13.2,78
2015-10-13,Paris,Europe,48.86,2.35,11.7,6.8,8.8,0.0,19.7,75
2015-10-14,Paris,Europe,48.86,2.35,10.1,4.5,7.3,0.9,17.3,76
2015-10-15,Paris,Europe,48.86,2.35,7.8,4.1,5.8,0.0,25.0,79
2015-10-16,Paris,Europe,48.86,2.35,7.8,3.4,6.2,3.8,11.9,89
2015-10-17,Paris,Europe,48.86,2.35,13.3,7.2,9.9,0.5,10.2,88
2015-10-18,Paris,Europe,48.86,2.35,10.9,7.6,9.2,0.0,11.8,86
2015-10-19,Paris,Europe,48.86,2.35,14.3,4.3,9.6,0.0,12.2,85
2015-10-20,Paris,Europe,48.86,2.35,12.6,8.7,10.4,0.1,10.7,89
2015-10-21,Paris,Europe,48.86,2.35,13.3,4.8,9.5,1.5,14.0,89
2015-10-22,Paris,Europe,48.86,2.35,15.3,10.4,12.7,0.9,16.6,89
2015-10-23,Paris,Europe,48.86,2.35,13.8,9.4,11.7,0.0,7.4,79
2015-10-24,Paris,Europe,48.86,2.35,15.3,8.9,11.8,0.0,16.3,85
2015-10-25,Paris,Europe,48.86,2.35,13.4,9.8,11.8,0.0,15.8,83
2015-10-26,Paris,Europe,48.86,2.35,17.5,9.4,12.4,0.0,14.8,88
2015-10-27,Paris,Europe,48.86,2.35,19.8,10.2,14.0,3.4,13.6,81
2015-10-28,Paris,Europe,48.86,2.35,14.6,9.3,12.9,6.9,13.2,90
2015-10-29,Paris,Europe,48.86,2.35,14.6,7.6,10.9,0.0,15.8,85
2015-10-30,Paris,Europe,48.86,2.35,16.0,7.8,11.3,0.0,14.3,86
2015-10-31,Paris,Europe,48.86,2.35,16.8,6.9,11.0,0.0,11.3,88
2015-11-01,Paris,Europe,48.86,2.35,15.7,5.2,9.5,0.0,9.4,94
2015-11-02,Paris,Europe,48.86,2.35,14.7,5.0,9.0,0.0,14.3,92
2015-11-03,Paris,Europe,48.86,2.35,14.4,9.9,11.9,4.4,20.2,82
2015-11-04,Paris,Europe,48.86,2.35,16.3,11.8,13.8,5.6,21.4,88
2015-11-05,Paris,Europe,48.86,2.35,18.0,11.5,14.2,2.5,17.1,87
2015-11-06,Paris,Europe,48.86,2.35,17.5,14.5,16.1,6.1,20.7,92
2015-11-07,Paris,Europe,48.86,2.35,20.7,15.1,17.3,0.0,15.6,88
2015-11-08,Paris,Europe,48.86,2.35,19.3,10.8,15.2,0.0,19.1,89
2015-11-09,Paris,Europe,48.86,2.35,16.4,11.5,14.7,0.0,19.9,79
2015-11-10,Paris,Europe,48.86,2.35,15.2,8.9,11.6,0.0,16.1,86
2015-11-11,Paris,Europe,48.86,2.35,15.8,8.2,11.9,0.0,12.8,91
2015-11-12,Paris,Europe,48.86,2.35,15.2,9.6,12.3,0.0,12.7,93
2015-11-13,Paris,Europe,48.86,2.35,14.9,9.5,12.2,0.8,20.5,83
2015-11-14,Paris,Europe,48.86,2.35,12.4,7.6,10.1,0.0,23.5,74
2015-11-15,Paris,Europe,48.86,2.35,16.0,10.0,12.2,0.0,22.2,81
2015-11-16,Paris,Europe,48.86,2.35,14.2,9.5,12.1,0.3,26.8,84
2015-11-17,Paris,Europe,48.86,2.35,16.6,13.3,14.9,2.3,30.9,88
2015-11-18,Paris,Europe,48.86,2.35,14.9,10.9,13.4,0.0,27.0,76
2015-11-19,Paris,Europe,48.86,2.35,15.3,12.5,14.0,2.2,29.0,83
2015-11-20,Paris,Europe,48.86,2.35,14.2,7.5,10.7,21.3,25.0,90
2015-11-21,Paris,Europe,48.86,2.35,6.9,3.4,5.3,2.0,34.7,79
2015-11-22,Paris,Europe,48.86,2.35,5.9,1.1,3.1,0.0,21.1,72
2015-11-23,Paris,Europe,48.86,2.35,5.3,-1.2,1.6,0.0,9.2,85
2015-11-24,Paris,Europe,48.86,2.35,7.1,-0.6,3.0,6.1,25.5,90
2015-11-25,Paris,Europe,48.86,2.35,9.9,5.0,7.4,3.6,20.2,90
2015-11-26,Paris,Europe,48.86,2.35,9.2,2.7,5.5,0.0,14.2,87
2015-11-27,Paris,Europe,48.86,2.35,8.0,1.9,4.9,0.3,19.8,88
2015-11-28,Paris,Europe,48.86,2.35,8.9,3.5,7.0,0.7,28.3,77
2015-11-29,Paris,Europe,48.86,2.35,11.8,7.9,10.4,0.5,29.6,75
2015-11-30,Paris,Europe,48.86,2.35,12.8,10.2,11.4,0.0,30.8,74
2015-12-01,Paris,Europe,48.86,2.35,13.1,8.4,11.3,0.0,26.3,79
2015-12-02,Paris,Europe,48.86,2.35,11.8,4.5,8.1,0.0,11.3,83
2015-12-03,Paris,Europe,48.86,2.35,10.7,1.8,5.9,0.0,22.5,84
2015-12-04,Paris,Europe,48.86,2.35,11.8,3.3,8.9,0.0,25.2,80
2015-12-05,Paris,Europe,48.86,2.35,8.2,2.5,4.8,0.0,20.2,89
2015-12-06,Paris,Europe,48.86,2.35,11.9,4.8,8.9,0.1,20.6,88
2015-12-07,Paris,Europe,48.86,2.35,12.1,7.3,8.9,0.0,14.1,90
2015-12-08,Paris,Europe,48.86,2.35,11.0,6.7,8.8,7.4,16.7,92
2015-12-09,Paris,Europe,48.86,2.35,9.8,3.0,5.9,0.0,12.3,93
2015-12-10,Paris,Europe,48.86,2.35,6.5,1.0,3.6,0.0,14.6,91
2015-12-11,Paris,Europe,48.86,2.35,9.9,1.2,6.3,0.0,21.6,90
2015-12-12,Paris,Europe,48.86,2.35,11.3,7.5,9.2,0.2,16.8,93
2015-12-13,Paris,Europe,48.86,2.35,7.1,5.0,6.1,0.0,12.5,97
2015-12-14,Paris,Europe,48.86,2.35,8.0,1.9,4.9,0.0,12.0,93
2015-12-15,Paris,Europe,48.86,2.35,10.3,5.6,7.8,13.2,16.6,91
2015-12-16,Paris,Europe,48.86,2.35,13.8,9.5,12.2,0.0,21.5,93
2015-12-17,Paris,Europe,48.86,2.35,15.3,9.3,12.3,1.2,16.6,87
2015-12-18,Paris,Europe,48.86,2.35,13.0,10.0,11.4,0.4,15.0,93
2015-12-19,Paris,Europe,48.86,2.35,14.2,8.9,11.0,0.0,17.8,89
2015-12-20,Paris,Europe,48.86,2.35,13.7,9.6,11.6,2.1,19.0,82
2015-12-21,Paris,Europe,48.86,2.35,12.4,8.6,10.9,0.1,30.1,80
2015-12-22,Paris,Europe,48.86,2.35,12.9,11.5,12.2,0.0,25.1,68
2015-12-23,Paris,Europe,48.86,2.35,12.6,8.0,11.1,0.0,27.2,79
2015-12-24,Paris,Europe,48.86,2.35,13.1,9.0,10.9,0.5,27.4,83
2015-12-25,Paris,Europe,48.86,2.35,12.6,9.5,10.8,4.1,22.1,87
2015-12-26,Paris,Europe,48.86,2.35,12.6,8.0,9.7,0.0,16.9,88
2015-12-27,Paris,Europe,48.86,2.35,12.7,6.4,9.1,0.0,17.0,89
2015-12-28,Paris,Europe,48.86,2.35,11.7,4.9,7.7,0.0,16.9,85
2015-12-29,Paris,Europe,48.86,2.35,11.5,6.1,9.3,2.7,19.2,83
2015-12-30,Paris,Europe,48.86,2.35,10.6,5.6,7.8,0.0,23.0,82
2015-12-31,Paris,Europe,48.86,2.35,10.7,6.6,8.8,2.9,22.5,82
2016-01-01,Paris,Europe,48.86,2.35,9.1,3.6,6.6,1.9,23.5,91
2016-01-02,Paris,Europe,48.86,2.35,10.9,7.2,9.0,1.9,27.9,85
2016-01-03,Paris,Europe,48.86,2.35,8.4,4.7,6.9,11.5,29.5,88
2016-01-04,Paris,Europe,48.86,2.35,9.4,5.4,7.2,0.0,26.2,86
2016-01-05,Paris,Europe,48.86,2.35,9.1,5.3,7.1,2.4,27.0,85
2016-01-06,Paris,Europe,48.86,2.35,9.1,5.3,7.1,0.7,16.9,91
2016-01-07,Paris,Europe,48.86,2.35,10.7,5.4,7.5,10.7,31.1,85
2016-01-08,Paris,Europe,48.86,2.35,8.4,1.3,4.9,0.0,14.7,90
2016-01-09,Paris,Europe,48.86,2.35,10.3,3.5,7.0,3.8,30.5,88
2016-01-10,Paris,Europe,48.86,2.35,9.1,4.8,6.8,3.1,27.5,87
2016-01-11,Paris,Europe,48.86,2.35,8.1,4.8,6.6,5.6,30.5,87
2016-01-12,Paris,Europe,48.86,2.35,7.2,5.3,6.3,1.2,27.5,79
2016-01-13,Paris,Europe,48.86,2.35,7.3,3.7,5.1,0.2,27.4,77
2016-01-14,Paris,Europe,48.86,2.35,6.7,3.3,4.4,5.6,22.7,86
2016-01-15,Paris,Europe,48.86,2.35,5.2,1.1,2.8,0.0,25.2,70
2016-01-16,Paris,Europe,48.86,2.35,5.5,-1.4,1.4,0.0,17.4,83
2016-01-17,Paris,Europe,48.86,2.35,2.8,-2.1,0.2,0.3,12.1,92
2016-01-18,Paris,Europe,48.86,2.35,1.3,-3.2,-1.4,0.0,15.9,77
2016-01-19,Paris,Europe,48.86,2.35,1.2,-5.5,-2.7,0.0,8.2,84
2016-01-20,Paris,Europe,48.86,2.35,1.9,-4.4,-1.7,0.0,6.9,85
2016-01-21,Paris,Europe,48.86,2.35,4.1,-5.2,-1.7,0.0,11.5,85
2016-01-22,Paris,Europe,48.86,2.35,5.9,-2.2,1.8,7.7,18.5,89
2016-01-23,Paris,Europe,48.86,2.35,5.9,2.8,4.8,0.0,13.0,99
2016-01-24,Paris,Europe,48.86,2.35,10.3,4.3,7.4,0.0,12.3,94
2016-01-25,Paris,Europe,48.86,2.35,12.9,3.5,7.9,0.0,16.9,85
2016-01-26,Paris,Europe,48.86,2.35,10.7,6.7,9.0,0.0,24.6,87
2016-01-27,Paris,Europe,48.86,2.35,11.6,9.3,10.2,2.4,28.1,79
2016-01-28,Paris,Europe,48.86,2.35,10.8,1.2,7.3,3.6,22.4,86
2016-01-29,Paris,Europe,48.86,2.35,9.3,0.7,5.5,0.0,25.0,83
2016-01-30,Paris,Europe,48.86,2.35,9.3,6.5,8.3,8.4,34.6,85
2016-01-31,Paris,Europe,48.86,2.35,12.2,6.1,8.9,2.2,27.7,92
2016-02-01,Paris,Europe,48.86,2.35,12.4,9.9,11.2,0.0,28.3,79
2016-02-02,Paris,Europe,48.86,2.35,11.2,5.2,9.7,4.1,28.6,87
2016-02-03,Paris,Europe,48.86,2.35,7.5,4.7,5.7,0.8,25.8,81
2016-02-04,Paris,Europe,48.86,2.35,10.4,3.5,7.0,0.3,25.2,87
2016-02-05,Paris,Europe,48.86,2.35,11.3,8.6,9.6,0.0,17.3,89
2016-02-06,Paris,Europe,48.86,2.35,13.3,7.3,10.1,0.0,32.4,76
2016-02-07,Paris,Europe,48.86,2.35,12.0,6.3,8.6,3.5,31.2,71
2016-02-08,Paris,Europe,48.86,2.35,10.3,7.6,9.1,5.8,39.5,75
2016-02-09,Paris,Europe,48.86,2.35,10.8,2.7,7.1,8.5,40.3,84
2016-02-10,Paris,Europe,48.86,2.35,7.5,3.1,4.8,0.0,26.7,75
2016-02-11,Paris,Europe,48.86,2.35,7.5,1.7,4.3,0.7,13.2,84
2016-02-12,Paris,Europe,48.86,2.35,4.0,0.7,2.4,6.7,20.9,96
2016-02-13,Paris,Europe,48.86,2.35,10.4,2.2,5.8,12.4,27.6,94
2016-02-14,Paris,Europe,48.86,2.35,8.3,2.2,5.6,2.6,19.9,87
2016-02-15,Paris,Europe,48.86,2.35,6.0,1.2,3.3,0.3,29.3,78
2016-02-16,Paris,Europe,48.86,2.35,5.3,-2.6,0.8,0.0,13.6,77
2016-02-17,Paris,Europe,48.86,2.35,4.4,-4.4,-0.1,0.0,11.3,78
2016-02-18,Paris,Europe,48.86,2.35,5.5,-1.4,1.9,0.1,14.9,83
2016-02-19,Paris,Europe,48.86,2.35,8.5,-1.6,3.3,0.0,23.5,80
2016-02-20,Paris,Europe,48.86,2.35,11.8,5.8,9.2,2.6,29.6,87
2016-02-21,Paris,Europe,48.86,2.35,11.9,9.4,10.7,0.0,25.6,83
2016-02-22,Paris,Europe,48.86,2.35,10.5,8.2,9.5,1.4,24.9,84
2016-02-23,Paris,Europe,48.86,2.35,9.6,2.7,6.4,6.1,17.0,78
2016-02-24,Paris,Europe,48.86,2.35,8.1,-2.1,3.6,2.5,13.3,83
2016-02-25,Paris,Europe,48.86,2.35,7.0,-1.8,2.8,0.0,11.5,80
2016-02-26,Paris,Europe,48.86,2.35,6.3,-2.0,2.4,0.0,13.2,68
2016-02-27,Paris,Europe,48.86,2.35,8.2,-0.7,3.4,0.0,22.2,65
2016-02-28,Paris,Europe,48.86,2.35,7.7,-0.3,3.2,0.0,26.5,65
2016-02-29,Paris,Europe,48.86,2.35,7.0,-0.8,2.5,0.0,23.9,67
2016-03-01,Paris,Europe,48.86,2.35,8.8,-2.8,3.2,2.9,24.3,89
2016-03-02,Paris,Europe,48.86,2.35,9.9,2.9,7.1,3.2,35.2,77
2016-03-03,Paris,Europe,48.86,2.35,7.7,2.8,5.1,0.9,29.9,77
2016-03-04,Paris,Europe,48.86,2.35,8.0,3.9,5.9,17.4,24.1,85
2016-03-05,Paris,Europe,48.86,2.35,7.0,1.0,3.6,9.9,19.1,86
2016-03-06,Paris,Europe,48.86,2.35,7.8,0.8,4.0,0.6,19.4,75
2016-03-07,Paris,Europe,48.86,2.35,6.3,-2.1,2.0,1.6,19.7,86
2016-03-08,Paris,Europe,48.86,2.35,8.1,-0.7,3.8,0.2,15.8,75
2016-03-09,Paris,Europe,48.86,2.35,8.1,3.9,5.4,10.6,36.2,81
2016-03-10,Paris,Europe,48.86,2.35,8.9,3.2,6.2,0.0,10.5,83
2016-03-11,Paris,Europe,48.86,2.35,10.9,2.3,6.8,0.0,12.2,73
2016-03-12,Paris,Europe,48.86,2.35,11.3,2.6,6.8,0.0,15.6,72
2016-03-13,Paris,Europe,48.86,2.35,10.7,0.4,5.6,0.0,21.4,75
2016-03-14,Paris,Europe,48.86,2.35,10.0,1.4,5.7,0.0,20.2,72
2016-03-15,Paris,Europe,48.86,2.35,11.5,-0.2,6.0,0.0,18.6,69
2016-03-16,Paris,Europe,48.86,2.35,8.0,3.1,5.8,0.2,27.1,67
2016-03-17,Paris,Europe,48.86,2.35,11.5,0.9,5.9,0.0,16.6,69
2016-03-18,Paris,Europe,48.86,2.35,11.5,-0.3,5.3,0.0,13.6,80
2016-03-19,Paris,Europe,48.86,2.35,7.9,3.7,5.4,0.0,17.0,80
2016-03-20,Paris,Europe,48.86,2.35,8.6,2.5,5.7,0.0,16.7,76
2016-03-21,Paris,Europe,48.86,2.35,9.8,4.8,6.9,0.0,16.1,78
2016-03-22,Paris,Europe,48.86,2.35,11.3,3.3,7.2,0.0,16.6,73
2016-03-23,Paris,Europe,48.86,2.35,9.7,3.5,6.7,0.0,16.2,79
2016-03-24,Paris,Europe,48.86,2.35,9.7,3.8,7.2,0.0,13.8,74
2016-03-25,Paris,Europe,48.86,2.35,11.7,5.8,8.1,6.0,19.5,87
2016-03-26,Paris,Europe,48.86,2.35,13.9,6.0,10.3,0.2,27.3,86
2016-03-27,Paris,Europe,48.86,2.35,12.9,5.7,9.5,8.7,30.5,76
2016-03-28,Paris,Europe,48.86,2.35,13.0,7.0,9.9,6.3,40.1,72
2016-03-29,Paris,Europe,48.86,2.35,12.8,5.5,9.0,2.1,25.2,77
2016-03-30,Paris,Europe,48.86,2.35,9.9,7.2,8.5,2.4,17.6,84
2016-03-31,Paris,Europe,48.86,2.35,7.7,5.9,6.8,13.3,25.5,88
2016-04-01,Paris,Europe,48.86,2.35,12.0,2.4,7.5,0.0,16.6,77
2016-04-02,Paris,Europe,48.86,2.35,14.9,1.8,9.2,4.6,17.4,84
2016-04-03,Paris,Europe,48.86,2.35,19.9,9.5,13.8,6.0,15.7,86
2016-04-04,Paris,Europe,48.86,2.35,15.5,9.7,12.3,4.6,22.8,75
2016-04-05,Paris,Europe,48.86,2.35,15.0,8.3,11.2,0.0,15.6,76
2016-04-06,Paris,Europe,48.86,2.35,12.7,5.6,9.2,0.4,26.1,78
2016-04-07,Paris,Europe,48.86,2.35,11.6,4.3,7.7,3.3,21.7,76
2016-04-08,Paris,Europe,48.86,2.35,12.4,3.3,7.9,1.8,10.2,82
2016-04-09,Paris,Europe,48.86,2.35,11.8,1.8,7.2,2.5,21.2,86
2016-04-10,Paris,Europe,48.86,2.35,16.2,1.1,9.3,0.0,22.1,77
2016-04-11,Paris,Europe,48.86,2.35,13.8,7.4,10.6,9.2,18.9,82
2016-04-12,Paris,Europe,48.86,2.35,14.8,3.1,9.7,0.9,14.1,82
2016-04-13,Paris,Europe,48.86,2.35,15.7,7.2,11.0,3.2,10.5,82
2016-04-14,Paris,Europe,48.86,2.35,15.9,4.3,10.7,3.6,14.5,83
2016-04-15,Paris,Europe,48.86,2.35,15.4,8.1,11.7,1.9,29.1,75
2016-04-16,Paris,Europe,48.86,2.35,14.2,8.0,10.7,0.4,18.3,75
2016-04-17,Paris,Europe,48.86,2.35,11.0,2.2,6.9,2.1,14.4,73
2016-04-18,Paris,Europe,48.86,2.35,12.7,0.3,7.0,0.0,9.9,69
2016-04-19,Paris,Europe,48.86,2.35,14.3,2.5,8.9,0.0,16.1,73
2016-04-20,Paris,Europe,48.86,2.35,17.0,4.8,11.3,0.0,23.7,66
2016-04-21,Paris,Europe,48.86,2.35,20.0,7.7,14.0,0.0,16.6,66
2016-04-22,Paris,Europe,48.86,2.35,16.5,9.0,13.2,1.9,9.2,81
2016-04-23,Paris,Europe,48.86,2.35,11.2,5.1,9.2,0.9,21.1,70
2016-04-24,Paris,Europe,48.86,2.35,10.2,0.6,5.8,3.5,19.9,75
2016-04-25,Paris,Europe,48.86,2.35,10.5,2.5,7.2,1.8,28.7,77
2016-04-26,Paris,Europe,48.86,2.35,9.6,3.4,6.5,4.0,21.4,79
2016-04-27,Paris,Europe,48.86,2.35,10.4,2.1,5.9,2.1,17.6,76
2016-04-28,Paris,Europe,48.86,2.35,11.3,-0.7,6.3,0.2,13.0,69
2016-04-29,Paris,Europe,48.86,2.35,13.0,4.9,8.8,4.2,24.5,74
2016-04-30,Paris,Europe,48.86,2.35,9.6,5.6,7.7,8.3,21.4,84
2016-05-01,Paris,Europe,48.86,2.35,14.0,1.9,8.4,0.0,20.4,68
2016-05-02,Paris,Europe,48.86,2.35,16.3,2.7,10.4,0.0,12.3,71
2016-05-03,Paris,Europe,48.86,2.35,14.7,7.6,11.4,0.5,16.7,68
2016-05-04,Paris,Europe,48.86,2.35,16.6,2.9,10.6,0.0,10.5,68
2016-05-05,Paris,Europe,48.86,2.35,18.6,6.1,12.7,0.0,16.9,61
2016-05-06,Paris,Europe,48.86,2.35,22.1,7.8,15.6,0.0,14.7,68
2016-05-07,Paris,Europe,48.86,2.35,22.1,10.1,16.6,0.0,16.3,67
2016-05-08,Paris,Europe,48.86,2.35,23.4,11.0,17.9,0.0,20.2,60
2016-05-09,Paris,Europe,48.86,2.35,21.4,15.7,18.2,2.4,21.5,67
2016-05-10,Paris,Europe,48.86,2.35,19.5,14.6,16.4,12.3,11.9,88
2016-05-11,Paris,Europe,48.86,2.35,20.5,11.0,15.6,8.8,8.7,89
2016-05-12,Paris,Europe,48.86,2.35,18.3,10.4,14.9,1.8,12.2,89
2016-05-13,Paris,Europe,48.86,2.35,21.0,12.5,16.1,5.4,18.7,85
2016-05-14,Paris,Europe,48.86,2.35,13.1,8.0,10.6,0.0,20.3,69
2016-05-15,Paris,Europe,48.86,2.35,13.8,3.5,9.5,0.3,12.7,70
2016-05-16,Paris,Europe,48.86,2.35,15.5,6.3,11.4,0.5,12.6,77
2016-05-17,Paris,Europe,48.86,2.35,16.8,5.2,12.1,0.0,11.3,74
2016-05-18,Paris,Europe,48.86,2.35,15.6,9.6,13.0,3.4,25.5,78
2016-05-19,Paris,Europe,48.86,2.35,16.6,9.0,12.1,2.8,22.9,80
2016-05-20,Paris,Europe,48.86,2.35,18.4,9.6,14.3,0.8,17.3,82
2016-05-21,Paris,Europe,48.86,2.35,23.6,12.6,18.0,0.9,18.9,76
2016-05-22,Paris,Europe,48.86,2.35,16.3,11.6,14.7,29.5,17.2,91
2016-05-23,Paris,Europe,48.86,2.35,16.0,10.3,12.2,10.7,24.7,88
2016-05-24,Paris,Europe,48.86,2.35,14.6,7.4,11.3,0.0,15.0,78
2016-05-25,Paris,Europe,48.86,2.35,17.8,8.9,13.6,0.0,13.7,72
2016-05-26,Paris,Europe,48.86,2.35,22.0,11.0,16.3,0.8,11.5,76
2016-05-27,Paris,Europe,48.86,2.35,22.9,13.2,18.1,9.6,7.2,80
2016-05-28,Paris,Europe,48.86,2.35,22.2,11.5,17.5,12.3,13.1,86
2016-05-29,Paris,Europe,48.86,2.35,18.2,13.8,16.0,10.4,16.2,92
2016-05-30,Paris,Europe,48.86,2.35,15.0,12.0,13.4,24.0,24.5,94
2016-05-31,Paris,Europe,48.86,2.35,16.3,11.9,13.5,32.9,22.6,95
2016-06-01,Paris,Europe,48.86,2.35,20.0,13.7,16.0,2.7,18.0,88
2016-06-02,Paris,Europe,48.86,2.35,15.2,12.1,13.7,1.8,26.1,90
2016-06-03,Paris,Europe,48.86,2.35,13.3,11.2,12.1,1.3,14.9,88
2016-06-04,Paris,Europe,48.86,2.35,19.0,11.8,15.3,0.0,12.4,85
2016-06-05,Paris,Europe,48.86,2.35,21.2,13.7,16.8,0.4,11.4,86
2016-06-06,Paris,Europe,48.86,2.35,23.7,13.1,18.4,3.0,6.4,87
2016-06-07,Paris,Europe,48.86,2.35,25.0,13.8,19.4,0.3,16.3,86
2016-06-08,Paris,Europe,48.86,2.35,23.1,14.2,18.7,0.7,14.1,81
2016-06-09,Paris,Europe,48.86,2.35,21.8,11.0,16.8,0.0,11.8,77
2016-06-10,Paris,Europe,48.86,2.35,22.0,12.4,17.8,0.2,7.9,76
2016-06-11,Paris,Europe,48.86,2.35,20.4,14.9,17.6,4.7,9.3,83
2016-06-12,Paris,Europe,48.86,2.35,18.1,13.8,16.0,6.0,18.0,87
2016-06-13,Paris,Europe,48.86,2.35,17.4,12.5,15.3,1.7,19.1,82
2016-06-14,Paris,Europe,48.86,2.35,18.7,12.6,15.3,6.0,21.1,83
2016-06-15,Paris,Europe,48.86,2.35,18.9,11.5,14.6,9.6,14.6,85
2016-06-16,Paris,Europe,48.86,2.35,19.0,10.3,14.7,6.9,10.8,85
2016-06-17,Paris,Europe,48.86,2.35,19.3,11.4,15.2,3.9,18.1,85
2016-06-18,Paris,Europe,48.86,2.35,19.3,9.9,14.7,5.3,17.6,84
2016-06-19,Paris,Europe,48.86,2.35,19.6,12.6,16.0,0.9,8.9,77
2016-06-20,Paris,Europe,48.86,2.35,15.9,14.5,15.3,8.2,24.8,89
2016-06-21,Paris,Europe,48.86,2.35,21.6,15.2,17.8,1.4,15.3,89
2016-06-22,Paris,Europe,48.86,2.35,27.6,16.5,22.4,0.3,13.1,80
2016-06-23,Paris,Europe,48.86,2.35,29.2,20.0,24.2,1.4,13.7,79
2016-06-24,Paris,Europe,48.86,2.35,22.9,16.5,19.9,0.0,12.9,75
2016-06-25,Paris,Europe,48.86,2.35,19.7,14.0,16.8,1.1,16.3,71
2016-06-26,Paris,Europe,48.86,2.35,19.2,11.5,15.7,1.9,16.1,76
2016-06-27,Paris,Europe,48.86,2.35,19.9,12.5,16.7,1.4,18.9,80
2016-06-28,Paris,Europe,48.86,2.35,20.2,11.8,16.7,0.3,18.9,78
2016-06-29,Paris,Europe,48.86,2.35,21.5,13.4,17.7,0.0,20.2,67
2016-06-30,Paris,Europe,48.86,2.35,21.7,15.3,18.2,1.6,22.4,77
2016-07-01,Paris,Europe,48.86,2.35,20.9,15.3,18.2,1.7,26.5,80
2016-07-02,Paris,Europe,48.86,2.35,18.4,13.3,15.9,0.9,19.9,67
2016-07-03,Paris,Europe,48.86,2.35,15.8,12.7,14.6,1.2,12.3,80
2016-07-04,Paris,Europe,48.86,2.35,20.8,14.6,17.6,0.3,9.7,80
2016-07-05,Paris,Europe,48.86,2.35,21.0,15.4,18.1,0.4,16.5,75
2016-07-06,Paris,Europe,48.86,2.35,21.7,10.9,17.0,0.0,8.5,71
2016-07-07,Paris,Europe,48.86,2.35,25.1,11.6,19.2,0.0,9.4,69
2016-07-08,Paris,Europe,48.86,2.35,26.4,13.1,20.3,0.0,17.4,71
2016-07-09,Paris,Europe,48.86,2.35,25.6,13.3,20.0,0.0,9.9,75
2016-07-10,Paris,Europe,48.86,2.35,27.5,15.5,22.2,0.0,19.7,68
2016-07-11,Paris,Europe,48.86,2.35,22.0,17.0,19.7,0.0,22.6,66
2016-07-12,Paris,Europe,48.86,2.35,21.0,14.1,17.4,6.5,14.6,73
2016-07-13,Paris,Europe,48.86,2.35,18.5,12.8,15.6,3.0,18.9,73
2016-07-14,Paris,Europe,48.86,2.35,19.2,11.6,15.4,1.0,16.8,72
2016-07-15,Paris,Europe,48.86,2.35,21.5,9.9,16.5,0.0,9.8,68
2016-07-16,Paris,Europe,48.86,2.35,23.0,13.9,18.9,0.1,9.8,75
2016-07-17,Paris,Europe,48.86,2.35,26.2,15.5,21.4,0.0,9.4,73
2016-07-18,Paris,Europe,48.86,2.35,28.6,15.4,22.8,0.0,9.5,71
2016-07-19,Paris,Europe,48.86,2.35,32.0,17.1,25.3,0.0,15.2,63
2016-07-20,Paris,Europe,48.86,2.35,29.5,21.4,25.2,1.7,15.3,62
2016-07-21,Paris,Europe,48.86,2.35,26.2,17.2,21.7,0.0,13.7,69
2016-07-22,Paris,Europe,48.86,2.35,24.2,17.5,20.7,0.4,15.3,70
2016-07-23,Paris,Europe,48.86,2.35,26.0,15.8,21.1,0.0,15.3,66
2016-07-24,Paris,Europe,48.86,2.35,25.0,14.2,20.6,0.0,10.9,69
2016-07-25,Paris,Europe,48.86,2.35,24.4,18.5,21.6,1.3,13.0,72
2016-07-26,Paris,Europe,48.86,2.35,23.5,15.1,19.4,0.4,15.9,66
2016-07-27,Paris,Europe,48.86,2.35,22.9,13.6,19.2,0.0,13.5,69
2016-07-28,Paris,Europe,48.86,2.35,24.0,17.5,20.6,5.2,17.5,72
2016-07-29,Paris,Europe,48.86,2.35,23.0,18.1,20.9,1.6,23.4,72
2016-07-30,Paris,Europe,48.86,2.35,23.3,16.3,19.8,0.0,11.9,69
2016-07-31,Paris,Europe,48.86,2.35,23.0,16.1,19.1,0.3,13.5,71
2016-08-01,Paris,Europe,48.86,2.35,23.0,13.0,18.6,0.0,12.7,63
2016-08-02,Paris,Europe,48.86,2.35,22.1,16.0,19.3,2.9,23.8,71
2016-08-03,Paris,Europe,48.86,2.35,24.9,17.6,21.0,0.0,24.3,71
2016-08-04,Paris,Europe,48.86,2.35,21.6,16.7,18.9,1.2,14.0,74
2016-08-05,Paris,Europe,48.86,2.35,21.2,12.8,17.4,0.2,17.6,73
2016-08-06,Paris,Europe,48.86,2.35,22.9,11.5,18.0,0.0,11.2,72
2016-08-07,Paris,Europe,48.86,2.35,27.5,13.2,20.9,0.0,10.3,69
2016-08-08,Paris,Europe,48.86,2.35,21.5,15.7,19.0,0.0,17.1,67
2016-08-09,Paris,Europe,48.86,2.35,21.4,12.4,17.1,0.0,18.4,61
2016-08-10,Paris,Europe,48.86,2.35,19.0,11.0,15.3,0.0,19.8,66
2016-08-11,Paris,Europe,48.86,2.35,22.0,9.3,16.1,0.0,17.0,69
2016-08-12,Paris,Europe,48.86,2.35,25.6,12.8,19.5,0.0,11.9,70
2016-08-13,Paris,Europe,48.86,2.35,27.3,12.1,20.2,0.0,10.8,66
2016-08-14,Paris,Europe,48.86,2.35,26.9,13.3,20.6,0.0,15.0,68
2016-08-15,Paris,Europe,48.86,2.35,27.6,14.6,21.3,0.0,17.4,64
2016-08-16,Paris,Europe,48.86,2.35,28.7,15.9,22.4,0.0,14.2,64
2016-08-17,Paris,Europe,48.86,2.35,29.4,16.0,23.0,0.0,10.7,57
2016-08-18,Paris,Europe,48.86,2.35,25.1,17.8,20.8,5.2,13.9,76
2016-08-19,Paris,Europe,48.86,2.35,25.1,15.4,19.4,4.3,20.5,81
2016-08-20,Paris,Europe,48.86,2.35,23.3,14.6,19.2,0.0,26.4,65
2016-08-21,Paris,Europe,48.86,2.35,21.8,15.1,18.0,0.0,22.9,59
2016-08-22,Paris,Europe,48.86,2.35,27.0,15.4,21.3,0.0,10.0,60
2016-08-23,Paris,Europe,48.86,2.35,31.1,16.4,23.9,0.0,15.5,58
2016-08-24,Paris,Europe,48.86,2.35,34.0,19.4,26.8,0.0,12.8,57
2016-08-25,Paris,Europe,48.86,2.35,35.3,19.1,27.9,0.0,8.7,56
2016-08-26,Paris,Europe,48.86,2.35,33.3,20.2,27.4,0.0,12.1,59
2016-08-27,Paris,Europe,48.86,2.35,33.7,20.4,26.9,0.8,14.8,61
2016-08-28,Paris,Europe,48.86,2.35,27.4,20.3,23.8,0.0,21.6,52
2016-08-29,Paris,Europe,48.86,2.35,23.8,18.8,20.8,1.4,14.9,65
2016-08-30,Paris,Europe,48.86,2.35,26.3,14.8,20.7,0.0,11.6,62
2016-08-31,Paris,Europe,48.86,2.35,27.9,16.6,22.1,0.0,14.0,57
2016-09-01,Paris,Europe,48.86,2.35,26.4,13.6,20.4,0.0,11.4,65
2016-09-02,Paris,Europe,48.86,2.35,28.5,14.6,21.8,0.0,10.5,62
2016-09-03,Paris,Europe,48.86,2.35,27.6,16.0,21.6,0.0,12.0,64
2016-09-04,Paris,Europe,48.86,2.35,21.7,18.2,20.1,1.0,21.1,72
2016-09-05,Paris,Europe,48.86,2.35,21.5,16.5,18.8,2.7,9.3,81
2016-09-06,Paris,Europe,48.86,2.35,23.9,18.6,20.9,0.0,9.6,81
2016-09-07,Paris,Europe,48.86,2.35,28.3,14.6,21.7,0.0,12.3,62
2016-09-08,Paris,Europe,48.86,2.35,26.0,13.9,20.0,0.0,18.3,66
2016-09-09,Paris,Europe,48.86,2.35,25.4,12.4,19.3,0.0,9.5,62
2016-09-10,Paris,Europe,48.86,2.35,26.4,13.7,20.2,0.0,13.5,59
2016-09-11,Paris,Europe,48.86,2.35,24.9,18.9,21.3,0.6,9.9,72
2016-09-12,Paris,Europe,48.86,2.35,30.3,18.1,24.2,0.0,10.7,61
2016-09-13,Paris,Europe,48.86,2.35,32.5,21.1,26.3,0.0,18.8,49
2016-09-14,Paris,Europe,48.86,2.35,28.8,19.7,24.6,0.0,21.4,53
2016-09-15,Paris,Europe,48.86,2.35,22.4,16.4,19.7,2.0,13.7,74
2016-09-16,Paris,Europe,48.86,2.35,21.5,14.6,17.0,8.4,23.7,78
2016-09-17,Paris,Europe,48.86,2.35,17.4,13.8,15.6,0.0,20.4,77
2016-09-18,Paris,Europe,48.86,2.35,21.5,11.6,16.8,0.2,19.5,80
2016-09-19,Paris,Europe,48.86,2.35,20.9,15.1,17.5,0.8,14.6,80
2016-09-20,Paris,Europe,48.86,2.35,20.4,13.1,16.7,0.1,11.0,76
2016-09-21,Paris,Europe,48.86,2.35,21.7,10.0,16.4,0.0,7.3,68
2016-09-22,Paris,Europe,48.86,2.35,22.2,10.6,17.0,0.0,7.2,70
2016-09-23,Paris,Europe,48.86,2.35,22.1,12.8,17.4,0.0,8.3,72
2016-09-24,Paris,Europe,48.86,2.35,24.2,11.1,17.5,0.0,17.6,64
2016-09-25,Paris,Europe,48.86,2.35,20.4,11.6,16.8,0.9,18.7,68
2016-09-26,Paris,Europe,48.86,2.35,19.4,10.6,14.6,0.0,9.4,70
2016-09-27,Paris,Europe,48.86,2.35,21.7,7.9,15.3,0.0,9.2,68
2016-09-28,Paris,Europe,48.86,2.35,23.7,14.1,18.4,0.2,13.7,72
2016-09-29,Paris,Europe,48.86,2.35,21.4,14.2,17.5,0.0,22.2,79
2016-09-30,Paris,Europe,48.86,2.35,19.7,13.0,15.9,6.1,10.5,77
2016-10-01,Paris,Europe,48.86,2.35,18.8,11.4,14.5,1.4,23.1,78
2016-10-02,Paris,Europe,48.86,2.35,16.8,9.4,12.7,0.0,19.6,71
2016-10-03,Paris,Europe,48.86,2.35,17.9,6.5,12.0,0.0,9.4,74
2016-10-04,Paris,Europe,48.86,2.35,19.0,9.1,13.6,0.0,20.9,75
2016-10-05,Paris,Europe,48.86,2.35,16.6,9.8,12.7,0.0,24.7,61
2016-10-06,Paris,Europe,48.86,2.35,15.2,6.8,11.0,0.0,23.9,60
2016-10-07,Paris,Europe,48.86,2.35,15.3,10.2,12.7,0.1,16.8,71
2016-10-08,Paris,Europe,48.86,2.35,16.2,10.0,12.6,0.0,14.3,74
2016-10-09,Paris,Europe,48.86,2.35,15.3,5.6,10.6,0.0,9.6,67
2016-10-10,Paris,Europe,48.86,2.35,14.4,4.0,9.0,0.3,12.0,77
2016-10-11,Paris,Europe,48.86,2.35,13.3,4.9,8.6,0.0,12.2,81
2016-10-12,Paris,Europe,48.86,2.35,14.4,3.9,9.3,0.0,16.6,73
2016-10-13,Paris,Europe,48.86,2.35,13.1,6.1,9.6,4.0,16.3,76
2016-10-14,Paris,Europe,48.86,2.35,14.5,8.8,11.5,8.6,12.1,89
2016-10-15,Paris,Europe,48.86,2.35,18.1,8.5,13.3,0.6,19.1,79
2016-10-16,Paris,Europe,48.86,2.35,21.0,9.5,14.6,1.1,15.8,76
2016-10-17,Paris,Europe,48.86,2.35,17.7,9.3,13.2,0.4,11.5,86
2016-10-18,Paris,Europe,48.86,2.35,15.4,7.3,11.2,0.4,22.2,85
2016-10-19,Paris,Europe,48.86,2.35,13.6,8.1,10.5,0.1,16.9,79
2016-10-20,Paris,Europe,48.86,2.35,14.2,8.0,10.5,0.3,16.3,82
2016-10-21,Paris,Europe,48.86,2.35,13.4,8.1,10.2,0.0,13.1,86
2016-10-22,Paris,Europe,48.86,2.35,12.7,5.0,8.4,0.0,9.0,89
2016-10-23,Paris,Europe,48.86,2.35,12.9,5.5,8.8,8.5,17.2,89
2016-10-24,Paris,Europe,48.86,2.35,13.2,8.8,11.0,5.8,7.1,98
2016-10-25,Paris,Europe,48.86,2.35,16.3,8.8,12.0,0.0,10.7,92
2016-10-26,Paris,Europe,48.86,2.35,15.9,8.8,12.1,0.0,8.6,86
2016-10-27,Paris,Europe,48.86,2.35,14.4,10.4,12.4,0.0,5.0,85
2016-10-28,Paris,Europe,48.86,2.35,14.9,9.7,12.2,0.0,6.2,85
2016-10-29,Paris,Europe,48.86,2.35,15.8,10.8,12.8,0.0,12.5,84
2016-10-30,Paris,Europe,48.86,2.35,16.4,8.0,11.4,0.0,13.3,84
2016-10-31,Paris,Europe,48.86,2.35,16.9,7.2,11.1,0.0,10.7,84
2016-11-01,Paris,Europe,48.86,2.35,11.7,5.4,8.7,0.0,9.1,95
2016-11-02,Paris,Europe,48.86,2.35,10.9,6.4,9.7,0.0,13.4,81
2016-11-03,Paris,Europe,48.86,2.35,10.7,2.7,6.1,0.0,9.7,82
2016-11-04,Paris,Europe,48.86,2.35,9.3,2.1,6.0,6.2,13.2,91
2016-11-05,Paris,Europe,48.86,2.35,10.7,5.6,8.5,2.5,13.9,83
2016-11-06,Paris,Europe,48.86,2.35,8.5,2.1,5.0,0.0,13.7,83
2016-11-07,Paris,Europe,48.86,2.35,5.1,1.5,3.5,2.2,16.5,93
2016-11-08,Paris,Europe,48.86,2.35,7.0,2.8,4.6,1.0,13.5,85
2016-11-09,Paris,Europe,48.86,2.35,9.6,5.1,7.4,12.0,31.1,87
2016-11-10,Paris,Europe,48.86,2.35,10.7,7.0,8.7,5.0,20.0,89
2016-11-11,Paris,Europe,48.86,2.35,8.8,1.3,6.0,0.0,18.8,82
2016-11-12,Paris,Europe,48.86,2.35,6.5,-1.5,3.0,5.5,16.3,85
2016-11-13,Paris,Europe,48.86,2.35,9.6,6.5,8.0,0.5,16.4,92
2016-11-14,Paris,Europe,48.86,2.35,8.8,5.9,7.4,0.0,13.0,89
2016-11-15,Paris,Europe,48.86,2.35,12.0,7.5,10.4,1.1,13.2,95
2016-11-16,Paris,Europe,48.86,2.35,12.9,11.6,12.1,2.0,20.3,94
2016-11-17,Paris,Europe,48.86,2.35,12.8,10.1,11.6,0.6,30.3,85
2016-11-18,Paris,Europe,48.86,2.35,11.7,6.6,9.3,3.2,34.0,74
2016-11-19,Paris,Europe,48.86,2.35,9.0,4.5,6.9,0.0,24.7,75
2016-11-20,Paris,Europe,48.86,2.35,12.7,8.0,11.3,6.9,41.7,78
2016-11-21,Paris,Europe,48.86,2.35,14.3,11.2,12.1,3.7,30.5,85
2016-11-22,Paris,Europe,48.86,2.35,12.0,5.9,9.8,0.3,27.7,81
2016-11-23,Paris,Europe,48.86,2.35,15.3,5.9,10.3,6.5,13.7,90
2016-11-24,Paris,Europe,48.86,2.35,13.0,8.5,10.4,0.1,19.2,84
2016-11-25,Paris,Europe,48.86,2.35,10.8,7.7,9.1,0.0,21.7,80
2016-11-26,Paris,Europe,48.86,2.35,9.8,5.4,7.5,0.0,7.9,90
2016-11-27,Paris,Europe,48.86,2.35,8.5,3.4,5.9,0.0,19.6,87
2016-11-28,Paris,Europe,48.86,2.35,5.9,0.9,4.1,0.0,22.5,68
2016-11-29,Paris,Europe,48.86,2.35,4.1,-2.7,0.1,0.0,18.9,64
2016-11-30,Paris,Europe,48.86,2.35,3.7,-3.8,-0.7,0.0,9.4,79
2016-12-01,Paris,Europe,48.86,2.35,4.9,-3.6,-0.4,0.0,10.2,86
2016-12-02,Paris,Europe,48.86,2.35,6.0,-2.2,2.4,0.0,10.7,96
2016-12-03,Paris,Europe,48.86,2.35,5.1,0.6,3.6,0.0,17.9,87
2016-12-04,Paris,Europe,48.86,2.35,6.7,-1.8,1.4,0.0,14.4,85
2016-12-05,Paris,Europe,48.86,2.35,9.1,-0.9,2.8,0.0,10.9,92
2016-12-06,Paris,Europe,48.86,2.35,6.9,-1.3,2.2,0.0,9.1,96
2016-12-07,Paris,Europe,48.86,2.35,10.0,0.6,4.0,0.0,11.3,92
2016-12-08,Paris,Europe,48.86,2.35,9.0,-0.3,3.6,0.0,13.6,89
2016-12-09,Paris,Europe,48.86,2.35,10.3,2.0,5.0,0.0,12.7,93
2016-12-10,Paris,Europe,48.86,2.35,8.4,0.9,4.5,0.0,15.6,97
2016-12-11,Paris,Europe,48.86,2.35,9.7,5.3,7.5,0.1,18.6,92
2016-12-12,Paris,Europe,48.86,2.35,5.1,2.1,4.0,0.6,11.8,94
2016-12-13,Paris,Europe,48.86,2.35,10.0,4.6,6.5,2.0,12.7,92
2016-12-14,Paris,Europe,48.86,2.35,8.5,1.4,4.1,0.0,11.3,90
2016-12-15,Paris,Europe,48.86,2.35,5.9,-0.7,2.7,0.0,10.7,98
2016-12-16,Paris,Europe,48.86,2.35,9.9,0.9,4.8,0.0,9.6,93
2016-12-17,Paris,Europe,48.86,2.35,5.1,0.3,3.2,0.0,8.4,98
2016-12-18,Paris,Europe,48.86,2.35,4.8,3.3,3.9,0.0,7.8,97
2016-12-19,Paris,Europe,48.86,2.35,6.3,3.1,4.5,0.0,16.7,89
2016-12-20,Paris,Europe,48.86,2.35,5.6,0.1,3.4,0.1,11.0,88
2016-12-21,Paris,Europe,48.86,2.35,6.5,1.4,4.0,1.9,18.5,86
2016-12-22,Paris,Europe,48.86,2.35,8.9,6.3,7.5,14.4,19.4,96
2016-12-23,Paris,Europe,48.86,2.35,6.0,3.2,4.9,0.0,20.8,96
2016-12-24,Paris,Europe,48.86,2.35,10.0,6.3,8.4,0.0,21.7,89
2016-12-25,Paris,Europe,48.86,2.35,10.0,5.1,8.0,0.0,17.7,91
2016-12-26,Paris,Europe,48.86,2.35,11.0,2.3,9.0,0.1,15.5,89
2016-12-27,Paris,Europe,48.86,2.35,6.3,-2.2,1.5,0.0,9.6,91
2016-12-28,Paris,Europe,48.86,2.35,6.3,-2.1,0.9,0.0,12.2,90
2016-12-29,Paris,Europe,48.86,2.35,4.6,-3.7,-0.8,0.0,10.5,91
2016-12-30,Paris,Europe,48.86,2.35,-1.2,-4.2,-3.0,0.0,5.6,97
2016-12-31,Paris,Europe,48.86,2.35,-2.3,-5.2,-3.6,0.0,7.9,96
2017-01-01,Paris,Europe,48.86,2.35,0.9,-4.2,-2.0,0.4,13.3,91
2017-01-02,Paris,Europe,48.86,2.35,2.4,-0.9,0.4,0.5,10.5,95
2017-01-03,Paris,Europe,48.86,2.35,2.5,-1.9,-0.1,0.0,13.2,95
2017-01-04,Paris,Europe,48.86,2.35,5.2,0.3,3.4,0.2,19.7,89
2017-01-05,Paris,Europe,48.86,2.35,6.2,-1.0,1.4,0.1,11.3,88
2017-01-06,Paris,Europe,48.86,2.35,1.2,-5.2,-2.7,0.0,9.8,84
2017-01-07,Paris,Europe,48.86,2.35,3.5,-4.7,-0.9,0.1,11.2,83
2017-01-08,Paris,Europe,48.86,2.35,3.8,0.9,2.3,0.0,8.1,100
2017-01-09,Paris,Europe,48.86,2.35,7.4,2.0,5.0,3.2,20.8,97
2017-01-10,Paris,Europe,48.86,2.35,7.6,2.5,5.1,2.0,21.7,90
2017-01-11,Paris,Europe,48.86,2.35,10.2,2.7,7.0,1.1,23.2,90
2017-01-12,Paris,Europe,48.86,2.35,8.2,4.2,6.1,6.2,52.0,83
2017-01-13,Paris,Europe,48.86,2.35,4.4,0.2,2.3,2.6,35.7,80
2017-01-14,Paris,Europe,48.86,2.35,4.4,-1.3,1.5,1.0,22.3,86
2017-01-15,Paris,Europe,48.86,2.35,3.7,-2.2,0.9,5.2,12.3,94
2017-01-16,Paris,Europe,48.86,2.35,2.6,-1.2,1.5,0.0,10.0,92
2017-01-17,Paris,Europe,48.86,2.35,0.1,-5.3,-3.0,0.0,16.2,82
2017-01-18,Paris,Europe,48.86,2.35,1.6,-4.6,-2.4,0.0,19.9,64
2017-01-19,Paris,Europe,48.86,2.35,1.8,-4.2,-2.5,0.0,15.8,64
2017-01-20,Paris,Europe,48.86,2.35,1.6,-5.9,-3.1,0.0,13.4,71
2017-01-21,Paris,Europe,48.86,2.35,2.7,-6.8,-2.9,0.0,8.6,77
2017-01-22,Paris,Europe,48.86,2.35,4.9,-6.4,-2.9,0.0,12.4,79
2017-01-23,Paris,Europe,48.86,2.35,3.7,-4.9,-2.2,0.0,11.6,86
2017-01-24,Paris,Europe,48.86,2.35,1.0,-5.2,-2.0,0.2,10.5,93
2017-01-25,Paris,Europe,48.86,2.35,1.5,-5.7,-1.8,0.0,12.6,84
2017-01-26,Paris,Europe,48.86,2.35,3.6,-5.8,-2.2,0.0,12.9,72
2017-01-27,Paris,Europe,48.86,2.35,10.6,-1.8,4.1,0.7,17.8,74
2017-01-28,Paris,Europe,48.86,2.35,9.1,2.1,6.1,0.3,20.6,79
2017-01-29,Paris,Europe,48.86,2.35,7.2,1.4,4.5,4.9,22.7,91
2017-01-30,Paris,Europe,48.86,2.35,10.2,6.3,8.9,9.5,21.3,93
2017-01-31,Paris,Europe,48.86,2.35,11.1,8.4,9.6,2.1,11.3,98
2017-02-01,Paris,Europe,48.86,2.35,13.3,7.4,9.6,1.4,18.4,91
2017-02-02,Paris,Europe,48.86,2.35,12.6,7.7,9.7,3.3,20.4,85
2017-02-03,Paris,Europe,48.86,2.35,11.4,5.6,8.3,2.3,38.3,84
2017-02-04,Paris,Europe,48.86,2.35,7.8,2.7,5.5,9.0,26.2,89
2017-02-05,Paris,Europe,48.86,2.35,10.5,3.8,5.9,2.5,16.6,87
2017-02-06,Paris,Europe,48.86,2.35,8.7,4.1,6.1,0.0,22.9,82
2017-02-07,Paris,Europe,48.86,2.35,10.6,3.5,6.7,8.0,22.6,86
2017-02-08,Paris,Europe,48.86,2.35,8.1,1.5,4.6,0.2,16.2,85
2017-02-09,Paris,Europe,48.86,2.35,6.7,0.3,3.4,0.1,13.4,81
2017-02-10,Paris,Europe,48.86,2.35,2.8,-1.5,0.9,0.6,12.1,80
2017-02-11,Paris,Europe,48.86,2.35,2.2,-4.8,-1.0,0.8,8.6,87
2017-02-12,Paris,Europe,48.86,2.35,8.8,-2.3,3.0,2.1,19.0,89
2017-02-13,Paris,Europe,48.86,2.35,10.1,1.4,5.9,0.0,20.9,72
2017-02-14,Paris,Europe,48.86,2.35,12.4,2.7,7.3,0.0,17.3,75
2017-02-15,Paris,Europe,48.86,2.35,15.7,5.8,9.6,1.4,16.6,81
2017-02-16,Paris,Europe,48.86,2.35,13.1,4.9,8.2,1.2,9.7,90
2017-02-17,Paris,Europe,48.86,2.35,9.7,2.8,5.8,0.0,7.9,90
2017-02-18,Paris,Europe,48.86,2.35,11.4,-0.6,5.1,0.0,10.2,86
2017-02-19,Paris,Europe,48.86,2.35,12.1,-0.6,4.8,0.0,17.3,89
2017-02-20,Paris,Europe,48.86,2.35,12.1,6.2,9.5,0.0,18.6,86
2017-02-21,Paris,Europe,48.86,2.35,11.9,9.6,10.8,0.0,22.0,87
2017-02-22,Paris,Europe,48.86,2.35,12.6,9.2,10.7,0.0,29.8,77
2017-02-23,Paris,Europe,48.86,2.35,11.2,6.9,9.5,0.3,42.3,74
2017-02-24,Paris,Europe,48.86,2.35,8.4,0.3,5.4,0.3,20.6,72
2017-02-25,Paris,Europe,48.86,2.35,10.6,-1.3,4.6,0.0,18.9,74
2017-02-26,Paris,Europe,48.86,2.35,12.5,4.4,8.3,1.7,22.0,79
2017-02-27,Paris,Europe,48.86,2.35,11.1,5.5,9.0,8.9,44.2,81
2017-02-28,Paris,Europe,48.86,2.35,7.8,3.8,5.5,4.3,29.3,77
2017-03-01,Paris,Europe,48.86,2.35,10.9,5.6,7.9,10.4,29.5,84
2017-03-02,Paris,Europe,48.86,2.35,11.9,4.7,7.6,0.0,26.5,69
2017-03-03,Paris,Europe,48.86,2.35,15.6,4.8,9.5,2.5,17.6,75
2017-03-04,Paris,Europe,48.86,2.35,11.0,5.6,8.5,21.8,22.9,87
2017-03-05,Paris,Europe,48.86,2.35,9.9,4.1,6.4,6.9,30.8,82
2017-03-06,Paris,Europe,48.86,2.35,7.5,4.8,6.3,7.5,30.2,79
2017-03-07,Paris,Europe,48.86,2.35,9.6,3.5,6.5,0.7,20.9,77
2017-03-08,Paris,Europe,48.86,2.35,13.9,4.0,10.1,2.3,28.2,88
2017-03-09,Paris,Europe,48.86,2.35,13.6,11.1,12.0,0.0,21.6,88
2017-03-10,Paris,Europe,48.86,2.35,12.2,5.4,8.8,0.0,10.9,89
2017-03-11,Paris,Europe,48.86,2.35,16.1,1.4,7.9,0.0,12.0,80
2017-03-12,Paris,Europe,48.86,2.35,16.5,4.5,9.7,0.0,16.3,79
2017-03-13,Paris,Europe,48.86,2.35,14.2,5.4,9.8,0.1,19.5,82
2017-03-14,Paris,Europe,48.86,2.35,13.6,1.5,8.3,0.0,12.4,84
2017-03-15,Paris,Europe,48.86,2.35,14.4,7.6,10.7,0.0,12.2,81
2017-03-16,Paris,Europe,48.86,2.35,18.9,3.9,10.9,0.0,10.7,80
2017-03-17,Paris,Europe,48.86,2.35,12.6,6.5,9.3,0.2,17.8,79
2017-03-18,Paris,Europe,48.86,2.35,13.2,7.2,10.5,1.1,28.5,79
2017-03-19,Paris,Europe,48.86,2.35,13.6,10.2,12.0,0.0,22.8,78
2017-03-20,Paris,Europe,48.86,2.35,12.4,8.9,10.6,0.0,27.1,75
2017-03-21,Paris,Europe,48.86,2.35,10.9,4.4,8.7,0.7,22.7,74
2017-03-22,Paris,Europe,48.86,2.35,12.1,3.0,7.3,3.0,27.7,77
2017-03-23,Paris,Europe,48.86,2.35,13.2,4.8,8.6,21.4,17.9,84
2017-03-24,Paris,Europe,48.86,2.35,13.8,4.6,9.4,2.6,19.8,84
2017-03-25,Paris,Europe,48.86,2.35,17.2,6.4,11.2,0.0,29.5,64
2017-03-26,Paris,Europe,48.86,2.35,16.8,5.7,11.5,0.0,14.2,66
2017-03-27,Paris,Europe,48.86,2.35,18.3,4.5,10.9,0.0,12.8,74
2017-03-28,Paris,Europe,48.86,2.35,16.6,6.9,11.9,0.2,17.7,75
2017-03-29,Paris,Europe,48.86,2.35,18.7,6.0,11.8,0.0,11.0,75
2017-03-30,Paris,Europe,48.86,2.35,21.8,7.6,14.5,0.0,18.0,70
2017-03-31,Paris,Europe,48.86,2.35,18.0,11.8,14.6,0.4,21.8,66
2017-04-01,Paris,Europe,48.86,2.35,15.0,7.7,11.4,0.2,14.8,73
2017-04-02,Paris,Europe,48.86,2.35,16.1,4.6,10.3,0.5,11.9,79
2017-04-03,Paris,Europe,48.86,2.35,18.1,4.6,11.7,0.0,9.3,75
2017-04-04,Paris,Europe,48.86,2.35,15.8,6.2,10.9,0.0,17.7,77
2017-04-05,Paris,Europe,48.86,2.35,14.9,7.9,10.9,0.0,19.1,74
2017-04-06,Paris,Europe,48.86,2.35,12.6,4.6,8.6,0.0,18.1,69
2017-04-07,Paris,Europe,48.86,2.35,17.0,2.6,9.7,0.0,10.0,77
2017-04-08,Paris,Europe,48.86,2.35,19.1,4.3,11.8,0.0,9.3,77
2017-04-09,Paris,Europe,48.86,2.35,23.4,5.2,14.1,0.0,10.2,72
2017-04-10,Paris,Europe,48.86,2.35,15.2,6.8,11.8,0.0,17.6,70
2017-04-11,Paris,Europe,48.86,2.35,15.3,4.2,10.0,0.0,10.7,65
2017-04-12,Paris,Europe,48.86,2.35,17.0,3.8,10.3,0.0,19.5,71
2017-04-13,Paris,Europe,48.86,2.35,13.8,5.8,10.4,0.5,12.7,78
2017-04-14,Paris,Europe,48.86,2.35,15.1,8.6,11.4,0.5,13.6,69
2017-04-15,Paris,Europe,48.86,2.35,15.1,6.5,10.2,1.8,18.8,79
2017-04-16,Paris,Europe,48.86,2.35,13.6,5.8,9.8,0.2,17.8,69
2017-04-17,Paris,Europe,48.86,2.35,12.9,5.6,9.6,0.3,24.8,73
2017-04-18,Paris,Europe,48.86,2.35,11.1,2.2,6.8,1.5,22.0,65
2017-04-19,Paris,Europe,48.86,2.35,11.2,1.9,6.4,0.0,22.7,59
2017-04-20,Paris,Europe,48.86,2.35,11.9,-1.0,6.0,0.0,10.9,58
2017-04-21,Paris,Europe,48.86,2.35,16.2,0.9,9.2,0.0,10.2,63
2017-04-22,Paris,Europe,48.86,2.35,15.3,4.9,10.1,0.5,16.6,76
2017-04-23,Paris,Europe,48.86,2.35,13.1,2.1,8.5,0.0,15.1,66
2017-04-24,Paris,Europe,48.86,2.35,16.0,1.7,9.7,0.0,16.9,62
2017-04-25,Paris,Europe,48.86,2.35,11.3,5.3,8.3,0.6,19.4,56
2017-04-26,Paris,Europe,48.86,2.35,10.6,0.6,5.8,2.1,21.0,65
2017-04-27,Paris,Europe,48.86,2.35,11.3,0.7,6.3,0.8,23.2,65
2017-04-28,Paris,Europe,48.86,2.35,14.2,2.9,8.1,2.2,15.8,73
2017-04-29,Paris,Europe,48.86,2.35,15.9,3.9,10.4,0.0,17.0,66
2017-04-30,Paris,Europe,48.86,2.35,18.7,7.3,12.0,8.4,27.0,60
2017-05-01,Paris,Europe,48.86,2.35,14.9,6.6,10.5,1.8,30.9,65
2017-05-02,Paris,Europe,48.86,2.35,16.5,6.2,11.1,1.5,17.2,71
2017-05-03,Paris,Europe,48.86,2.35,12.3,7.6,9.9,6.4,12.6,85
2017-05-04,Paris,Europe,48.86,2.35,16.5,4.8,10.8,2.8,11.5,81
2017-05-05,Paris,Europe,48.86,2.35,17.1,6.1,12.3,0.0,21.1,75
2017-05-06,Paris,Europe,48.86,2.35,15.9,10.3,12.3,2.7,14.8,81
2017-05-07,Paris,Europe,48.86,2.35,14.6,9.4,11.5,1.9,19.3,82
2017-05-08,Paris,Europe,48.86,2.35,12.0,6.4,9.9,0.0,17.3,78
2017-05-09,Paris,Europe,48.86,2.35,15.6,5.2,10.7,0.0,16.8,66
2017-05-10,Paris,Europe,48.86,2.35,20.3,3.7,12.8,0.0,16.3,66
2017-05-11,Paris,Europe,48.86,2.35,20.6,11.0,15.3,3.6,19.4,76
2017-05-12,Paris,Europe,48.86,2.35,18.4,10.9,14.7,6.2,19.7,83
2017-05-13,Paris,Europe,48.86,2.35,18.8,11.2,15.0,0.1,20.4,72
2017-05-14,Paris,Europe,48.86,2.35,18.5,9.8,14.2,1.4,18.7,71
2017-05-15,Paris,Europe,48.86,2.35,23.1,9.1,16.4,0.0,14.5,69
2017-05-16,Paris,Europe,48.86,2.35,26.4,14.1,20.2,0.0,13.1,62
2017-05-17,Paris,Europe,48.86,2.35,28.0,13.0,20.3,1.8,20.7,69
2017-05-18,Paris,Europe,48.86,2.35,20.8,10.2,15.8,12.1,33.1,86
2017-05-19,Paris,Europe,48.86,2.35,15.1,8.8,11.5,10.7,18.9,76
2017-05-20,Paris,Europe,48.86,2.35,17.1,6.0,12.5,0.7,15.1,72
2017-05-21,Paris,Europe,48.86,2.35,20.5,8.4,14.8,0.0,13.5,70
2017-05-22,Paris,Europe,48.86,2.35,24.5,9.5,17.9,0.0,10.8,64
2017-05-23,Paris,Europe,48.86,2.35,23.2,12.6,17.7,0.0,16.9,74
2017-05-24,Paris,Europe,48.86,2.35,22.2,12.1,17.2,0.2,15.5,79
2017-05-25,Paris,Europe,48.86,2.35,25.6,13.6,19.7,0.0,17.8,65
2017-05-26,Paris,Europe,48.86,2.35,27.5,14.6,21.4,0.0,22.0,56
2017-05-27,Paris,Europe,48.86,2.35,30.0,16.6,23.2,0.3,14.1,65
2017-05-28,Paris,Europe,48.86,2.35,30.5,16.2,23.2,0.6,12.9,68
2017-05-29,Paris,Europe,48.86,2.35,29.1,18.6,23.0,7.2,16.2,72
2017-05-30,Paris,Europe,48.86,2.35,21.6,15.1,18.6,0.5,18.4,73
2017-05-31,Paris,Europe,48.86,2.35,22.8,10.9,17.5,0.0,13.9,69
2017-06-01,Paris,Europe,48.86,2.35,26.0,13.4,20.4,0.0,17.0,65
2017-06-02,Paris,Europe,48.86,2.35,27.0,16.4,21.4,6.9,11.2,73
2017-06-03,Paris,Europe,48.86,2.35,19.5,13.5,17.1,3.2,18.1,79
2017-06-04,Paris,Europe,48.86,2.35,19.9,9.8,15.1,0.1,14.8,62
2017-06-05,Paris,Europe,48.86,2.35,22.2,10.8,17.5,0.2,23.9,57
2017-06-06,Paris,Europe,48.86,2.35,17.5,12.6,14.6,8.4,36.6,63
2017-06-07,Paris,Europe,48.86,2.35,19.0,10.7,14.9,0.4,32.3,57
2017-06-08,Paris,Europe,48.86,2.35,26.5,10.8,18.9,1.6,21.2,63
2017-06-09,Paris,Europe,48.86,2.35,21.5,14.1,18.2,8.5,18.4,69
2017-06-10,Paris,Europe,48.86,2.35,26.0,12.5,19.8,0.0,12.2,62
2017-06-11,Paris,Europe,48.86,2.35,28.5,14.3,21.6,1.2,20.3,62
2017-06-12,Paris,Europe,48.86,2.35,20.5,12.9,17.0,0.0,13.9,62
2017-06-13,Paris,Europe,48.86,2.35,23.5,10.3,17.4,0.0,13.0,65
2017-06-14,Paris,Europe,48.86,2.35,27.4,14.6,21.6,0.0,11.6,60
2017-06-15,Paris,Europe,48.86,2.35,27.8,17.2,22.4,0.0,20.3,63
2017-06-16,Paris,Europe,48.86,2.35,22.6,12.9,17.9,0.0,17.3,61
2017-06-17,Paris,Europe,48.86,2.35,26.5,12.3,20.2,0.0,14.8,63
2017-06-18,Paris,Europe,48.86,2.35,29.8,16.1,23.6,0.0,19.0,57
2017-06-19,Paris,Europe,48.86,2.35,32.4,16.1,25.3,0.0,9.8,51
2017-06-20,Paris,Europe,48.86,2.35,33.2,18.2,26.6,0.0,13.8,50
2017-06-21,Paris,Europe,48.86,2.35,35.5,20.1,28.1,2.3,12.4,51
2017-06-22,Paris,Europe,48.86,2.35,34.1,20.1,26.3,1.4,25.0,57
2017-06-23,Paris,Europe,48.86,2.35,23.4,15.9,19.8,0.0,15.7,61
2017-06-24,Paris,Europe,48.86,2.35,24.5,14.9,20.3,0.0,18.4,55
2017-06-25,Paris,Europe,48.86,2.35,25.6,17.0,21.1,0.0,20.1,61
2017-06-26,Paris,Europe,48.86,2.35,27.2,15.4,21.6,0.0,16.1,63
2017-06-27,Paris,Europe,48.86,2.35,25.5,18.2,20.8,2.3,12.6,75
2017-06-28,Paris,Europe,48.86,2.35,22.8,16.1,18.7,4.7,20.5,81
2017-06-29,Paris,Europe,48.86,2.35,20.8,14.9,17.4,1.6,21.0,69
2017-06-30,Paris,Europe,48.86,2.35,19.4,14.6,16.6,4.4,20.0,75
2017-07-01,Paris,Europe,48.86,2.35,20.0,13.9,16.1,4.2,19.6,82
2017-07-02,Paris,Europe,48.86,2.35,21.2,12.2,16.7,0.8,19.1,79
2017-07-03,Paris,Europe,48.86,2.35,23.6,12.6,18.0,0.1,15.5,71
2017-07-04,Paris,Europe,48.86,2.35,26.0,12.4,19.4,0.0,8.8,71
2017-07-05,Paris,Europe,48.86,2.35,30.4,14.8,23.1,0.0,11.3,64
2017-07-06,Paris,Europe,48.86,2.35,32.0,19.0,25.5,2.1,17.9,62
2017-07-07,Paris,Europe,48.86,2.35,31.2,19.2,24.8,0.0,14.8,60
2017-07-08,Paris,Europe,48.86,2.35,28.9,17.1,23.3,0.0,13.7,56
2017-07-09,Paris,Europe,48.86,2.35,27.0,18.5,22.5,6.5,16.0,67
2017-07-10,Paris,Europe,48.86,2.35,22.9,17.0,19.3,5.0,16.4,79
2017-07-11,Paris,Europe,48.86,2.35,23.6,14.4,19.1,1.5,20.7,67
2017-07-12,Paris,Europe,48.86,2.35,22.6,17.1,19.6,6.4,24.8,70
2017-07-13,Paris,Europe,48.86,2.35,22.4,14.4,17.6,1.5,14.5,69
2017-07-14,Paris,Europe,48.86,2.35,23.3,14.9,18.5,0.1,24.9,61
2017-07-15,Paris,Europe,48.86,2.35,25.3,12.0,19.0,0.0,13.3,63
2017-07-16,Paris,Europe,48.86,2.35,27.4,17.1,21.5,2.4,15.8,67
2017-07-17,Paris,Europe,48.86,2.35,28.9,15.6,22.8,0.0,15.8,66
2017-07-18,Paris,Europe,48.86,2.35,33.2,18.6,25.5,2.7,17.3,59
2017-07-19,Paris,Europe,48.86,2.35,30.6,21.0,24.9,2.5,22.5,62
2017-07-20,Paris,Europe,48.86,2.35,22.6,17.0,20.0,1.7,28.6,66
2017-07-21,Paris,Europe,48.86,2.35,27.9,13.8,19.9,0.0,21.2,54
2017-07-22,Paris,Europe,48.86,2.35,21.4,16.5,18.7,2.4,17.9,63
2017-07-23,Paris,Europe,48.86,2.35,21.5,13.9,17.5,4.6,26.6,64
2017-07-24,Paris,Europe,48.86,2.35,20.0,14.0,16.4,4.0,24.9,80
2017-07-25,Paris,Europe,48.86,2.35,21.0,14.6,17.7,1.2,21.0,72
2017-07-26,Paris,Europe,48.86,2.35,23.6,12.3,18.4,0.5,20.4,75
2017-07-27,Paris,Europe,48.86,2.35,21.3,16.8,18.7,1.9,18.4,73
2017-07-28,Paris,Europe,48.86,2.35,22.5,15.4,19.2,0.0,23.2,61
2017-07-29,Paris,Europe,48.86,2.35,27.1,17.5,21.8,1.8,23.8,64
2017-07-30,Paris,Europe,48.86,2.35,24.8,18.4,21.4,0.2,26.3,59
2017-07-31,Paris,Europe,48.86,2.35,25.0,14.2,19.6,0.9,15.7,63
2017-08-01,Paris,Europe,48.86,2.35,26.2,15.2,19.9,0.9,14.6,66
2017-08-02,Paris,Europe,48.86,2.35,28.0,15.9,21.2,0.0,16.6,55
2017-08-03,Paris,Europe,48.86,2.35,26.5,18.5,22.0,3.0,26.8,55
2017-08-04,Paris,Europe,48.86,2.35,25.4,17.2,20.7,1.2,20.9,60
2017-08-05,Paris,Europe,48.86,2.35,22.6,15.2,19.1,4.4,23.2,66
2017-08-06,Paris,Europe,48.86,2.35,23.5,11.2,17.6,0.0,11.9,60
2017-08-07,Paris,Europe,48.86,2.35,26.4,11.6,19.7,0.0,14.3,49
2017-08-08,Paris,Europe,48.86,2.35,19.6,14.1,16.4,9.7,20.8,77
2017-08-09,Paris,Europe,48.86,2.35,19.1,11.9,15.0,7.7,8.8,80
2017-08-10,Paris,Europe,48.86,2.35,20.0,10.8,15.0,1.5,12.8,79
2017-08-11,Paris,Europe,48.86,2.35,21.2,11.8,16.2,0.7,19.9,75
2017-08-12,Paris,Europe,48.86,2.35,20.6,13.8,17.0,1.5,21.2,77
2017-08-13,Paris,Europe,48.86,2.35,21.7,12.1,17.4,0.0,10.3,69
2017-08-14,Paris,Europe,48.86,2.35,26.9,11.4,19.6,0.0,15.1,62
2017-08-15,Paris,Europe,48.86,2.35,25.5,18.5,21.6,1.2,21.3,68
2017-08-16,Paris,Europe,48.86,2.35,24.5,12.9,19.2,0.0,11.3,71
2017-08-17,Paris,Europe,48.86,2.35,23.2,16.2,19.5,8.1,24.8,80
2017-08-18,Paris,Europe,48.86,2.35,21.2,14.2,18.4,21.9,18.0,81
2017-08-19,Paris,Europe,48.86,2.35,19.8,11.8,16.0,1.2,22.0,68
2017-08-20,Paris,Europe,48.86,2.35,20.8,10.8,16.1,0.0,10.4,68
2017-08-21,Paris,Europe,48.86,2.35,22.9,15.6,18.8,0.2,11.0,72
2017-08-22,Paris,Europe,48.86,2.35,27.4,15.2,20.8,0.0,12.3,80
2017-08-23,Paris,Europe,48.86,2.35,28.5,15.8,21.4,0.2,23.9,72
2017-08-24,Paris,Europe,48.86,2.35,23.9,13.6,19.0,1.4,11.0,71
2017-08-25,Paris,Europe,48.86,2.35,23.0,15.6,19.3,16.1,12.1,84
2017-08-26,Paris,Europe,48.86,2.35,27.2,16.6,21.4,0.0,10.9,79
2017-08-27,Paris,Europe,48.86,2.35,27.6,17.5,22.2,0.0,9.8,74
2017-08-28,Paris,Europe,48.86,2.35,29.5,16.4,23.0,0.0,9.8,73
2017-08-29,Paris,Europe,48.86,2.35,32.5,16.7,25.2,0.0,9.2,65
2017-08-30,Paris,Europe,48.86,2.35,24.1,14.7,19.6,4.7,18.7,82
2017-08-31,Paris,Europe,48.86,2.35,20.0,12.0,15.8,1.5,18.4,73
2017-09-01,Paris,Europe,48.86,2.35,21.0,13.1,16.3,0.4,17.1,68
2017-09-02,Paris,Europe,48.86,2.35,20.4,11.8,15.3,0.7,17.7,73
2017-09-03,Paris,Europe,48.86,2.35,21.3,9.8,16.0,0.0,11.5,65
2017-09-04,Paris,Europe,48.86,2.35,23.1,15.7,19.1,0.0,11.5,69
2017-09-05,Paris,Europe,48.86,2.35,22.5,16.6,19.8,0.4,21.5,76
2017-09-06,Paris,Europe,48.86,2.35,20.0,14.8,17.3,0.2,22.1,66
2017-09-07,Paris,Europe,48.86,2.35,20.1,12.9,16.5,0.7,18.7,70
2017-09-08,Paris,Europe,48.86,2.35,18.8,13.6,16.3,10.7,31.6,81
2017-09-09,Paris,Europe,48.86,2.35,17.1,11.8,14.5,4.5,22.3,79
2017-09-10,Paris,Europe,48.86,2.35,19.1,10.6,15.0,1.6,27.3,72
2017-09-11,Paris,Europe,48.86,2.35,17.9,12.4,15.0,1.0,30.9,71
2017-09-12,Paris,Europe,48.86,2.35,17.9,11.9,14.9,0.2,24.2,70
2017-09-13,Paris,Europe,48.86,2.35,19.0,14.4,16.2,27.5,36.5,81
2017-09-14,Paris,Europe,48.86,2.35,15.9,11.3,13.4,6.7,33.1,71
2017-09-15,Paris,Europe,48.86,2.35,15.5,8.9,11.7,0.9,16.4,81
2017-09-16,Paris,Europe,48.86,2.35,14.8,6.1,10.6,4.2,8.3,84
2017-09-17,Paris,Europe,48.86,2.35,16.0,7.8,11.2,5.3,9.1,87
2017-09-18,Paris,Europe,48.86,2.35,16.9,7.3,11.5,3.8,17.9,83
2017-09-19,Paris,Europe,48.86,2.35,16.9,9.3,12.4,6.6,14.2,79
2017-09-20,Paris,Europe,48.86,2.35,17.3,6.3,12.1,0.1,9.0,79
2017-09-21,Paris,Europe,48.86,2.35,20.1,7.9,14.2,0.0,13.6,73
2017-09-22,Paris,Europe,48.86,2.35,18.7,9.9,14.2,0.2,11.4,80
2017-09-23,Paris,Europe,48.86,2.35,19.9,7.1,13.4,0.0,9.8,78
2017-09-24,Paris,Europe,48.86,2.35,21.8,9.4,15.3,0.0,10.8,78
2017-09-25,Paris,Europe,48.86,2.35,19.8,13.5,16.2,0.0,10.2,77
2017-09-26,Paris,Europe,48.86,2.35,20.2,14.2,16.3,1.0,8.8,86
2017-09-27,Paris,Europe,48.86,2.35,19.1,11.1,15.2,0.0,14.1,85
2017-09-28,Paris,Europe,48.86,2.35,19.9,14.4,17.2,1.7,13.0,84
2017-09-29,Paris,Europe,48.86,2.35,24.1,14.6,18.7,4.3,15.6,81
2017-09-30,Paris,Europe,48.86,2.35,17.9,13.1,15.6,0.9,15.1,73
2017-10-01,Paris,Europe,48.86,2.35,15.5,12.1,13.9,7.2,21.0,88
2017-10-02,Paris,Europe,48.86,2.35,19.5,15.1,17.2,2.0,25.2,82
2017-10-03,Paris,Europe,48.86,2.35,16.1,11.6,13.9,3.8,16.1,75
2017-10-04,Paris,Europe,48.86,2.35,17.2,7.6,12.2,0.0,13.0,78
2017-10-05,Paris,Europe,48.86,2.35,17.9,9.4,12.8,1.7,29.1,83
2017-10-06,Paris,Europe,48.86,2.35,15.4,6.9,11.0,0.1,20.6,75
2017-10-07,Paris,Europe,48.86,2.35,15.8,5.1,10.9,2.4,21.2,76
2017-10-08,Paris,Europe,48.86,2.35,16.5,12.3,14.0,0.7,18.4,85
2017-10-09,Paris,Europe,48.86,2.35,17.8,9.1,13.4,0.0,12.4,80
2017-10-10,Paris,Europe,48.86,2.35,17.4,13.8,15.1,2.5,17.5,81
2017-10-11,Paris,Europe,48.86,2.35,18.9,12.6,15.6,0.6,20.6,75
2017-10-12,Paris,Europe,48.86,2.35,19.6,13.7,16.1,0.8,17.2,82
2017-10-13,Paris,Europe,48.86,2.35,21.2,11.6,16.2,0.0,10.3,83
2017-10-14,Paris,Europe,48.86,2.35,21.9,9.4,15.5,0.0,10.0,84
2017-10-15,Paris,Europe,48.86,2.35,23.1,10.9,16.4,0.1,16.2,81
2017-10-16,Paris,Europe,48.86,2.35,24.9,14.1,18.7,0.0,16.6,78
2017-10-17,Paris,Europe,48.86,2.35,22.0,11.9,16.3,0.0,9.4,88
2017-10-18,Paris,Europe,48.86,2.35,20.6,11.9,15.3,0.0,12.2,82
2017-10-19,Paris,Europe,48.86,2.35,21.5,11.7,16.4,0.1,26.2,76
2017-10-20,Paris,Europe,48.86,2.35,16.0,10.8,13.9,5.8,26.6,70
2017-10-21,Paris,Europe,48.86,2.35,17.1,11.1,14.6,1.5,29.7,68
2017-10-22,Paris,Europe,48.86,2.35,13.1,9.9,11.2,1.4,28.2,69
2017-10-23,Paris,Europe,48.86,2.35,14.1,9.9,12.1,4.3,19.8,86
2017-10-24,Paris,Europe,48.86,2.35,19.0,13.4,15.3,2.9,15.3,90
2017-10-25,Paris,Europe,48.86,2.35,18.6,10.9,14.6,0.0,11.5,87
2017-10-26,Paris,Europe,48.86,2.35,14.8,9.2,12.2,0.1,6.3,97
2017-10-27,Paris,Europe,48.86,2.35,16.1,7.6,12.3,0.9,15.9,84
2017-10-28,Paris,Europe,48.86,2.35,14.1,4.7,9.8,0.0,19.8,81
2017-10-29,Paris,Europe,48.86,2.35,15.1,9.1,12.4,1.1,24.4,81
2017-10-30,Paris,Europe,48.86,2.35,11.9,5.2,8.1,0.0,16.3,77
2017-10-31,Paris,Europe,48.86,2.35,11.8,2.3,6.6,0.0,10.2,86
2017-11-01,Paris,Europe,48.86,2.35,14.3,4.2,8.2,0.0,12.3,80
2017-11-02,Paris,Europe,48.86,2.35,14.1,7.3,10.9,0.1,12.6,85
2017-11-03,Paris,Europe,48.86,2.35,15.9,8.9,11.7,0.0,10.5,86
2017-11-04,Paris,Europe,48.86,2.35,14.9,9.9,12.0,2.0,26.3,89
2017-11-05,Paris,Europe,48.86,2.35,10.4,4.8,7.7,3.0,23.0,80
2017-11-06,Paris,Europe,48.86,2.35,10.6,3.2,5.9,0.0,14.0,78
2017-11-07,Paris,Europe,48.86,2.35,9.2,-1.0,3.6,0.0,8.8,82
2017-11-08,Paris,Europe,48.86,2.35,7.7,0.9,4.7,0.6,8.3,81
2017-11-09,Paris,Europe,48.86,2.35,10.9,4.6,7.5,0.0,11.4,81
2017-11-10,Paris,Europe,48.86,2.35,12.3,8.2,10.0,0.6,21.0,87
2017-11-11,Paris,Europe,48.86,2.35,12.8,7.8,10.8,8.4,28.3,89
2017-11-12,Paris,Europe,48.86,2.35,12.0,5.6,8.7,12.6,35.1,83
2017-11-13,Paris,Europe,48.86,2.35,9.1,3.7,6.5,0.0,24.9,76
2017-11-14,Paris,Europe,48.86,2.35,10.4,0.9,5.7,0.0,8.4,83
2017-11-15,Paris,Europe,48.86,2.35,9.6,6.4,7.4,0.2,7.3,88
2017-11-16,Paris,Europe,48.86,2.35,10.3,4.9,7.0,0.0,6.6,88
2017-11-17,Paris,Europe,48.86,2.35,10.6,3.2,7.7,0.0,8.2,91
2017-11-18,Paris,Europe,48.86,2.35,8.9,2.5,5.9,0.3,18.3,88
2017-11-19,Paris,Europe,48.86,2.35,9.9,3.3,7.7,0.0,20.5,80
2017-11-20,Paris,Europe,48.86,2.35,10.6,2.0,7.3,0.3,22.5,89
2017-11-21,Paris,Europe,48.86,2.35,10.6,8.6,9.7,0.6,17.7,88
2017-11-22,Paris,Europe,48.86,2.35,13.8,6.9,10.6,0.0,23.3,74
2017-11-23,Paris,Europe,48.86,2.35,15.1,10.4,13.2,2.4,34.9,72
2017-11-24,Paris,Europe,48.86,2.35,12.9,8.0,10.7,2.3,28.3,86
2017-11-25,Paris,Europe,48.86,2.35,8.0,2.5,5.1,0.5,22.0,88
2017-11-26,Paris,Europe,48.86,2.35,7.7,1.9,4.2,0.0,19.4,80
2017-11-27,Paris,Europe,48.86,2.35,8.4,4.4,6.7,6.1,30.2,86
2017-11-28,Paris,Europe,48.86,2.35,9.2,1.6,6.3,10.1,26.9,89
2017-11-29,Paris,Europe,48.86,2.35,5.6,-0.1,2.4,0.9,16.2,92
2017-11-30,Paris,Europe,48.86,2.35,4.0,-0.1,2.2,1.5,18.8,88
2017-12-01,Paris,Europe,48.86,2.35,4.4,-0.2,2.0,0.2,17.4,85
2017-12-02,Paris,Europe,48.86,2.35,2.2,-0.7,0.6,0.0,10.8,88
2017-12-03,Paris,Europe,48.86,2.35,4.8,-2.3,1.3,1.6,11.7,92
2017-12-04,Paris,Europe,48.86,2.35,8.6,2.8,5.5,0.0,13.7,94
2017-12-05,Paris,Europe,48.86,2.35,8.6,3.2,5.4,0.1,8.4,94
2017-12-06,Paris,Europe,48.86,2.35,7.2,1.9,5.1,0.0,13.1,92
2017-12-07,Paris,Europe,48.86,2.35,9.8,2.2,5.1,5.3,35.0,91
2017-12-08,Paris,Europe,48.86,2.35,6.4,0.3,3.5,2.3,25.2,84
2017-12-09,Paris,Europe,48.86,2.35,4.7,-1.2,1.4,0.3,16.1,83
2017-12-10,Paris,Europe,48.86,2.35,10.6,1.5,6.3,14.2,36.6,86
2017-12-11,Paris,Europe,48.86,2.35,9.6,2.6,6.5,13.8,41.7,85
2017-12-12,Paris,Europe,48.86,2.35,5.6,-0.2,2.5,0.6,18.1,84
2017-12-13,Paris,Europe,48.86,2.35,9.0,2.0,6.5,8.9,31.0,89
2017-12-14,Paris,Europe,48.86,2.35,7.2,4.0,5.6,3.2,37.0,79
2017-12-15,Paris,Europe,48.86,2.35,6.1,3.2,4.4,2.7,23.6,88
2017-12-16,Paris,Europe,48.86,2.35,5.7,1.4,3.7,0.5,21.4,85
2017-12-17,Paris,Europe,48.86,2.35,5.7,-1.2,3.0,1.5,19.4,90
2017-12-18,Paris,Europe,48.86,2.35,8.7,2.8,6.4,4.2,22.6,88
2017-12-19,Paris,Europe,48.86,2.35,5.2,0.2,2.8,0.0,10.5,96
2017-12-20,Paris,Europe,48.86,2.35,9.1,3.1,6.7,0.1,12.6,90
2017-12-21,Paris,Europe,48.86,2.35,9.9,8.0,9.1,0.8,13.8,97
2017-12-22,Paris,Europe,48.86,2.35,10.6,6.6,8.7,0.9,15.3,95
2017-12-23,Paris,Europe,48.86,2.35,9.8,7.3,8.7,0.0,13.2,94
2017-12-24,Paris,Europe,48.86,2.35,9.6,7.9,8.7,0.5,15.1,91
2017-12-25,Paris,Europe,48.86,2.35,8.3,4.1,6.3,0.1,23.5,90
2017-12-26,Paris,Europe,48.86,2.35,8.1,4.4,6.6,5.8,34.6,82
2017-12-27,Paris,Europe,48.86,2.35,6.5,2.5,5.0,5.1,36.4,86
2017-12-28,Paris,Europe,48.86,2.35,5.5,-0.3,2.0,0.0,20.5,82
2017-12-29,Paris,Europe,48.86,2.35,8.1,-0.2,4.2,6.3,35.7,86
2017-12-30,Paris,Europe,48.86,2.35,14.9,6.3,12.1,6.8,31.7,86
2017-12-31,Paris,Europe,48.86,2.35,14.1,8.8,12.4,0.9,35.9,75
2018-01-01,Paris,Europe,48.86,2.35,9.1,6.6,7.7,3.9,41.8,75
2018-01-02,Paris,Europe,48.86,2.35,11.9,4.7,7.9,3.3,27.3,84
2018-01-03,Paris,Europe,48.86,2.35,13.4,7.9,9.9,11.2,43.7,76
2018-01-04,Paris,Europe,48.86,2.35,13.4,8.2,11.0,11.2,33.8,88
2018-01-05,Paris,Europe,48.86,2.35,10.4,5.2,8.8,1.3,28.0,87
2018-01-06,Paris,Europe,48.86,2.35,8.1,4.3,6.4,0.1,16.9,92
2018-01-07,Paris,Europe,48.86,2.35,6.7,5.0,5.9,2.8,25.2,89
2018-01-08,Paris,Europe,48.86,2.35,8.6,2.8,4.9,0.2,17.6,89
2018-01-09,Paris,Europe,48.86,2.35,7.8,1.9,4.8,2.7,16.9,95
2018-01-10,Paris,Europe,48.86,2.35,9.5,4.5,7.2,6.3,18.1,88
2018-01-11,Paris,Europe,48.86,2.35,7.2,2.0,5.1,2.5,11.1,95
2018-01-12,Paris,Europe,48.86,2.35,6.6,4.3,5.3,0.0,8.9,93
2018-01-13,Paris,Europe,48.86,2.35,6.9,3.1,4.8,0.0,17.1,87
2018-01-14,Paris,Europe,48.86,2.35,6.7,-0.6,2.3,0.0,7.6,92
2018-01-15,Paris,Europe,48.86,2.35,9.9,4.3,6.8,8.2,39.5,87
2018-01-16,Paris,Europe,48.86,2.35,9.3,5.3,7.6,8.3,34.3,83
2018-01-17,Paris,Europe,48.86,2.35,7.8,3.0,5.2,2.5,33.6,74
2018-01-18,Paris,Europe,48.86,2.35,11.2,6.2,8.7,5.7,39.6,83
2018-01-19,Paris,Europe,48.86,2.35,6.9,3.5,4.9,0.6,23.6,82
2018-01-20,Paris,Europe,48.86,2.35,10.6,3.2,6.8,9.4,30.4,90
2018-01-21,Paris,Europe,48.86,2.35,11.4,5.1,7.0,9.1,25.4,93
2018-01-22,Paris,Europe,48.86,2.35,12.0,6.6,10.2,11.0,26.2,91
2018-01-23,Paris,Europe,48.86,2.35,12.1,4.8,8.3,0.2,22.1,90
2018-01-24,Paris,Europe,48.86,2.35,13.0,10.9,11.9,0.9,30.4,83
2018-01-25,Paris,Europe,48.86,2.35,11.6,6.4,8.7,7.2,30.0,88
2018-01-26,Paris,Europe,48.86,2.35,8.9,3.0,5.5,0.1,11.8,88
2018-01-27,Paris,Europe,48.86,2.35,6.1,0.9,3.5,0.1,18.5,93
2018-01-28,Paris,Europe,48.86,2.35,11.1,5.4,9.2,0.2,19.1,88
2018-01-29,Paris,Europe,48.86,2.35,11.1,9.4,10.1,0.4,20.9,83
2018-01-30,Paris,Europe,48.86,2.35,11.3,8.1,9.6,0.5,18.0,86
2018-01-31,Paris,Europe,48.86,2.35,9.9,5.2,8.3,12.8,32.8,87
2018-02-01,Paris,Europe,48.86,2.35,7.1,1.8,3.7,0.9,20.8,81
2018-02-02,Paris,Europe,48.86,2.35,6.6,1.1,3.5,2.1,20.9,84
2018-02-03,Paris,Europe,48.86,2.35,5.6,-0.1,2.9,1.5,14.7,90
2018-02-04,Paris,Europe,48.86,2.35,4.2,-0.6,2.3,2.0,24.9,82
2018-02-05,Paris,Europe,48.86,2.35,2.4,-3.8,-0.2,2.7,20.5,82
2018-02-06,Paris,Europe,48.86,2.35,1.2,-0.8,0.2,12.5,18.1,88
2018-02-07,Paris,Europe,48.86,2.35,0.3,-8.2,-2.0,8.0,19.7,85
2018-02-08,Paris,Europe,48.86,2.35,1.2,-8.6,-4.8,0.0,14.3,82
2018-02-09,Paris,Europe,48.86,2.35,1.6,-7.4,-1.8,4.5,16.6,85
2018-02-10,Paris,Europe,48.86,2.35,3.8,-6.3,0.1,2.2,25.2,85
2018-02-11,Paris,Europe,48.86,2.35,7.7,2.0,5.3,3.5,27.0,82
2018-02-12,Paris,Europe,48.86,2.35,6.1,-1.7,1.8,0.0,16.6,71
2018-02-13,Paris,Europe,48.86,2.35,5.0,-1.3,1.2,1.3,26.0,79
2018-02-14,Paris,Europe,48.86,2.35,5.1,-2.7,2.1,1.9,23.8,88
2018-02-15,Paris,Europe,48.86,2.35,10.7,4.6,8.3,7.2,21.7,93
2018-02-16,Paris,Europe,48.86,2.35,9.0,-1.5,4.4,0.0,9.7,82
2018-02-17,Paris,Europe,48.86,2.35,8.9,1.5,4.8,2.9,10.9,80
2018-02-18,Paris,Europe,48.86,2.35,9.1,-1.2,3.9,0.0,12.6,84
2018-02-19,Paris,Europe,48.86,2.35,5.8,1.6,3.9,4.3,9.9,87
2018-02-20,Paris,Europe,48.86,2.35,6.4,2.5,4.7,3.0,11.7,89
2018-02-21,Paris,Europe,48.86,2.35,5.4,-1.9,1.6,0.0,20.2,77
2018-02-22,Paris,Europe,48.86,2.35,5.3,-3.2,0.8,0.0,22.4,68
2018-02-23,Paris,Europe,48.86,2.35,4.3,-3.2,0.2,0.0,21.8,60
2018-02-24,Paris,Europe,48.86,2.35,5.9,-2.4,1.0,0.0,23.2,54
2018-02-25,Paris,Europe,48.86,2.35,3.0,-3.2,-0.6,0.0,23.4,49
2018-02-26,Paris,Europe,48.86,2.35,-0.2,-4.9,-2.7,0.0,29.1,45
2018-02-27,Paris,Europe,48.86,2.35,-2.0,-6.2,-4.0,0.0,21.9,47
2018-02-28,Paris,Europe,48.86,2.35,-0.2,-7.5,-3.9,0.0,27.0,37
2018-03-01,Paris,Europe,48.86,2.35,4.4,-3.2,0.1,1.2,23.1,58
2018-03-02,Paris,Europe,48.86,2.35,8.5,-1.2,2.9,3.0,18.8,80
2018-03-03,Paris,Europe,48.86,2.35,11.6,-2.6,4.0,0.2,13.6,82
2018-03-04,Paris,Europe,48.86,2.35,7.7,1.6,4.9,6.6,16.4,91
2018-03-05,Paris,Europe,48.86,2.35,12.4,2.0,6.9,0.0,16.5,83
2018-03-06,Paris,Europe,48.86,2.35,10.8,4.3,7.1,0.7,17.2,81
2018-03-07,Paris,Europe,48.86,2.35,9.9,3.5,5.8,4.8,25.3,85
2018-03-08,Paris,Europe,48.86,2.35,9.5,4.1,6.3,11.6,33.6,86
2018-03-09,Paris,Europe,48.86,2.35,14.1,5.1,9.0,4.3,18.0,86
2018-03-10,Paris,Europe,48.86,2.35,17.5,9.8,12.2,6.4,20.6,84
2018-03-11,Paris,Europe,48.86,2.35,17.2,9.1,12.6,12.8,20.7,76
2018-03-12,Paris,Europe,48.86,2.35,12.2,8.4,10.3,1.9,33.9,73
2018-03-13,Paris,Europe,48.86,2.35,11.1,6.4,9.0,1.3,26.3,78
2018-03-14,Paris,Europe,48.86,2.35,14.6,3.3,9.2,0.0,27.8,70
2018-03-15,Paris,Europe,48.86,2.35,13.7,7.8,9.9,8.3,18.7,75
2018-03-16,Paris,Europe,48.86,2.35,12.1,5.8,8.5,0.1,16.6,80
2018-03-17,Paris,Europe,48.86,2.35,8.7,1.5,3.7,3.6,19.3,94
2018-03-18,Paris,Europe,48.86,2.35,2.5,-1.2,0.7,1.6,18.6,79
2018-03-19,Paris,Europe,48.86,2.35,3.0,-2.2,0.8,0.9,17.7,72
2018-03-20,Paris,Europe,48.86,2.35,7.4,-3.0,2.5,0.1,27.0,61
2018-03-21,Paris,Europe,48.86,2.35,7.2,-0.1,3.1,0.0,15.1,74
2018-03-22,Paris,Europe,48.86,2.35,8.6,-1.1,4.4,0.0,21.5,77
2018-03-23,Paris,Europe,48.86,2.35,7.0,2.2,5.0,0.8,19.6,79
2018-03-24,Paris,Europe,48.86,2.35,12.9,5.1,7.8,1.7,14.8,78
2018-03-25,Paris,Europe,48.86,2.35,14.4,2.0,8.7,0.0,13.1,75
2018-03-26,Paris,Europe,48.86,2.35,13.1,4.1,8.3,0.1,12.6,70
2018-03-27,Paris,Europe,48.86,2.35,12.5,4.5,7.9,8.4,22.9,85
2018-03-28,Paris,Europe,48.86,2.35,13.2,3.2,8.2,5.8,30.4,84
2018-03-29,Paris,Europe,48.86,2.35,11.5,1.8,6.5,2.3,24.1,76
2018-03-30,Paris,Europe,48.86,2.35,10.5,3.5,6.4,2.7,30.8,81
2018-03-31,Paris,Europe,48.86,2.35,11.4,2.8,6.9,1.0,18.2,75
2018-04-01,Paris,Europe,48.86,2.35,10.9,5.0,7.6,1.3,21.0,72
2018-04-02,Paris,Europe,48.86,2.35,15.6,5.8,10.1,3.9,19.9,70
2018-04-03,Paris,Europe,48.86,2.35,15.3,7.1,11.2,4.3,28.4,80
2018-04-04,Paris,Europe,48.86,2.35,14.1,7.4,10.4,5.1,26.2,79
2018-04-05,Paris,Europe,48.86,2.35,10.3,5.2,8.6,1.0,25.1,68
2018-04-06,Paris,Europe,48.86,2.35,18.6,4.0,10.8,0.0,21.7,68
2018-04-07,Paris,Europe,48.86,2.35,19.9,9.4,13.5,0.3,19.2,75
2018-04-08,Paris,Europe,48.86,2.35,21.1,8.9,14.3,0.2,16.0,75
2018-04-09,Paris,Europe,48.86,2.35,14.8,9.5,11.8,10.2,13.8,89
2018-04-10,Paris,Europe,48.86,2.35,15.1,8.1,11.5,1.0,22.7,79
2018-04-11,Paris,Europe,48.86,2.35,17.9,5.4,11.8,0.0,11.1,71
2018-04-12,Paris,Europe,48.86,2.35,14.5,7.1,10.8,6.0,10.5,86
2018-04-13,Paris,Europe,48.86,2.35,16.7,6.8,12.0,0.6,15.2,82
2018-04-14,Paris,Europe,48.86,2.35,15.9,6.9,11.6,1.9,16.3,86
2018-04-15,Paris,Europe,48.86,2.35,16.9,7.4,12.5,0.6,19.2,80
2018-04-16,Paris,Europe,48.86,2.35,14.9,5.5,10.9,0.1,10.2,76
2018-04-17,Paris,Europe,48.86,2.35,19.9,6.2,13.4,0.0,15.1,72
2018-04-18,Paris,Europe,48.86,2.35,24.5,6.8,15.9,0.0,17.6,70
2018-04-19,Paris,Europe,48.86,2.35,26.4,9.8,17.7,0.0,11.6,71
2018-04-20,Paris,Europe,48.86,2.35,26.7,13.4,19.4,0.0,11.4,70
2018-04-21,Paris,Europe,48.86,2.35,25.8,12.1,18.9,0.0,11.5,66
2018-04-22,Paris,Europe,48.86,2.35,25.1,14.1,19.3,1.7,22.2,66
2018-04-23,Paris,Europe,48.86,2.35,17.9,10.6,14.4,0.4,17.7,72
2018-04-24,Paris,Europe,48.86,2.35,20.0,7.3,13.9,0.0,18.8,71
2018-04-25,Paris,Europe,48.86,2.35,14.9,9.8,12.6,0.6,20.2,74
2018-04-26,Paris,Europe,48.86,2.35,14.4,6.6,11.0,0.2,20.2,63
2018-04-27,Paris,Europe,48.86,2.35,18.2,5.9,12.5,0.0,27.1,63
2018-04-28,Paris,Europe,48.86,2.35,14.4,8.5,12.2,0.1,25.2,67
2018-04-29,Paris,Europe,48.86,2.35,11.9,8.4,10.3,12.5,22.4,89
2018-04-30,Paris,Europe,48.86,2.35,9.8,3.3,5.8,23.8,46.9,94
2018-05-01,Paris,Europe,48.86,2.35,12.7,4.2,8.2,0.3,14.5,75
2018-05-02,Paris,Europe,48.86,2.35,15.9,4.1,10.6,0.7,24.3,70
2018-05-03,Paris,Europe,48.86,2.35,15.6,4.9,11.2,0.0,15.1,70
2018-05-04,Paris,Europe,48.86,2.35,17.8,5.1,12.0,0.0,19.6,67
2018-05-05,Paris,Europe,48.86,2.35,21.9,8.1,15.3,0.0,18.7,71
2018-05-06,Paris,Europe,48.86,2.35,25.6,11.0,18.3,0.0,14.5,73
2018-05-07,Paris,Europe,48.86,2.35,24.9,10.4,17.8,0.0,13.6,67
2018-05-08,Paris,Europe,48.86,2.35,25.5,10.8,18.1,0.0,24.9,68
2018-05-09,Paris,Europe,48.86,2.35,21.1,11.2,15.7,0.0,15.3,74
2018-05-10,Paris,Europe,48.86,2.35,16.4,7.7,12.9,0.5,21.7,63
2018-05-11,Paris,Europe,48.86,2.35,20.2,5.1,13.5,0.0,13.7,66
2018-05-12,Paris,Europe,48.86,2.35,19.6,9.4,14.3,5.0,26.6,77
2018-05-13,Paris,Europe,48.86,2.35,14.2,8.8,11.2,2.3,18.6,77
2018-05-14,Paris,Europe,48.86,2.35,14.6,9.2,12.0,9.9,26.9,84
2018-05-15,Paris,Europe,48.86,2.35,20.6,10.4,15.1,0.5,19.0,81
2018-05-16,Paris,Europe,48.86,2.35,21.3,10.4,15.2,1.7,24.7,76
2018-05-17,Paris,Europe,48.86,2.35,17.6,9.2,12.8,0.0,19.2,70
2018-05-18,Paris,Europe,48.86,2.35,17.5,5.4,11.7,0.0,15.2,69
2018-05-19,Paris,Europe,48.86,2.35,18.2,6.1,12.5,0.0,15.9,71
2018-05-20,Paris,Europe,48.86,2.35,21.8,6.6,14.7,0.0,14.3,71
2018-05-21,Paris,Europe,48.86,2.35,21.6,9.8,16.4,0.1,9.2,75
2018-05-22,Paris,Europe,48.86,2.35,23.0,12.4,17.3,0.8,13.6,77
2018-05-23,Paris,Europe,48.86,2.35,21.2,11.9,16.7,1.3,14.1,78
2018-05-24,Paris,Europe,48.86,2.35,23.1,12.6,17.8,0.7,8.7,81
2018-05-25,Paris,Europe,48.86,2.35,25.3,11.6,18.6,0.3,17.1,79
2018-05-26,Paris,Europe,48.86,2.35,27.5,15.9,22.0,0.2,23.2,70
2018-05-27,Paris,Europe,48.86,2.35,26.5,16.8,21.3,1.0,12.1,72
2018-05-28,Paris,Europe,48.86,2.35,26.4,16.4,20.5,10.2,13.6,78
2018-05-29,Paris,Europe,48.86,2.35,21.7,14.9,18.7,2.2,10.1,87
2018-05-30,Paris,Europe,48.86,2.35,24.1,15.3,19.8,1.0,13.0,77
2018-05-31,Paris,Europe,48.86,2.35,23.2,16.4,19.2,4.2,16.2,83
2018-06-01,Paris,Europe,48.86,2.35,22.2,15.1,17.6,12.4,15.9,85
2018-06-02,Paris,Europe,48.86,2.35,22.5,13.0,18.0,0.0,9.7,77
2018-06-03,Paris,Europe,48.86,2.35,24.6,13.4,19.8,0.1,13.2,74
2018-06-04,Paris,Europe,48.86,2.35,24.9,16.2,19.8,6.9,14.9,79
2018-06-05,Paris,Europe,48.86,2.35,22.0,15.9,18.7,11.2,17.1,85
2018-06-06,Paris,Europe,48.86,2.35,23.0,14.4,18.5,11.1,14.4,86
2018-06-07,Paris,Europe,48.86,2.35,23.9,15.6,19.8,0.3,13.5,78
2018-06-08,Paris,Europe,48.86,2.35,24.3,13.9,20.0,0.2,13.7,80
2018-06-09,Paris,Europe,48.86,2.35,25.1,15.0,20.0,3.2,14.0,83
2018-06-10,Paris,Europe,48.86,2.35,23.8,15.9,20.3,1.3,10.9,83
2018-06-11,Paris,Europe,48.86,2.35,21.6,17.1,19.1,18.9,12.1,90
2018-06-12,Paris,Europe,48.86,2.35,18.8,15.1,16.8,24.3,22.8,85
2018-06-13,Paris,Europe,48.86,2.35,17.9,9.9,14.4,0.8,16.6,74
2018-06-14,Paris,Europe,48.86,2.35,19.9,9.7,15.5,0.6,18.7,79
2018-06-15,Paris,Europe,48.86,2.35,22.0,12.4,17.1,0.5,11.6,77
2018-06-16,Paris,Europe,48.86,2.35,21.3,12.9,16.9,0.0,15.3,68
2018-06-17,Paris,Europe,48.86,2.35,19.7,14.1,16.6,0.0,17.5,69
2018-06-18,Paris,Europe,48.86,2.35,21.7,14.4,17.9,0.7,15.5,77
2018-06-19,Paris,Europe,48.86,2.35,23.5,14.8,18.6,0.0,11.6,80
2018-06-20,Paris,Europe,48.86,2.35,26.9,13.1,20.3,0.0,9.5,78
2018-06-21,Paris,Europe,48.86,2.35,19.6,12.4,16.8,0.6,22.2,69
2018-06-22,Paris,Europe,48.86,2.35,20.0,7.2,14.4,0.0,16.9,60
2018-06-23,Paris,Europe,48.86,2.35,20.8,8.1,15.2,0.0,15.1,63
2018-06-24,Paris,Europe,48.86,2.35,21.7,11.7,17.2,0.0,17.7,62
2018-06-25,Paris,Europe,48.86,2.35,23.8,11.9,18.3,0.0,20.7,65
2018-06-26,Paris,Europe,48.86,2.35,25.8,13.1,19.7,0.0,16.7,61
2018-06-27,Paris,Europe,48.86,2.35,27.6,13.5,21.4,0.0,16.3,61
2018-06-28,Paris,Europe,48.86,2.35,27.1,16.9,22.5,0.0,23.9,50
2018-06-29,Paris,Europe,48.86,2.35,28.9,17.5,23.5,0.0,22.2,51
2018-06-30,Paris,Europe,48.86,2.35,31.3,18.1,24.9,0.1,16.2,54
2018-07-01,Paris,Europe,48.86,2.35,31.8,19.1,26.6,0.0,15.6,52
2018-07-02,Paris,Europe,48.86,2.35,29.4,19.1,24.5,0.0,13.7,48
2018-07-03,Paris,Europe,48.86,2.35,27.9,18.0,23.6,0.1,11.2,66
2018-07-04,Paris,Europe,48.86,2.35,27.9,18.4,23.6,0.5,13.4,65
2018-07-05,Paris,Europe,48.86,2.35,26.2,18.0,22.0,3.1,14.3,64
2018-07-06,Paris,Europe,48.86,2.35,27.9,15.3,22.2,0.0,13.0,58
2018-07-07,Paris,Europe,48.86,2.35,29.4,18.0,24.3,0.4,13.3,54
2018-07-08,Paris,Europe,48.86,2.35,29.0,18.0,24.2,0.0,16.5,54
2018-07-09,Paris,Europe,48.86,2.35,26.2,16.7,21.9,0.0,22.2,50
2018-07-10,Paris,Europe,48.86,2.35,21.4,16.5,19.1,0.2,17.7,59
2018-07-11,Paris,Europe,48.86,2.35,23.1,13.2,18.5,0.4,17.1,65
2018-07-12,Paris,Europe,48.86,2.35,25.1,15.4,20.4,0.1,14.1,60
2018-07-13,Paris,Europe,48.86,2.35,26.5,16.6,21.4,0.0,14.8,64
2018-07-14,Paris,Europe,48.86,2.35,28.0,17.0,23.1,0.1,10.2,56
2018-07-15,Paris,Europe,48.86,2.35,29.5,18.0,24.1,0.5,13.4,50
2018-07-16,Paris,Europe,48.86,2.35,29.4,17.1,23.6,0.0,12.7,51
2018-07-17,Paris,Europe,48.86,2.35,25.4,17.2,21.6,0.0,15.3,53
2018-07-18,Paris,Europe,48.86,2.35,27.3,17.1,22.2,0.0,16.4,47
2018-07-19,Paris,Europe,48.86,2.35,29.5,16.2,23.7,0.0,16.6,44
2018-07-20,Paris,Europe,48.86,2.35,23.0,17.1,19.9,7.3,12.9,75
2018-07-21,Paris,Europe,48.86,2.35,25.4,15.1,20.0,0.0,14.2,69
2018-07-22,Paris,Europe,48.86,2.35,26.6,16.3,21.7,0.0,12.1,61
2018-07-23,Paris,Europe,48.86,2.35,29.5,16.4,23.5,0.0,12.3,56
2018-07-24,Paris,Europe,48.86,2.35,30.0,18.5,24.8,0.0,10.8,54
2018-07-25,Paris,Europe,48.86,2.35,31.2,19.9,26.1,0.0,10.5,53
2018-07-26,Paris,Europe,48.86,2.35,34.3,20.3,28.1,0.0,7.0,50
2018-07-27,Paris,Europe,48.86,2.35,35.0,20.2,26.7,1.3,22.7,58
2018-07-28,Paris,Europe,48.86,2.35,24.5,18.9,21.5,2.9,22.1,61
2018-07-29,Paris,Europe,48.86,2.35,27.2,17.6,21.3,2.8,28.2,58
2018-07-30,Paris,Europe,48.86,2.35,26.5,18.9,22.6,0.3,20.2,69
2018-07-31,Paris,Europe,48.86,2.35,26.8,18.9,22.4,0.2,14.3,63
2018-08-01,Paris,Europe,48.86,2.35,29.0,16.6,22.7,0.0,12.7,55
2018-08-02,Paris,Europe,48.86,2.35,31.2,17.0,24.3,0.0,14.0,54
2018-08-03,Paris,Europe,48.86,2.35,34.0,19.5,27.0,0.0,17.3,48
2018-08-04,Paris,Europe,48.86,2.35,32.5,19.4,26.2,0.0,23.2,47
2018-08-05,Paris,Europe,48.86,2.35,30.1,17.1,23.9,0.0,16.1,54
2018-08-06,Paris,Europe,48.86,2.35,32.6,16.3,25.1,0.0,9.1,45
2018-08-07,Paris,Europe,48.86,2.35,35.5,18.6,26.4,7.3,22.5,48
2018-08-08,Paris,Europe,48.86,2.35,26.3,18.0,22.0,0.2,21.7,58
2018-08-09,Paris,Europe,48.86,2.35,19.5,15.1,17.9,14.9,28.4,73
2018-08-10,Paris,Europe,48.86,2.35,23.1,11.5,17.8,0.0,21.8,58
2018-08-11,Paris,Europe,48.86,2.35,23.8,13.6,18.9,0.1,10.9,61
2018-08-12,Paris,Europe,48.86,2.35,30.0,14.2,21.9,0.1,16.4,51
2018-08-13,Paris,Europe,48.86,2.35,23.0,17.1,19.5,2.1,23.8,74
2018-08-14,Paris,Europe,48.86,2.35,24.3,15.2,19.6,0.5,16.9,70
2018-08-15,Paris,Europe,48.86,2.35,24.1,15.1,19.9,0.0,10.9,69
2018-08-16,Paris,Europe,48.86,2.35,29.2,14.6,21.7,0.0,21.9,67
2018-08-17,Paris,Europe,48.86,2.35,23.6,15.6,19.6,0.9,17.0,64
2018-08-18,Paris,Europe,48.86,2.35,25.3,12.1,18.5,0.0,15.6,67
2018-08-19,Paris,Europe,48.86,2.35,27.6,13.3,20.9,0.0,16.3,68
2018-08-20,Paris,Europe,48.86,2.35,25.3,18.8,21.7,0.3,15.5,70
2018-08-21,Paris,Europe,48.86,2.35,25.5,17.5,21.5,0.6,11.0,73
2018-08-22,Paris,Europe,48.86,2.35,29.0,15.4,22.3,0.0,13.9,70
2018-08-23,Paris,Europe,48.86,2.35,26.4,16.5,21.2,0.0,21.8,71
2018-08-24,Paris,Europe,48.86,2.35,19.9,14.3,17.4,1.3,18.7,62
2018-08-25,Paris,Europe,48.86,2.35,19.3,11.6,15.9,0.5,20.5,55
2018-08-26,Paris,Europe,48.86,2.35,23.0,8.1,17.1,0.0,21.9,52
2018-08-27,Paris,Europe,48.86,2.35,22.5,14.0,19.3,1.9,19.6,66
2018-08-28,Paris,Europe,48.86,2.35,26.1,10.1,18.7,0.0,8.3,64
2018-08-29,Paris,Europe,48.86,2.35,19.8,15.8,17.8,17.9,25.0,80
2018-08-30,Paris,Europe,48.86,2.35,20.4,12.7,17.1,0.0,12.0,72
2018-08-31,Paris,Europe,48.86,2.35,21.1,13.1,17.3,0.3,10.7,64
2018-09-01,Paris,Europe,48.86,2.35,22.5,9.8,16.8,0.0,11.8,54
2018-09-02,Paris,Europe,48.86,2.35,23.8,9.6,17.4,0.0,12.5,52
2018-09-03,Paris,Europe,48.86,2.35,24.7,12.2,18.4,0.0,19.3,66
2018-09-04,Paris,Europe,48.86,2.35,21.2,16.5,18.6,0.8,14.9,79
2018-09-05,Paris,Europe,48.86,2.35,24.5,16.6,19.9,0.5,13.0,82
2018-09-06,Paris,Europe,48.86,2.35,21.8,13.9,18.3,0.9,18.9,75
2018-09-07,Paris,Europe,48.86,2.35,20.2,13.1,16.1,0.0,21.1,65
2018-09-08,Paris,Europe,48.86,2.35,22.6,10.2,16.4,0.0,8.5,59
2018-09-09,Paris,Europe,48.86,2.35,28.5,11.5,20.0,0.0,11.9,54
2018-09-10,Paris,Europe,48.86,2.35,24.2,13.9,18.8,0.0,13.6,67
2018-09-11,Paris,Europe,48.86,2.35,28.5,12.8,20.7,0.0,15.8,59
2018-09-12,Paris,Europe,48.86,2.35,27.1,12.8,19.9,0.0,16.4,68
2018-09-13,Paris,Europe,48.86,2.35,19.2,15.1,16.9,1.7,15.6,78
2018-09-14,Paris,Europe,48.86,2.35,20.9,12.6,16.5,0.0,18.4,62
2018-09-15,Paris,Europe,48.86,2.35,21.6,9.2,15.5,0.0,9.1,67
2018-09-16,Paris,Europe,48.86,2.35,25.0,10.4,17.6,0.0,10.0,57
2018-09-17,Paris,Europe,48.86,2.35,28.6,10.1,20.1,0.0,14.2,49
2018-09-18,Paris,Europe,48.86,2.35,25.9,17.0,21.5,0.3,20.2,60
2018-09-19,Paris,Europe,48.86,2.35,26.2,16.0,20.7,0.0,19.7,63
2018-09-20,Paris,Europe,48.86,2.35,25.6,14.4,20.3,0.0,20.8,63
2018-09-21,Paris,Europe,48.86,2.35,20.5,12.9,17.2,6.6,27.9,59
2018-09-22,Paris,Europe,48.86,2.35,19.4,10.8,15.3,0.9,29.3,60
2018-09-23,Paris,Europe,48.86,2.35,24.0,11.3,17.6,11.9,43.8,82
2018-09-24,Paris,Europe,48.86,2.35,16.0,7.3,11.8,0.0,15.6,63
2018-09-25,Paris,Europe,48.86,2.35,16.6,6.1,11.4,0.0,17.9,64
2018-09-26,Paris,Europe,48.86,2.35,19.9,5.2,12.1,0.0,11.3,63
2018-09-27,Paris,Europe,48.86,2.35,24.4,7.1,15.6,0.0,7.6,66
2018-09-28,Paris,Europe,48.86,2.35,20.1,10.1,14.6,0.0,24.1,71
2018-09-29,Paris,Europe,48.86,2.35,17.9,8.0,12.3,0.0,18.9,59
2018-09-30,Paris,Europe,48.86,2.35,17.6,4.5,11.2,0.0,18.2,66
2018-10-01,Paris,Europe,48.86,2.35,15.3,7.7,11.7,0.2,25.5,60
2018-10-02,Paris,Europe,48.86,2.35,16.8,8.1,13.2,0.3,24.9,73
2018-10-03,Paris,Europe,48.86,2.35,19.0,12.9,16.0,0.3,15.3,78
2018-10-04,Paris,Europe,48.86,2.35,20.6,8.6,14.4,0.0,10.1,73
2018-10-05,Paris,Europe,48.86,2.35,24.5,6.9,14.8,0.0,10.8,71
2018-10-06,Paris,Europe,48.86,2.35,22.7,9.4,16.4,1.5,15.6,70
2018-10-07,Paris,Europe,48.86,2.35,15.2,12.6,13.9,10.4,20.1,85
2018-10-08,Paris,Europe,48.86,2.35,18.1,6.8,12.4,0.0,11.2,68
2018-10-09,Paris,Europe,48.86,2.35,22.4,6.7,14.0,0.0,12.4,76
2018-10-10,Paris,Europe,48.86,2.35,24.5,10.6,17.6,0.0,20.8,71
2018-10-11,Paris,Europe,48.86,2.35,25.5,15.3,19.1,2.3,24.1,71
2018-10-12,Paris,Europe,48.86,2.35,24.9,14.5,19.4,0.1,26.2,75
2018-10-13,Paris,Europe,48.86,2.35,26.0,16.5,20.4,0.0,16.9,69
2018-10-14,Paris,Europe,48.86,2.35,25.0,16.2,20.6,0.0,27.8,56
2018-10-15,Paris,Europe,48.86,2.35,25.5,15.6,19.8,0.0,19.9,51
2018-10-16,Paris,Europe,48.86,2.35,24.1,12.5,18.0,0.0,8.6,62
2018-10-17,Paris,Europe,48.86,2.35,20.5,11.1,15.3,0.0,11.4,81
2018-10-18,Paris,Europe,48.86,2.35,21.2,11.5,14.9,0.0,24.7,78
2018-10-19,Paris,Europe,48.86,2.35,19.1,9.4,13.4,0.0,15.3,82
2018-10-20,Paris,Europe,48.86,2.35,16.5,7.4,11.5,0.0,14.1,77
2018-10-21,Paris,Europe,48.86,2.35,18.1,4.6,10.5,0.0,10.6,76
2018-10-22,Paris,Europe,48.86,2.35,15.0,8.7,11.6,0.0,22.4,80
2018-10-23,Paris,Europe,48.86,2.35,17.0,3.8,10.3,0.0,18.1,76
2018-10-24,Paris,Europe,48.86,2.35,17.1,9.6,13.2,0.0,13.4,86
2018-10-25,Paris,Europe,48.86,2.35,15.6,7.9,12.0,0.0,12.1,84
2018-10-26,Paris,Europe,48.86,2.35,14.2,6.4,10.0,0.4,22.4,80
2018-10-27,Paris,Europe,48.86,2.35,9.7,2.3,6.3,0.0,15.3,75
2018-10-28,Paris,Europe,48.86,2.35,9.1,3.6,5.8,0.2,34.1,73
2018-10-29,Paris,Europe,48.86,2.35,7.3,4.2,5.3,0.6,26.2,72
2018-10-30,Paris,Europe,48.86,2.35,10.6,2.1,6.6,9.9,26.6,79
2018-10-31,Paris,Europe,48.86,2.35,13.4,1.6,7.8,5.4,24.5,86
2018-11-01,Paris,Europe,48.86,2.35,13.6,8.1,10.7,3.9,22.6,80
2018-11-02,Paris,Europe,48.86,2.35,11.6,2.8,6.8,0.0,11.3,82
2018-11-03,Paris,Europe,48.86,2.35,10.6,-0.4,4.6,0.0,10.2,82
2018-11-04,Paris,Europe,48.86,2.35,12.7,1.6,6.7,0.0,13.8,89
2018-11-05,Paris,Europe,48.86,2.35,18.9,8.6,12.9,0.0,14.0,76
2018-11-06,Paris,Europe,48.86,2.35,18.5,10.1,14.2,0.0,28.5,72
2018-11-07,Paris,Europe,48.86,2.35,12.8,9.6,11.0,2.7,25.9,80
2018-11-08,Paris,Europe,48.86,2.35,12.9,4.0,8.7,0.4,16.3,83
2018-11-09,Paris,Europe,48.86,2.35,14.6,5.2,9.6,0.1,23.8,83
2018-11-10,Paris,Europe,48.86,2.35,12.4,10.8,11.5,5.6,29.2,86
2018-11-11,Paris,Europe,48.86,2.35,13.2,10.9,11.8,6.3,26.2,88
2018-11-12,Paris,Europe,48.86,2.35,11.4,9.6,10.6,16.1,13.3,93
2018-11-13,Paris,Europe,48.86,2.35,14.2,6.8,10.2,0.0,19.2,83
2018-11-14,Paris,Europe,48.86,2.35,13.5,4.0,8.7,0.0,10.1,91
2018-11-15,Paris,Europe,48.86,2.35,10.5,4.8,7.9,0.0,11.9,97
2018-11-16,Paris,Europe,48.86,2.35,9.1,4.2,7.0,0.0,12.4,95
2018-11-17,Paris,Europe,48.86,2.35,8.5,1.0,4.9,0.0,17.7,80
2018-11-18,Paris,Europe,48.86,2.35,8.6,1.6,4.5,0.0,19.0,67
2018-11-19,Paris,Europe,48.86,2.35,6.6,-0.3,2.9,0.3,27.8,65
2018-11-20,Paris,Europe,48.86,2.35,3.3,-0.1,1.9,2.9,21.5,90
2018-11-21,Paris,Europe,48.86,2.35,5.4,-3.8,0.9,0.0,10.7,87
2018-11-22,Paris,Europe,48.86,2.35,5.0,-0.8,2.8,1.5,9.9,97
2018-11-23,Paris,Europe,48.86,2.35,9.2,1.0,5.2,2.2,11.7,94
2018-11-24,Paris,Europe,48.86,2.35,9.6,4.0,6.9,5.2,17.7,93
2018-11-25,Paris,Europe,48.86,2.35,8.2,4.3,6.5,8.6,17.2,95
2018-11-26,Paris,Europe,48.86,2.35,7.3,4.7,5.8,1.0,13.7,92
2018-11-27,Paris,Europe,48.86,2.35,9.2,1.8,5.5,5.4,24.4,90
2018-11-28,Paris,Europe,48.86,2.35,11.9,7.5,10.2,19.4,22.5,89
2018-11-29,Paris,Europe,48.86,2.35,13.2,9.6,11.1,2.5,24.6,78
2018-11-30,Paris,Europe,48.86,2.35,12.1,6.9,9.5,0.0,23.6,86
2018-12-01,Paris,Europe,48.86,2.35,11.1,5.6,8.3,5.9,27.7,91
2018-12-02,Paris,Europe,48.86,2.35,15.5,10.9,13.6,11.1,25.3,90
2018-12-03,Paris,Europe,48.86,2.35,14.1,11.0,12.7,7.3,29.5,87
2018-12-04,Paris,Europe,48.86,2.35,10.9,7.2,9.5,1.3,19.4,84
2018-12-05,Paris,Europe,48.86,2.35,12.1,7.7,10.1,3.3,21.4,89
2018-12-06,Paris,Europe,48.86,2.35,13.5,9.9,11.8,0.6,18.1,91
2018-12-07,Paris,Europe,48.86,2.35,12.6,7.3,10.5,5.3,34.1,83
2018-12-08,Paris,Europe,48.86,2.35,12.3,6.6,9.6,0.7,40.9,73
2018-12-09,Paris,Europe,48.86,2.35,10.5,7.3,9.2,2.6,36.8,80
2018-12-10,Paris,Europe,48.86,2.35,9.2,4.9,7.1,0.4,20.0,86
2018-12-11,Paris,Europe,48.86,2.35,7.8,1.8,4.3,0.0,7.6,91
2018-12-12,Paris,Europe,48.86,2.35,4.3,0.8,2.3,0.0,19.8,90
2018-12-13,Paris,Europe,48.86,2.35,3.9,-1.8,0.8,0.0,22.3,82
2018-12-14,Paris,Europe,48.86,2.35,2.2,-3.8,-1.1,0.0,13.7,76
2018-12-15,Paris,Europe,48.86,2.35,3.6,-2.5,0.1,11.6,23.9,79
2018-12-16,Paris,Europe,48.86,2.35,7.2,2.0,4.8,1.5,14.9,95
2018-12-17,Paris,Europe,48.86,2.35,8.6,3.5,5.8,0.9,15.9,90
2018-12-18,Paris,Europe,48.86,2.35,8.9,3.5,6.2,0.9,21.5,84
2018-12-19,Paris,Europe,48.86,2.35,10.2,6.7,8.0,3.0,21.4,90
2018-12-20,Paris,Europe,48.86,2.35,10.2,5.8,7.6,0.1,26.2,83
2018-12-21,Paris,Europe,48.86,2.35,14.4,9.1,12.4,8.5,39.2,87
2018-12-22,Paris,Europe,48.86,2.35,12.3,8.6,10.8,0.4,26.9,84
2018-12-23,Paris,Europe,48.86,2.35,13.6,8.1,11.1,7.1,28.7,91
2018-12-24,Paris,Europe,48.86,2.35,12.9,3.0,8.0,4.4,22.0,91
2018-12-25,Paris,Europe,48.86,2.35,6.0,-1.9,2.0,0.0,10.7,92
2018-12-26,Paris,Europe,48.86,2.35,4.9,-3.5,-0.5,0.0,9.7,92
2018-12-27,Paris,Europe,48.86,2.35,2.5,-3.8,-1.5,0.0,10.1,91
2018-12-28,Paris,Europe,48.86,2.35,0.7,-3.5,-0.9,0.0,8.8,99
2018-12-29,Paris,Europe,48.86,2.35,7.7,0.1,3.9,0.1,13.2,92
2018-12-30,Paris,Europe,48.86,2.35,9.1,2.4,6.5,0.4,9.7,96
2018-12-31,Paris,Europe,48.86,2.35,9.5,6.1,8.0,0.8,10.0,94
2019-01-01,Paris,Europe,48.86,2.35,8.9,5.6,7.4,0.4,16.5,88
2019-01-02,Paris,Europe,48.86,2.35,7.5,3.5,5.0,0.0,13.7,79
2019-01-03,Paris,Europe,48.86,2.35,5.9,1.6,3.8,0.0,12.4,82
2019-01-04,Paris,Europe,48.86,2.35,5.4,0.9,3.2,0.0,9.7,86
2019-01-05,Paris,Europe,48.86,2.35,6.3,1.1,3.5,0.0,14.0,80
2019-01-06,Paris,Europe,48.86,2.35,6.4,1.9,4.1,0.4,8.4,84
2019-01-07,Paris,Europe,48.86,2.35,7.9,2.8,5.7,0.6,18.6,92
2019-01-08,Paris,Europe,48.86,2.35,8.6,2.9,7.3,1.2,22.2,83
2019-01-09,Paris,Europe,48.86,2.35,5.9,1.8,3.8,0.2,22.1,78
2019-01-10,Paris,Europe,48.86,2.35,4.7,-1.4,1.5,0.0,13.2,85
2019-01-11,Paris,Europe,48.86,2.35,7.1,1.5,4.5,0.7,12.3,94
2019-01-12,Paris,Europe,48.86,2.35,8.9,2.8,6.2,0.4,23.2,92
2019-01-13,Paris,Europe,48.86,2.35,10.6,8.0,9.3,0.9,31.7,87
2019-01-14,Paris,Europe,48.86,2.35,9.6,3.7,7.3,0.4,22.8,79
2019-01-15,Paris,Europe,48.86,2.35,8.4,3.5,5.8,0.0,13.7,77
2019-01-16,Paris,Europe,48.86,2.35,7.2,1.0,4.9,1.0,26.4,78
2019-01-17,Paris,Europe,48.86,2.35,6.9,-1.0,4.5,2.3,26.2,86
2019-01-18,Paris,Europe,48.86,2.35,4.7,-2.2,0.3,0.0,12.8,85
2019-01-19,Paris,Europe,48.86,2.35,2.4,-2.3,0.1,2.6,14.3,90
2019-01-20,Paris,Europe,48.86,2.35,3.6,-0.1,1.9,0.3,14.6,92
2019-01-21,Paris,Europe,48.86,2.35,2.2,-5.6,-2.3,0.0,9.8,84
2019-01-22,Paris,Europe,48.86,2.35,1.8,-3.3,-0.5,8.2,17.1,92
2019-01-23,Paris,Europe,48.86,2.35,2.1,-1.1,0.6,1.2,21.4,92
2019-01-24,Paris,Europe,48.86,2.35,2.6,-2.4,0.0,0.7,13.5,88
2019-01-25,Paris,Europe,48.86,2.35,7.9,0.8,3.5,1.0,16.0,92
2019-01-26,Paris,Europe,48.86,2.35,9.2,6.2,7.8,0.9,28.3,88
2019-01-27,Paris,Europe,48.86,2.35,8.1,3.0,5.8,2.8,32.6,84
2019-01-28,Paris,Europe,48.86,2.35,6.3,-1.6,3.0,0.0,25.0,76
2019-01-29,Paris,Europe,48.86,2.35,5.3,-3.0,0.8,7.6,21.0,85
2019-01-30,Paris,Europe,48.86,2.35,4.6,-0.6,1.9,10.2,31.5,86
2019-01-31,Paris,Europe,48.86,2.35,5.1,-4.8,-0.6,4.4,23.8,92
2019-02-01,Paris,Europe,48.86,2.35,7.9,2.1,4.7,4.0,20.8,91
2019-02-02,Paris,Europe,48.86,2.35,5.7,1.4,3.6,1.7,27.7,87
2019-02-03,Paris,Europe,48.86,2.35,5.8,-2.8,2.0,0.0,20.7,79
2019-02-04,Paris,Europe,48.86,2.35,3.2,-1.6,1.0,1.3,19.8,81
2019-02-05,Paris,Europe,48.86,2.35,7.8,-2.5,2.7,0.0,11.9,87
2019-02-06,Paris,Europe,48.86,2.35,11.4,4.1,7.9,3.0,21.7,90
2019-02-07,Paris,Europe,48.86,2.35,10.6,6.1,8.5,2.5,28.0,78
2019-02-08,Paris,Europe,48.86,2.35,10.3,5.9,8.4,0.5,38.5,81
2019-02-09,Paris,Europe,48.86,2.35,11.6,6.8,9.0,1.0,33.8,74
2019-02-10,Paris,Europe,48.86,2.35,10.6,4.3,8.1,13.2,39.6,82
2019-02-11,Paris,Europe,48.86,2.35,8.8,2.1,5.2,0.1,20.2,79
2019-02-12,Paris,Europe,48.86,2.35,7.8,-2.3,2.2,0.0,10.5,86
2019-02-13,Paris,Europe,48.86,2.35,7.8,-3.2,1.5,0.0,11.3,88
2019-02-14,Paris,Europe,48.86,2.35,12.4,-2.6,3.5,0.0,12.9,85
2019-02-15,Paris,Europe,48.86,2.35,13.6,-0.6,5.2,0.0,11.9,78
2019-02-16,Paris,Europe,48.86,2.35,14.5,0.2,6.2,0.0,12.7,82
2019-02-17,Paris,Europe,48.86,2.35,16.2,1.9,7.2,0.0,18.2,70
2019-02-18,Paris,Europe,48.86,2.35,14.0,1.3,7.2,0.0,15.2,75
2019-02-19,Paris,Europe,48.86,2.35,11.2,2.6,7.2,0.5,9.7,83
2019-02-20,Paris,Europe,48.86,2.35,12.6,-0.2,5.5,0.0,9.4,89
2019-02-21,Paris,Europe,48.86,2.35,14.8,1.3,7.8,0.0,10.3,84
2019-02-22,Paris,Europe,48.86,2.35,15.2,1.5,7.1,0.0,8.9,89
2019-02-23,Paris,Europe,48.86,2.35,14.6,3.6,8.3,0.0,13.4,79
2019-02-24,Paris,Europe,48.86,2.35,13.5,0.2,5.8,0.0,12.2,61
2019-02-25,Paris,Europe,48.86,2.35,15.6,0.2,6.7,0.0,12.7,69
2019-02-26,Paris,Europe,48.86,2.35,16.9,1.5,7.8,0.0,13.3,80
2019-02-27,Paris,Europe,48.86,2.35,18.8,1.0,9.0,0.0,11.1,79
2019-02-28,Paris,Europe,48.86,2.35,14.0,5.0,9.7,2.4,29.8,81
2019-03-01,Paris,Europe,48.86,2.35,11.9,7.7,9.7,1.8,24.8,82
2019-03-02,Paris,Europe,48.86,2.35,13.2,7.7,9.9,2.8,23.0,76
2019-03-03,Paris,Europe,48.86,2.35,15.4,8.9,12.0,0.9,34.4,73
2019-03-04,Paris,Europe,48.86,2.35,11.4,5.8,8.6,6.2,39.1,75
2019-03-05,Paris,Europe,48.86,2.35,10.9,4.6,7.5,6.1,23.4,83
2019-03-06,Paris,Europe,48.86,2.35,12.9,7.2,10.0,5.7,25.1,76
2019-03-07,Paris,Europe,48.86,2.35,11.5,6.7,8.8,8.3,33.9,76
2019-03-08,Paris,Europe,48.86,2.35,11.9,4.8,8.3,0.6,27.2,69
2019-03-09,Paris,Europe,48.86,2.35,14.1,7.9,10.9,3.0,33.5,77
2019-03-10,Paris,Europe,48.86,2.35,13.6,6.7,10.8,4.0,44.9,69
2019-03-11,Paris,Europe,48.86,2.35,9.1,3.5,6.1,2.6,30.6,69
2019-03-12,Paris,Europe,48.86,2.35,12.1,3.8,7.1,3.9,35.6,67
2019-03-13,Paris,Europe,48.86,2.35,10.9,4.6,7.1,0.7,34.9,71
2019-03-14,Paris,Europe,48.86,2.35,11.1,6.1,8.6,7.7,35.8,84
2019-03-15,Paris,Europe,48.86,2.35,13.2,9.9,11.8,3.0,34.2,80
2019-03-16,Paris,Europe,48.86,2.35,13.8,8.8,11.0,0.0,30.3,71
2019-03-17,Paris,Europe,48.86,2.35,9.2,4.2,7.5,5.3,31.2,74
2019-03-18,Paris,Europe,48.86,2.35,10.5,3.2,6.6,1.2,19.2,74
2019-03-19,Paris,Europe,48.86,2.35,11.2,0.0,6.1,0.0,8.0,77
2019-03-20,Paris,Europe,48.86,2.35,13.2,1.8,7.9,0.0,9.7,78
2019-03-21,Paris,Europe,48.86,2.35,15.4,2.8,8.8,0.0,13.2,80
2019-03-22,Paris,Europe,48.86,2.35,16.5,2.5,9.1,0.0,10.7,78
2019-03-23,Paris,Europe,48.86,2.35,13.2,2.3,8.3,0.0,13.6,81
2019-03-24,Paris,Europe,48.86,2.35,11.5,4.3,8.1,0.1,16.7,81
2019-03-25,Paris,Europe,48.86,2.35,11.4,2.5,6.7,0.0,24.3,67
2019-03-26,Paris,Europe,48.86,2.35,11.6,1.2,6.8,0.0,15.2,72
2019-03-27,Paris,Europe,48.86,2.35,12.2,1.5,7.5,0.0,15.4,73
2019-03-28,Paris,Europe,48.86,2.35,13.6,5.8,9.3,0.0,16.1,69
2019-03-29,Paris,Europe,48.86,2.35,17.6,3.2,10.5,0.0,12.6,73
2019-03-30,Paris,Europe,48.86,2.35,18.5,5.3,11.3,0.0,10.8,67
2019-03-31,Paris,Europe,48.86,2.35,19.1,3.5,11.9,0.0,20.2,67
2019-04-01,Paris,Europe,48.86,2.35,19.1,6.4,12.1,0.0,14.3,75
2019-04-02,Paris,Europe,48.86,2.35,15.6,6.7,10.8,4.4,31.6,76
2019-04-03,Paris,Europe,48.86,2.35,9.2,3.0,5.8,3.3,15.7,78
2019-04-04,Paris,Europe,48.86,2.35,11.9,-0.1,5.8,0.0,20.1,65
2019-04-05,Paris,Europe,48.86,2.35,13.4,2.2,7.7,0.0,17.7,59
2019-04-06,Paris,Europe,48.86,2.35,16.9,3.0,9.8,0.2,17.9,70
2019-04-07,Paris,Europe,48.86,2.35,14.7,6.9,10.2,0.0,13.0,70
2019-04-08,Paris,Europe,48.86,2.35,15.6,5.3,10.4,0.0,11.1,72
2019-04-09,Paris,Europe,48.86,2.35,13.3,4.7,9.3,4.6,13.1,85
2019-04-10,Paris,Europe,48.86,2.35,12.4,5.8,9.3,1.1,21.1,83
2019-04-11,Paris,Europe,48.86,2.35,12.8,2.9,7.8,0.0,19.3,63
2019-04-12,Paris,Europe,48.86,2.35,10.6,1.4,6.4,0.0,17.6,61
2019-04-13,Paris,Europe,48.86,2.35,9.1,-0.2,4.8,0.0,19.1,56
2019-04-14,Paris,Europe,48.86,2.35,9.4,-1.9,4.3,0.0,15.8,63
2019-04-15,Paris,Europe,48.86,2.35,15.2,0.6,8.3,0.0,21.2,67
2019-04-16,Paris,Europe,48.86,2.35,14.1,6.7,10.1,1.3,12.6,77
2019-04-17,Paris,Europe,48.86,2.35,18.1,3.8,10.9,0.0,14.1,77
2019-04-18,Paris,Europe,48.86,2.35,22.6,8.9,15.3,0.0,19.1,67
2019-04-19,Paris,Europe,48.86,2.35,23.4,9.4,16.1,0.0,12.2,65
2019-04-20,Paris,Europe,48.86,2.35,24.3,9.1,17.1,0.0,19.9,57
2019-04-21,Paris,Europe,48.86,2.35,24.0,8.6,16.4,0.0,12.9,58
2019-04-22,Paris,Europe,48.86,2.35,23.7,9.3,16.9,0.0,12.4,60
2019-04-23,Paris,Europe,48.86,2.35,21.5,8.8,15.8,1.1,13.6,64
2019-04-24,Paris,Europe,48.86,2.35,16.4,10.8,14.0,0.3,31.0,71
2019-04-25,Paris,Europe,48.86,2.35,14.4,9.6,11.7,6.5,23.2,77
2019-04-26,Paris,Europe,48.86,2.35,15.8,5.4,11.5,0.1,20.3,69
2019-04-27,Paris,Europe,48.86,2.35,13.4,7.3,10.4,2.9,30.6,66
2019-04-28,Paris,Europe,48.86,2.35,11.6,5.8,8.5,2.3,26.9,76
2019-04-29,Paris,Europe,48.86,2.35,14.8,3.2,9.6,0.0,11.2,73
2019-04-30,Paris,Europe,48.86,2.35,16.9,5.7,11.4,0.0,16.6,72
2019-05-01,Paris,Europe,48.86,2.35,17.7,5.6,12.1,0.0,16.6,75
2019-05-02,Paris,Europe,48.86,2.35,13.6,8.6,11.0,5.9,19.6,83
2019-05-03,Paris,Europe,48.86,2.35,15.8,6.2,10.9,1.2,17.7,80
2019-05-04,Paris,Europe,48.86,2.35,9.2,4.2,6.7,4.4,26.9,77
2019-05-05,Paris,Europe,48.86,2.35,11.5,3.0,7.5,0.9,23.0,66
2019-05-06,Paris,Europe,48.86,2.35,12.5,1.9,7.9,0.0,9.8,65
2019-05-07,Paris,Europe,48.86,2.35,15.5,4.9,10.5,0.1,14.4,62
2019-05-08,Paris,Europe,48.86,2.35,16.5,9.4,12.4,9.7,28.5,75
2019-05-09,Paris,Europe,48.86,2.35,15.7,9.5,12.2,6.8,26.9,75
2019-05-10,Paris,Europe,48.86,2.35,16.1,5.8,11.6,13.9,14.4,76
2019-05-11,Paris,Europe,48.86,2.35,15.4,8.6,11.2,23.8,22.0,83
2019-05-12,Paris,Europe,48.86,2.35,14.1,4.4,9.8,0.0,21.9,66
2019-05-13,Paris,Europe,48.86,2.35,16.2,5.2,11.0,0.0,24.7,60
2019-05-14,Paris,Europe,48.86,2.35,17.4,6.8,12.2,0.0,22.7,53
2019-05-15,Paris,Europe,48.86,2.35,17.4,5.9,12.1,0.0,18.0,59
2019-05-16,Paris,Europe,48.86,2.35,17.3,4.6,11.8,0.0,18.2,59
2019-05-17,Paris,Europe,48.86,2.35,18.2,8.1,13.7,0.2,10.4,68
2019-05-18,Paris,Europe,48.86,2.35,18.2,10.4,14.3,0.5,10.4,80
2019-05-19,Paris,Europe,48.86,2.35,18.1,10.7,13.9,2.3,13.0,86
2019-05-20,Paris,Europe,48.86,2.35,17.9,10.1,13.7,2.4,17.6,80
2019-05-21,Paris,Europe,48.86,2.35,19.2,8.9,14.2,2.2,17.1,81
2019-05-22,Paris,Europe,48.86,2.35,20.1,6.9,14.4,0.0,8.7,67
2019-05-23,Paris,Europe,48.86,2.35,21.5,7.6,16.3,0.0,9.7,61
2019-05-24,Paris,Europe,48.86,2.35,21.1,11.8,16.5,0.1,13.8,64
2019-05-25,Paris,Europe,48.86,2.35,20.1,11.4,15.3,3.2,12.6,79
2019-05-26,Paris,Europe,48.86,2.35,19.5,10.4,15.4,0.2,17.0,76
2019-05-27,Paris,Europe,48.86,2.35,19.4,12.9,16.0,0.2,21.6,68
2019-05-28,Paris,Europe,48.86,2.35,16.0,10.1,13.2,3.4,22.0,71
2019-05-29,Paris,Europe,48.86,2.35,19.0,7.5,13.8,0.3,17.0,71
2019-05-30,Paris,Europe,48.86,2.35,20.6,12.8,17.0,1.0,15.0,74
2019-05-31,Paris,Europe,48.86,2.35,22.2,11.2,17.5,0.0,11.9,74
2019-06-01,Paris,Europe,48.86,2.35,27.4,11.9,20.4,0.0,10.2,69
2019-06-02,Paris,Europe,48.86,2.35,30.9,15.6,23.7,0.0,23.5,59
2019-06-03,Paris,Europe,48.86,2.35,21.0,14.2,17.9,2.1,13.4,72
2019-06-04,Paris,Europe,48.86,2.35,26.7,12.6,18.9,5.7,24.8,79
2019-06-05,Paris,Europe,48.86,2.35,17.9,11.6,14.4,21.5,15.0,86
2019-06-06,Paris,Europe,48.86,2.35,18.1,9.4,14.1,0.8,13.5,76
2019-06-07,Paris,Europe,48.86,2.35,18.0,13.1,15.0,6.3,41.2,68
2019-06-08,Paris,Europe,48.86,2.35,18.5,11.4,15.0,0.7,34.4,62
2019-06-09,Paris,Europe,48.86,2.35,19.8,9.6,15.3,0.1,11.3,73
2019-06-10,Paris,Europe,48.86,2.35,16.5,10.9,14.0,2.6,23.8,80
2019-06-11,Paris,Europe,48.86,2.35,17.2,8.1,13.0,0.4,13.3,74
2019-06-12,Paris,Europe,48.86,2.35,16.5,8.4,13.1,5.3,18.4,83
2019-06-13,Paris,Europe,48.86,2.35,19.0,9.6,14.2,0.7,23.6,78
2019-06-14,Paris,Europe,48.86,2.35,22.0,11.1,16.9,5.5,14.3,76
2019-06-15,Paris,Europe,48.86,2.35,20.5,14.1,17.3,6.8,19.7,70
2019-06-16,Paris,Europe,48.86,2.35,21.0,12.9,16.8,0.4,16.8,73
2019-06-17,Paris,Europe,48.86,2.35,25.2,11.4,19.0,0.0,9.7,70
2019-06-18,Paris,Europe,48.86,2.35,27.1,12.6,20.7,0.0,15.6,72
2019-06-19,Paris,Europe,48.86,2.35,23.9,17.0,20.3,6.3,26.5,74
2019-06-20,Paris,Europe,48.86,2.35,20.2,14.6,17.1,4.0,15.5,74
2019-06-21,Paris,Europe,48.86,2.35,20.7,12.4,16.8,0.0,14.8,66
2019-06-22,Paris,Europe,48.86,2.35,23.6,11.8,18.2,0.0,13.7,65
2019-06-23,Paris,Europe,48.86,2.35,28.9,14.2,22.1,0.0,19.0,67
2019-06-24,Paris,Europe,48.86,2.35,30.0,18.0,24.6,0.0,20.9,68
2019-06-25,Paris,Europe,48.86,2.35,31.2,19.7,25.8,0.0,16.1,68
2019-06-26,Paris,Europe,48.86,2.35,32.3,20.1,26.2,0.0,25.3,69
2019-06-27,Paris,Europe,48.86,2.35,31.5,19.6,25.6,0.0,23.7,64
2019-06-28,Paris,Europe,48.86,2.35,31.4,18.1,24.8,0.0,15.3,50
2019-06-29,Paris,Europe,48.86,2.35,34.2,17.1,26.4,0.0,12.1,55
2019-06-30,Paris,Europe,48.86,2.35,27.5,19.4,23.1,0.0,19.6,59
2019-07-01,Paris,Europe,48.86,2.35,24.0,15.1,19.4,2.0,17.1,65
2019-07-02,Paris,Europe,48.86,2.35,24.7,11.7,18.9,0.0,16.8,59
2019-07-03,Paris,Europe,48.86,2.35,25.1,14.1,19.9,0.0,21.1,53
2019-07-04,Paris,Europe,48.86,2.35,26.8,13.6,20.6,0.0,16.8,49
2019-07-05,Paris,Europe,48.86,2.35,29.5,13.9,22.3,0.0,8.2,50
2019-07-06,Paris,Europe,48.86,2.35,30.9,15.4,24.0,0.0,16.6,51
2019-07-07,Paris,Europe,48.86,2.35,26.5,15.8,20.7,0.0,22.3,58
2019-07-08,Paris,Europe,48.86,2.35,23.4,14.8,18.9,0.0,23.7,49
2019-07-09,Paris,Europe,48.86,2.35,24.0,11.4,18.3,0.0,18.4,49
2019-07-10,Paris,Europe,48.86,2.35,26.5,12.9,20.7,0.0,8.1,51
2019-07-11,Paris,Europe,48.86,2.35,27.9,18.2,22.7,0.2,16.3,57
2019-07-12,Paris,Europe,48.86,2.35,24.8,15.4,20.7,0.6,23.2,60
2019-07-13,Paris,Europe,48.86,2.35,25.6,13.9,20.3,0.0,19.9,61
2019-07-14,Paris,Europe,48.86,2.35,21.6,13.1,17.8,0.0,23.5,63
2019-07-15,Paris,Europe,48.86,2.35,23.4,12.2,18.2,0.0,16.9,60
2019-07-16,Paris,Europe,48.86,2.35,25.1,11.1,18.8,0.0,9.7,59
2019-07-17,Paris,Europe,48.86,2.35,28.9,13.6,21.5,0.0,16.9,52
2019-07-18,Paris,Europe,48.86,2.35,27.4,14.9,20.5,1.4,22.9,60
2019-07-19,Paris,Europe,48.86,2.35,27.6,17.5,21.9,0.5,16.3,66
2019-07-20,Paris,Europe,48.86,2.35,27.2,18.3,22.3,2.8,24.0,64
2019-07-21,Paris,Europe,48.86,2.35,26.9,15.8,21.4,0.0,12.4,61
2019-07-22,Paris,Europe,48.86,2.35,31.0,14.6,23.6,0.0,8.4,55
2019-07-23,Paris,Europe,48.86,2.35,36.0,17.1,27.6,0.0,17.1,43
2019-07-24,Paris,Europe,48.86,2.35,36.9,22.2,30.2,0.0,13.0,40
2019-07-25,Paris,Europe,48.86,2.35,40.7,23.2,32.2,0.0,19.7,39
2019-07-26,Paris,Europe,48.86,2.35,30.0,19.7,24.8,9.7,24.0,61
2019-07-27,Paris,Europe,48.86,2.35,21.9,16.0,18.6,9.1,19.5,78
2019-07-28,Paris,Europe,48.86,2.35,23.1,15.1,19.0,0.6,23.2,67
2019-07-29,Paris,Europe,48.86,2.35,26.1,13.1,20.2,0.0,12.0,62
2019-07-30,Paris,Europe,48.86,2.35,23.7,17.2,20.1,0.1,30.0,61
2019-07-31,Paris,Europe,48.86,2.35,22.4,15.4,19.0,0.1,17.5,61
2019-08-01,Paris,Europe,48.86,2.35,25.4,14.1,20.2,0.0,17.0,63
2019-08-02,Paris,Europe,48.86,2.35,26.1,16.3,20.9,0.0,16.3,59
2019-08-03,Paris,Europe,48.86,2.35,24.5,14.0,19.5,0.0,11.3,67
2019-08-04,Paris,Europe,48.86,2.35,29.0,14.9,22.4,0.0,20.3,59
2019-08-05,Paris,Europe,48.86,2.35,26.4,16.2,21.9,1.0,17.9,62
2019-08-06,Paris,Europe,48.86,2.35,20.6,17.5,19.2,30.2,11.7,86
2019-08-07,Paris,Europe,48.86,2.35,24.8,15.9,19.8,1.1,19.0,72
2019-08-08,Paris,Europe,48.86,2.35,28.2,14.2,21.8,0.2,12.6,62
2019-08-09,Paris,Europe,48.86,2.35,25.8,20.0,22.6,10.2,22.9,71
2019-08-10,Paris,Europe,48.86,2.35,24.4,18.0,20.9,0.0,32.4,57
2019-08-11,Paris,Europe,48.86,2.35,21.1,13.7,17.8,0.2,14.8,65
2019-08-12,Paris,Europe,48.86,2.35,21.0,12.4,16.9,1.7,22.4,71
2019-08-13,Paris,Europe,48.86,2.35,20.4,11.1,15.6,1.2,19.6,72
2019-08-14,Paris,Europe,48.86,2.35,23.8,12.1,18.0,1.2,21.6,73
2019-08-15,Paris,Europe,48.86,2.35,22.9,15.9,18.9,2.8,25.5,72
2019-08-16,Paris,Europe,48.86,2.35,25.0,11.8,18.6,0.1,21.4,69
2019-08-17,Paris,Europe,48.86,2.35,19.9,17.0,18.8,17.4,22.8,89
2019-08-18,Paris,Europe,48.86,2.35,22.0,15.4,19.0,6.1,32.4,80
2019-08-19,Paris,Europe,48.86,2.35,21.8,12.4,17.5,0.0,18.7,65
2019-08-20,Paris,Europe,48.86,2.35,21.9,12.8,17.0,0.0,15.0,68
2019-08-21,Paris,Europe,48.86,2.35,22.9,10.1,16.7,0.0,8.9,67
2019-08-22,Paris,Europe,48.86,2.35,25.2,10.6,18.4,0.0,12.3,62
2019-08-23,Paris,Europe,48.86,2.35,27.6,11.5,20.1,0.0,10.8,61
2019-08-24,Paris,Europe,48.86,2.35,29.7,13.4,21.7,0.0,11.2,61
2019-08-25,Paris,Europe,48.86,2.35,31.2,16.9,23.9,0.0,10.9,52
2019-08-26,Paris,Europe,48.86,2.35,31.8,15.0,23.9,0.0,11.5,52
2019-08-27,Paris,Europe,48.86,2.35,32.9,16.7,24.7,0.0,17.6,52
2019-08-28,Paris,Europe,48.86,2.35,29.0,18.0,23.4,1.1,16.2,65
2019-08-29,Paris,Europe,48.86,2.35,23.2,15.9,19.9,0.6,15.1,68
2019-08-30,Paris,Europe,48.86,2.35,26.1,11.4,18.9,0.0,8.8,58
2019-08-31,Paris,Europe,48.86,2.35,30.5,14.2,21.7,0.0,25.7,52
2019-09-01,Paris,Europe,48.86,2.35,21.8,15.3,18.4,0.0,14.8,57
2019-09-02,Paris,Europe,48.86,2.35,21.9,10.2,16.5,0.0,16.6,59
2019-09-03,Paris,Europe,48.86,2.35,22.4,10.9,17.1,0.0,10.5,65
2019-09-04,Paris,Europe,48.86,2.35,24.4,12.1,17.1,0.4,24.2,65
2019-09-05,Paris,Europe,48.86,2.35,19.1,11.4,15.2,0.1,17.3,62
2019-09-06,Paris,Europe,48.86,2.35,22.2,6.8,14.7,0.2,19.5,61
2019-09-07,Paris,Europe,48.86,2.35,18.9,12.5,15.5,0.1,21.1,70
2019-09-08,Paris,Europe,48.86,2.35,18.6,9.4,13.9,0.0,16.6,66
2019-09-09,Paris,Europe,48.86,2.35,19.0,7.3,13.7,0.0,15.5,64
2019-09-10,Paris,Europe,48.86,2.35,21.9,9.9,16.1,0.0,16.0,55
2019-09-11,Paris,Europe,48.86,2.35,23.7,11.1,17.4,0.0,17.0,66
2019-09-12,Paris,Europe,48.86,2.35,23.8,16.2,19.7,0.3,14.2,75
2019-09-13,Paris,Europe,48.86,2.35,23.3,14.9,18.9,0.0,12.6,78
2019-09-14,Paris,Europe,48.86,2.35,26.1,14.8,19.8,0.0,13.9,67
2019-09-15,Paris,Europe,48.86,2.35,27.2,11.2,19.4,0.0,10.4,63
2019-09-16,Paris,Europe,48.86,2.35,25.6,11.4,18.6,0.0,14.8,61
2019-09-17,Paris,Europe,48.86,2.35,22.1,14.2,18.2,0.1,19.8,67
2019-09-18,Paris,Europe,48.86,2.35,19.9,10.4,15.0,0.0,22.9,51
2019-09-19,Paris,Europe,48.86,2.35,20.1,9.9,15.0,0.0,22.3,53
2019-09-20,Paris,Europe,48.86,2.35,23.6,9.8,16.5,0.0,22.7,38
2019-09-21,Paris,Europe,48.86,2.35,27.8,11.8,20.0,0.0,16.0,48
2019-09-22,Paris,Europe,48.86,2.35,24.0,15.2,18.8,5.5,24.7,74
2019-09-23,Paris,Europe,48.86,2.35,21.5,13.1,16.9,0.6,18.4,71
2019-09-24,Paris,Europe,48.86,2.35,20.0,15.3,16.6,11.5,22.0,84
2019-09-25,Paris,Europe,48.86,2.35,19.1,13.0,15.9,3.8,26.9,79
2019-09-26,Paris,Europe,48.86,2.35,21.2,15.2,18.0,1.9,29.5,80
2019-09-27,Paris,Europe,48.86,2.35,19.2,13.6,16.7,3.6,25.6,75
2019-09-28,Paris,Europe,48.86,2.35,19.9,13.4,16.2,0.0,26.3,69
2019-09-29,Paris,Europe,48.86,2.35,20.2,14.1,16.7,2.0,42.6,73
2019-09-30,Paris,Europe,48.86,2.35,19.1,13.5,16.1,0.2,22.1,70
2019-10-01,Paris,Europe,48.86,2.35,20.3,14.2,17.3,3.8,27.1,83
2019-10-02,Paris,Europe,48.86,2.35,15.7,7.5,13.2,0.9,21.3,70
2019-10-03,Paris,Europe,48.86,2.35,13.1,4.1,9.3,0.0,12.8,69
2019-10-04,Paris,Europe,48.86,2.35,17.5,11.4,14.3,5.0,29.6,76
2019-10-05,Paris,Europe,48.86,2.35,17.1,12.6,14.7,0.9,17.9,83
2019-10-06,Paris,Europe,48.86,2.35,17.0,12.8,14.3,3.4,25.6,81
2019-10-07,Paris,Europe,48.86,2.35,16.9,10.8,14.0,0.0,18.9,71
2019-10-08,Paris,Europe,48.86,2.35,16.4,11.9,14.2,11.8,19.8,89
2019-10-09,Paris,Europe,48.86,2.35,16.1,11.0,12.8,2.2,30.1,79
2019-10-10,Paris,Europe,48.86,2.35,17.4,10.6,13.5,1.2,25.1,72
2019-10-11,Paris,Europe,48.86,2.35,20.1,10.7,14.7,0.0,24.5,78
2019-10-12,Paris,Europe,48.86,2.35,20.5,11.6,16.0,0.4,20.3,84
2019-10-13,Paris,Europe,48.86,2.35,24.6,14.3,18.7,1.0,33.1,77
2019-10-14,Paris,Europe,48.86,2.35,24.0,13.8,18.2,2.2,26.0,78
2019-10-15,Paris,Europe,48.86,2.35,15.6,11.8,14.0,3.7,19.1,83
2019-10-16,Paris,Europe,48.86,2.35,16.8,11.5,13.9,11.8,29.8,84
2019-10-17,Paris,Europe,48.86,2.35,17.0,11.1,14.2,0.4,25.5,84
2019-10-18,Paris,Europe,48.86,2.35,16.5,12.6,14.1,2.9,29.2,71
2019-10-19,Paris,Europe,48.86,2.35,14.8,10.5,12.6,5.5,20.0,87
2019-10-20,Paris,Europe,48.86,2.35,13.0,10.6,11.6,13.6,16.6,91
2019-10-21,Paris,Europe,48.86,2.35,14.9,8.4,12.0,2.6,22.2,83
2019-10-22,Paris,Europe,48.86,2.35,13.7,7.2,10.4,0.2,13.7,90
2019-10-23,Paris,Europe,48.86,2.35,16.1,10.4,12.9,0.6,13.4,90
2019-10-24,Paris,Europe,48.86,2.35,16.9,11.1,13.8,0.7,29.7,86
2019-10-25,Paris,Europe,48.86,2.35,16.2,9.6,12.7,0.1,22.8,90
2019-10-26,Paris,Europe,48.86,2.35,19.9,10.8,15.0,0.0,21.3,78
2019-10-27,Paris,Europe,48.86,2.35,15.9,8.8,11.1,8.0,16.6,86
2019-10-28,Paris,Europe,48.86,2.35,12.4,7.3,9.8,0.4,18.2,71
2019-10-29,Paris,Europe,48.86,2.35,11.9,8.5,9.8,2.0,17.7,72
2019-10-30,Paris,Europe,48.86,2.35,9.7,7.1,8.5,4.4,14.8,89
2019-10-31,Paris,Europe,48.86,2.35,11.8,8.1,9.7,3.9,15.9,93
2019-11-01,Paris,Europe,48.86,2.35,15.9,7.8,12.5,15.1,23.0,94
2019-11-02,Paris,Europe,48.86,2.35,15.6,11.1,13.2,2.7,30.8,83
2019-11-03,Paris,Europe,48.86,2.35,12.7,10.6,11.3,9.0,22.9,88
2019-11-04,Paris,Europe,48.86,2.35,13.9,9.1,11.0,2.4,24.2,80
2019-11-05,Paris,Europe,48.86,2.35,11.6,6.2,9.1,1.1,19.8,85
2019-11-06,Paris,Europe,48.86,2.35,12.5,6.3,9.2,1.7,14.7,89
2019-11-07,Paris,Europe,48.86,2.35,10.6,5.8,8.6,10.2,28.6,79
2019-11-08,Paris,Europe,48.86,2.35,10.1,2.7,6.0,0.0,9.9,86
2019-11-09,Paris,Europe,48.86,2.35,9.9,2.9,6.4,0.8,17.4,82
2019-11-10,Paris,Europe,48.86,2.35,8.6,4.6,6.4,5.0,12.8,88
2019-11-11,Paris,Europe,48.86,2.35,8.6,4.0,5.6,3.6,23.7,90
2019-11-12,Paris,Europe,48.86,2.35,8.2,4.0,5.8,0.9,21.5,83
2019-11-13,Paris,Europe,48.86,2.35,9.6,4.6,6.5,0.7,24.5,84
2019-11-14,Paris,Europe,48.86,2.35,7.5,3.4,5.6,4.2,27.1,84
2019-11-15,Paris,Europe,48.86,2.35,5.2,1.7,3.5,19.6,19.1,95
2019-11-16,Paris,Europe,48.86,2.35,6.8,2.2,5.0,1.1,19.0,91
2019-11-17,Paris,Europe,48.86,2.35,8.1,-0.1,3.7,0.0,10.3,91
2019-11-18,Paris,Europe,48.86,2.35,8.2,2.6,5.4,4.4,20.4,91
2019-11-19,Paris,Europe,48.86,2.35,8.8,2.7,5.6,0.0,8.8,82
2019-11-20,Paris,Europe,48.86,2.35,7.0,-0.3,2.6,0.0,17.0,87
2019-11-21,Paris,Europe,48.86,2.35,10.1,0.2,5.1,0.9,16.9,88
2019-11-22,Paris,Europe,48.86,2.35,12.0,4.8,8.4,0.7,28.6,80
2019-11-23,Paris,Europe,48.86,2.35,10.8,7.8,9.5,7.2,28.5,87
2019-11-24,Paris,Europe,48.86,2.35,10.1,6.1,8.3,0.8,13.4,91
2019-11-25,Paris,Europe,48.86,2.35,11.6,6.3,9.1,0.8,18.3,91
2019-11-26,Paris,Europe,48.86,2.35,12.9,10.3,11.3,5.1,24.5,92
2019-11-27,Paris,Europe,48.86,2.35,11.6,9.3,10.7,5.8,30.6,84
2019-11-28,Paris,Europe,48.86,2.35,11.6,8.2,9.9,1.4,29.6,86
2019-11-29,Paris,Europe,48.86,2.35,8.8,5.7,7.8,0.9,12.6,89
2019-11-30,Paris,Europe,48.86,2.35,8.8,4.6,5.9,0.0,19.4,82
2019-12-01,Paris,Europe,48.86,2.35,4.8,2.2,3.5,1.6,18.2,83
2019-12-02,Paris,Europe,48.86,2.35,6.9,-1.9,1.9,0.0,15.5,88
2019-12-03,Paris,Europe,48.86,2.35,5.8,-1.6,2.2,0.0,12.0,94
2019-12-04,Paris,Europe,48.86,2.35,4.8,-2.7,0.6,0.0,10.2,91
2019-12-05,Paris,Europe,48.86,2.35,1.4,-3.5,-0.8,0.0,10.0,96
2019-12-06,Paris,Europe,48.86,2.35,7.4,-0.4,3.2,2.7,27.0,94
2019-12-07,Paris,Europe,48.86,2.35,10.4,6.3,8.1,0.5,17.6,92
2019-12-08,Paris,Europe,48.86,2.35,11.9,7.6,9.9,4.5,28.3,87
2019-12-09,Paris,Europe,48.86,2.35,8.7,2.0,7.0,4.1,36.7,76
2019-12-10,Paris,Europe,48.86,2.35,7.3,-1.4,3.5,1.0,23.8,84
2019-12-11,Paris,Europe,48.86,2.35,8.2,5.1,7.0,9.5,22.5,88
2019-12-12,Paris,Europe,48.86,2.35,7.6,1.6,4.7,7.1,28.8,91
2019-12-13,Paris,Europe,48.86,2.35,8.9,6.1,7.3,6.5,34.7,79
2019-12-14,Paris,Europe,48.86,2.35,10.4,7.1,8.6,2.6,44.3,76
2019-12-15,Paris,Europe,48.86,2.35,11.0,7.8,9.3,3.5,33.0,81
2019-12-16,Paris,Europe,48.86,2.35,10.5,7.3,8.8,4.7,14.8,93
2019-12-17,Paris,Europe,48.86,2.35,14.9,8.1,10.8,1.3,20.0,83
2019-12-18,Paris,Europe,48.86,2.35,10.5,4.4,8.1,0.0,17.6,91
2019-12-19,Paris,Europe,48.86,2.35,13.6,9.9,11.7,0.4,23.2,79
2019-12-20,Paris,Europe,48.86,2.35,13.3,7.3,10.4,13.2,36.0,81
2019-12-21,Paris,Europe,48.86,2.35,10.8,6.9,8.6,6.1,29.5,84
2019-12-22,Paris,Europe,48.86,2.35,9.6,7.1,8.6,2.7,32.3,81
2019-12-23,Paris,Europe,48.86,2.35,10.1,7.2,8.4,0.9,27.4,78
2019-12-24,Paris,Europe,48.86,2.35,12.3,7.7,10.5,3.4,26.3,80
2019-12-25,Paris,Europe,48.86,2.35,10.9,5.3,8.5,0.0,23.2,76
2019-12-26,Paris,Europe,48.86,2.35,11.0,3.2,6.7,6.3,24.4,85
2019-12-27,Paris,Europe,48.86,2.35,10.6,5.4,8.7,7.5,28.4,90
2019-12-28,Paris,Europe,48.86,2.35,8.4,1.2,6.4,0.0,10.2,88
2019-12-29,Paris,Europe,48.86,2.35,5.9,-2.0,1.1,0.0,10.0,90
2019-12-30,Paris,Europe,48.86,2.35,6.8,-2.0,0.9,0.0,11.9,89
2019-12-31,Paris,Europe,48.86,2.35,5.4,-2.8,0.2,0.0,11.6,94
2020-01-01,Paris,Europe,48.86,2.35,5.2,-1.0,2.8,0.6,12.2,97
2020-01-02,Paris,Europe,48.86,2.35,9.2,4.7,7.2,1.5,18.8,94
2020-01-03,Paris,Europe,48.86,2.35,11.5,7.9,9.7,0.9,24.4,88
2020-01-04,Paris,Europe,48.86,2.35,8.6,2.6,5.8,0.0,16.3,87
2020-01-05,Paris,Europe,48.86,2.35,8.9,2.3,5.3,0.0,7.6,92
2020-01-06,Paris,Europe,48.86,2.35,8.1,-0.9,3.2,0.1,16.7,90
2020-01-07,Paris,Europe,48.86,2.35,10.1,4.7,7.9,0.0,18.0,91
2020-01-08,Paris,Europe,48.86,2.35,12.2,10.1,11.2,0.3,16.6,93
2020-01-09,Paris,Europe,48.86,2.35,12.8,10.0,11.4,4.2,24.5,90
2020-01-10,Paris,Europe,48.86,2.35,9.8,2.1,7.2,1.8,23.8,87
2020-01-11,Paris,Europe,48.86,2.35,8.0,1.5,4.3,0.0,15.6,82
2020-01-12,Paris,Europe,48.86,2.35,9.9,2.6,6.3,0.0,20.4,87
2020-01-13,Paris,Europe,48.86,2.35,10.0,6.8,8.4,0.5,28.8,89
2020-01-14,Paris,Europe,48.86,2.35,11.0,9.6,10.1,4.2,35.0,69
2020-01-15,Paris,Europe,48.86,2.35,11.9,4.9,9.5,1.7,29.2,73
2020-01-16,Paris,Europe,48.86,2.35,13.4,2.9,8.2,0.0,21.2,85
2020-01-17,Paris,Europe,48.86,2.35,11.6,4.5,9.0,1.7,23.8,75
2020-01-18,Paris,Europe,48.86,2.35,8.4,0.6,4.5,0.0,17.1,83
2020-01-19,Paris,Europe,48.86,2.35,7.1,-0.5,3.0,0.0,22.0,84
2020-01-20,Paris,Europe,48.86,2.35,6.2,0.0,2.3,0.0,19.2,88
2020-01-21,Paris,Europe,48.86,2.35,5.0,-3.0,0.1,0.0,11.2,89
2020-01-22,Paris,Europe,48.86,2.35,2.5,-3.4,-1.2,0.0,12.6,91
2020-01-23,Paris,Europe,48.86,2.35,4.8,-2.4,0.2,0.0,13.0,88
2020-01-24,Paris,Europe,48.86,2.35,3.7,-3.5,-0.4,0.0,9.5,92
2020-01-25,Paris,Europe,48.86,2.35,3.7,-3.2,0.5,0.0,10.2,98
2020-01-26,Paris,Europe,48.86,2.35,9.6,-1.1,4.9,1.3,20.2,93
2020-01-27,Paris,Europe,48.86,2.35,9.0,7.3,8.4,6.3,28.3,89
2020-01-28,Paris,Europe,48.86,2.35,7.5,4.5,5.9,4.4,37.0,79
2020-01-29,Paris,Europe,48.86,2.35,9.2,4.2,6.0,0.3,25.3,81
2020-01-30,Paris,Europe,48.86,2.35,12.8,3.9,8.3,1.9,25.1,92
2020-01-31,Paris,Europe,48.86,2.35,13.4,10.6,11.9,0.1,21.9,87
2020-02-01,Paris,Europe,48.86,2.35,13.6,10.5,12.2,15.9,25.0,85
2020-02-02,Paris,Europe,48.86,2.35,15.4,10.6,12.6,10.0,29.4,89
2020-02-03,Paris,Europe,48.86,2.35,13.5,7.7,11.7,9.6,35.6,85
2020-02-04,Paris,Europe,48.86,2.35,8.4,5.2,6.5,2.9,30.7,75
2020-02-05,Paris,Europe,48.86,2.35,9.1,2.0,6.1,0.0,17.0,78
2020-02-06,Paris,Europe,48.86,2.35,9.6,-1.4,3.5,0.0,10.6,82
2020-02-07,Paris,Europe,48.86,2.35,11.3,-0.1,5.0,0.0,14.4,78
2020-02-08,Paris,Europe,48.86,2.35,10.8,7.2,8.5,2.5,17.9,87
2020-02-09,Paris,Europe,48.86,2.35,13.3,7.1,9.7,3.4,48.4,83
2020-02-10,Paris,Europe,48.86,2.35,13.2,6.9,9.6,6.2,49.0,73
2020-02-11,Paris,Europe,48.86,2.35,7.9,4.3,6.1,2.2,36.4,73
2020-02-12,Paris,Europe,48.86,2.35,8.9,3.8,5.7,0.1,29.2,73
2020-02-13,Paris,Europe,48.86,2.35,11.9,5.4,8.1,8.3,42.0,78
2020-02-14,Paris,Europe,48.86,2.35,12.1,6.9,9.0,0.0,20.5,75
2020-02-15,Paris,Europe,48.86,2.35,14.6,6.6,10.3,1.2,31.3,80
2020-02-16,Paris,Europe,48.86,2.35,17.4,9.9,13.7,7.7,51.2,69
2020-02-17,Paris,Europe,48.86,2.35,11.4,6.2,9.0,0.6,30.8,72
2020-02-18,Paris,Europe,48.86,2.35,10.2,3.8,7.1,0.0,27.5,73
2020-02-19,Paris,Europe,48.86,2.35,9.0,4.3,7.1,7.1,29.9,81
2020-02-20,Paris,Europe,48.86,2.35,11.2,5.2,8.5,3.1,34.3,83
2020-02-21,Paris,Europe,48.86,2.35,10.2,1.8,5.9,0.0,19.8,74
2020-02-22,Paris,Europe,48.86,2.35,12.9,4.0,8.3,0.3,25.0,79
2020-02-23,Paris,Europe,48.86,2.35,13.3,9.4,11.3,1.3,35.0,84
2020-02-24,Paris,Europe,48.86,2.35,12.9,10.2,11.5,1.3,30.8,82
2020-02-25,Paris,Europe,48.86,2.35,10.0,4.8,8.3,6.6,29.3,80
2020-02-26,Paris,Europe,48.86,2.35,6.4,2.2,4.1,5.1,31.5,80
2020-02-27,Paris,Europe,48.86,2.35,10.8,2.5,5.1,9.8,48.0,78
2020-02-28,Paris,Europe,48.86,2.35,10.0,0.2,5.1,4.6,25.2,84
2020-02-29,Paris,Europe,48.86,2.35,11.4,6.2,9.0,2.3,46.6,75
2020-03-01,Paris,Europe,48.86,2.35,8.8,2.8,6.0,15.5,27.7,83
2020-03-02,Paris,Europe,48.86,2.35,8.7,4.2,6.4,10.7,26.2,84
2020-03-03,Paris,Europe,48.86,2.35,8.9,2.3,4.8,1.1,17.1,81
2020-03-04,Paris,Europe,48.86,2.35,7.8,2.2,5.4,2.4,20.2,87
2020-03-05,Paris,Europe,48.86,2.35,12.6,6.2,8.8,20.1,40.4,90
2020-03-06,Paris,Europe,48.86,2.35,9.2,2.3,6.2,1.5,34.9,77
2020-03-07,Paris,Europe,48.86,2.35,11.0,0.9,6.5,0.1,17.7,77
2020-03-08,Paris,Europe,48.86,2.35,11.1,6.3,8.7,3.8,34.7,84
2020-03-09,Paris,Europe,48.86,2.35,10.8,4.8,7.6,1.7,26.2,77
2020-03-10,Paris,Europe,48.86,2.35,14.1,7.1,11.3,4.4,32.4,87
2020-03-11,Paris,Europe,48.86,2.35,16.0,11.6,13.6,0.3,30.5,77
2020-03-12,Paris,Europe,48.86,2.35,12.7,6.9,10.5,0.9,28.3,70
2020-03-13,Paris,Europe,48.86,2.35,11.4,4.2,7.2,0.0,21.0,66
2020-03-14,Paris,Europe,48.86,2.35,11.4,5.1,7.7,2.5,18.5,86
2020-03-15,Paris,Europe,48.86,2.35,15.9,6.0,9.8,0.0,23.7,79
2020-03-16,Paris,Europe,48.86,2.35,12.6,5.1,8.7,0.9,12.0,84
2020-03-17,Paris,Europe,48.86,2.35,14.1,4.6,9.5,0.0,8.8,79
2020-03-18,Paris,Europe,48.86,2.35,17.2,6.1,11.2,0.0,9.4,81
2020-03-19,Paris,Europe,48.86,2.35,18.8,6.4,12.1,0.0,12.3,80
2020-03-20,Paris,Europe,48.86,2.35,15.9,7.7,10.9,4.0,20.3,84
2020-03-21,Paris,Europe,48.86,2.35,9.3,4.8,7.4,0.2,24.5,77
2020-03-22,Paris,Europe,48.86,2.35,11.6,4.2,7.2,0.0,24.8,61
2020-03-23,Paris,Europe,48.86,2.35,11.1,0.9,5.7,0.0,19.8,50
2020-03-24,Paris,Europe,48.86,2.35,12.0,-0.8,5.2,0.0,16.0,49
2020-03-25,Paris,Europe,48.86,2.35,11.6,-0.6,5.2,0.0,19.5,51
2020-03-26,Paris,Europe,48.86,2.35,10.4,0.6,5.3,0.0,21.9,48
2020-03-27,Paris,Europe,48.86,2.35,13.4,0.6,7.0,0.0,17.6,64
2020-03-28,Paris,Europe,48.86,2.35,15.6,1.9,8.9,0.0,25.0,71
2020-03-29,Paris,Europe,48.86,2.35,8.9,3.5,5.9,0.0,37.6,53
2020-03-30,Paris,Europe,48.86,2.35,8.6,-0.6,4.2,0.0,28.9,45
2020-03-31,Paris,Europe,48.86,2.35,10.9,1.4,6.0,0.0,21.6,69
2020-04-01,Paris,Europe,48.86,2.35,11.9,-0.9,5.6,0.0,11.9,60
2020-04-02,Paris,Europe,48.86,2.35,9.6,-1.3,5.3,0.0,14.0,69
2020-04-03,Paris,Europe,48.86,2.35,13.3,4.8,9.1,0.1,14.2,78
2020-04-04,Paris,Europe,48.86,2.35,16.6,4.1,10.2,0.2,14.3,69
2020-04-05,Paris,Europe,48.86,2.35,21.4,3.7,12.3,0.0,16.9,61
2020-04-06,Paris,Europe,48.86,2.35,14.6,9.1,11.7,6.2,19.0,72
2020-04-07,Paris,Europe,48.86,2.35,22.0,8.8,14.3,0.5,13.6,77
2020-04-08,Paris,Europe,48.86,2.35,23.9,8.1,15.7,0.0,11.6,59
2020-04-09,Paris,Europe,48.86,2.35,24.5,8.4,16.3,0.0,15.5,59
2020-04-10,Paris,Europe,48.86,2.35,24.4,7.8,16.4,0.0,15.4,61
2020-04-11,Paris,Europe,48.86,2.35,23.8,9.6,17.0,0.0,11.5,58
2020-04-12,Paris,Europe,48.86,2.35,23.3,10.8,16.8,0.2,13.4,54
2020-04-13,Paris,Europe,48.86,2.35,17.0,7.4,12.5,0.0,31.1,58
2020-04-14,Paris,Europe,48.86,2.35,12.9,2.8,7.9,0.0,21.9,49
2020-04-15,Paris,Europe,48.86,2.35,19.6,3.3,11.1,0.0,17.1,48
2020-04-16,Paris,Europe,48.86,2.35,23.0,7.1,15.6,0.1,12.4,59
2020-04-17,Paris,Europe,48.86,2.35,23.6,9.6,16.9,0.9,13.8,66
2020-04-18,Paris,Europe,48.86,2.35,20.7,12.3,16.4,5.0,14.1,74
2020-04-19,Paris,Europe,48.86,2.35,20.1,9.1,14.2,0.0,22.6,73
2020-04-20,Paris,Europe,48.86,2.35,20.8,11.4,15.8,0.0,22.2,55
2020-04-21,Paris,Europe,48.86,2.35,20.4,10.7,15.9,0.0,18.8,44
2020-04-22,Paris,Europe,48.86,2.35,21.9,9.9,15.9,0.0,15.3,47
2020-04-23,Paris,Europe,48.86,2.35,24.2,8.4,16.4,0.0,11.2,53
2020-04-24,Paris,Europe,48.86,2.35,23.1,9.2,17.2,0.0,12.3,55
2020-04-25,Paris,Europe,48.86,2.35,20.2,10.8,14.8,0.3,14.7,51
2020-04-26,Paris,Europe,48.86,2.35,20.2,5.6,13.4,0.0,9.0,56
2020-04-27,Paris,Europe,48.86,2.35,22.4,9.7,16.3,1.5,10.6,60
2020-04-28,Paris,Europe,48.86,2.35,18.3,12.6,15.0,3.4,27.9,71
2020-04-29,Paris,Europe,48.86,2.35,16.3,10.1,12.6,4.7,31.8,77
2020-04-30,Paris,Europe,48.86,2.35,14.6,8.2,11.4,3.8,33.4,76
2020-05-01,Paris,Europe,48.86,2.35,15.6,9.1,11.4,4.0,23.8,76
2020-05-02,Paris,Europe,48.86,2.35,16.0,6.6,11.3,0.7,21.0,64
2020-05-03,Paris,Europe,48.86,2.35,17.7,7.6,12.4,1.3,16.6,79
2020-05-04,Paris,Europe,48.86,2.35,18.2,10.2,14.6,1.2,18.7,79
2020-05-05,Paris,Europe,48.86,2.35,14.4,10.6,12.4,5.5,19.7,75
2020-05-06,Paris,Europe,48.86,2.35,19.8,8.2,13.9,0.0,12.0,60
2020-05-07,Paris,Europe,48.86,2.35,20.9,6.0,14.0,0.0,10.5,60
2020-05-08,Paris,Europe,48.86,2.35,23.3,7.6,15.9,0.3,10.7,62
2020-05-09,Paris,Europe,48.86,2.35,21.6,14.0,17.5,4.4,11.0,77
2020-05-10,Paris,Europe,48.86,2.35,21.5,12.7,16.6,4.3,28.2,87
2020-05-11,Paris,Europe,48.86,2.35,13.1,6.2,9.9,2.6,37.4,59
2020-05-12,Paris,Europe,48.86,2.35,14.2,4.4,9.5,0.0,19.9,51
2020-05-13,Paris,Europe,48.86,2.35,15.9,5.3,10.5,0.0,25.3,53
2020-05-14,Paris,Europe,48.86,2.35,15.3,5.9,10.4,0.0,28.0,48
2020-05-15,Paris,Europe,48.86,2.35,16.9,5.6,11.5,0.0,21.8,51
2020-05-16,Paris,Europe,48.86,2.35,18.6,5.2,12.8,0.0,14.9,57
2020-05-17,Paris,Europe,48.86,2.35,19.5,5.7,13.5,0.0,11.7,61
2020-05-18,Paris,Europe,48.86,2.35,22.0,8.1,15.4,0.0,13.4,62
2020-05-19,Paris,Europe,48.86,2.35,24.9,7.6,16.3,0.0,18.7,61
2020-05-20,Paris,Europe,48.86,2.35,27.0,11.6,20.0,0.0,12.5,62
2020-05-21,Paris,Europe,48.86,2.35,28.3,15.0,22.2,0.0,11.5,57
2020-05-22,Paris,Europe,48.86,2.35,24.7,15.8,20.1,1.2,20.7,68
2020-05-23,Paris,Europe,48.86,2.35,18.8,11.6,15.4,4.9,26.4,61
2020-05-24,Paris,Europe,48.86,2.35,19.0,8.7,14.4,0.0,17.7,63
2020-05-25,Paris,Europe,48.86,2.35,22.7,9.9,16.8,0.0,14.7,62
2020-05-26,Paris,Europe,48.86,2.35,24.8,10.5,18.6,0.0,17.3,54
2020-05-27,Paris,Europe,48.86,2.35,25.8,12.9,20.0,0.0,20.8,49
2020-05-28,Paris,Europe,48.86,2.35,24.4,12.1,18.7,0.0,18.5,49
2020-05-29,Paris,Europe,48.86,2.35,24.4,12.8,19.1,0.0,20.9,36
2020-05-30,Paris,Europe,48.86,2.35,24.8,10.4,19.0,0.0,20.5,44
2020-05-31,Paris,Europe,48.86,2.35,24.0,12.8,18.5,0.0,21.7,42
2020-06-01,Paris,Europe,48.86,2.35,26.3,12.6,19.8,0.0,15.3,47
2020-06-02,Paris,Europe,48.86,2.35,29.0,12.6,21.9,0.0,13.6,50
2020-06-03,Paris,Europe,48.86,2.35,24.7,16.1,20.2,2.7,15.0,55
2020-06-04,Paris,Europe,48.86,2.35,17.9,12.2,14.2,5.5,26.3,75
2020-06-05,Paris,Europe,48.86,2.35,18.0,11.1,13.7,2.1,33.7,69
2020-06-06,Paris,Europe,48.86,2.35,17.6,11.1,14.2,1.8,25.2,57
2020-06-07,Paris,Europe,48.86,2.35,18.1,9.4,13.9,3.2,14.2,68
2020-06-08,Paris,Europe,48.86,2.35,18.5,11.4,14.9,2.8,20.6,70
2020-06-09,Paris,Europe,48.86,2.35,18.2,8.6,13.6,0.3,18.7,66
2020-06-10,Paris,Europe,48.86,2.35,18.9,9.3,14.5,0.2,15.9,66
2020-06-11,Paris,Europe,48.86,2.35,22.1,11.6,16.7,4.8,17.5,70
2020-06-12,Paris,Europe,48.86,2.35,19.9,14.2,16.6,5.9,21.4,78
2020-06-13,Paris,Europe,48.86,2.35,22.4,11.6,17.3,0.0,22.0,68
2020-06-14,Paris,Europe,48.86,2.35,21.4,12.4,17.4,0.4,18.1,70
2020-06-15,Paris,Europe,48.86,2.35,21.9,13.3,17.7,0.8,17.3,71
2020-06-16,Paris,Europe,48.86,2.35,22.6,13.4,17.8,0.9,16.2,73
2020-06-17,Paris,Europe,48.86,2.35,20.4,13.1,17.1,0.9,10.5,72
2020-06-18,Paris,Europe,48.86,2.35,19.9,12.7,16.4,3.6,17.6,76
2020-06-19,Paris,Europe,48.86,2.35,20.8,12.1,16.4,0.8,17.2,74
2020-06-20,Paris,Europe,48.86,2.35,22.3,14.2,18.6,1.5,8.4,71
2020-06-21,Paris,Europe,48.86,2.35,22.0,14.2,17.7,1.4,23.5,73
2020-06-22,Paris,Europe,48.86,2.35,23.0,10.4,17.2,0.0,9.6,67
2020-06-23,Paris,Europe,48.86,2.35,28.6,11.9,21.4,0.0,15.9,55
2020-06-24,Paris,Europe,48.86,2.35,32.0,16.1,25.1,0.0,19.1,47
2020-06-25,Paris,Europe,48.86,2.35,33.1,18.8,26.6,0.3,12.2,44
2020-06-26,Paris,Europe,48.86,2.35,31.7,20.7,24.8,5.9,21.4,59
2020-06-27,Paris,Europe,48.86,2.35,22.6,17.2,20.2,0.6,31.3,73
2020-06-28,Paris,Europe,48.86,2.35,22.1,15.6,18.7,0.1,21.4,59
2020-06-29,Paris,Europe,48.86,2.35,20.8,14.1,17.6,1.6,22.4,59
2020-06-30,Paris,Europe,48.86,2.35,22.8,15.5,19.0,0.0,26.2,64
2020-07-01,Paris,Europe,48.86,2.35,23.5,17.2,19.7,4.6,22.2,78
2020-07-02,Paris,Europe,48.86,2.35,20.8,14.0,17.5,0.6,20.9,70
2020-07-03,Paris,Europe,48.86,2.35,21.6,11.8,17.4,0.0,18.4,63
2020-07-04,Paris,Europe,48.86,2.35,23.6,14.4,19.3,0.0,27.6,67
2020-07-05,Paris,Europe,48.86,2.35,23.9,15.6,20.4,0.5,26.1,72
2020-07-06,Paris,Europe,48.86,2.35,21.0,11.8,16.3,0.0,23.7,58
2020-07-07,Paris,Europe,48.86,2.35,23.2,9.1,17.2,0.0,10.7,61
2020-07-08,Paris,Europe,48.86,2.35,25.9,12.4,20.0,0.0,21.6,64
2020-07-09,Paris,Europe,48.86,2.35,30.2,14.6,23.0,0.0,21.3,62
2020-07-10,Paris,Europe,48.86,2.35,22.1,15.2,19.1,0.1,23.0,60
2020-07-11,Paris,Europe,48.86,2.35,23.6,10.4,17.6,0.0,18.1,51
2020-07-12,Paris,Europe,48.86,2.35,25.0,11.4,19.0,0.0,16.3,50
2020-07-13,Paris,Europe,48.86,2.35,26.6,13.4,20.7,0.0,19.5,44
2020-07-14,Paris,Europe,48.86,2.35,22.6,13.9,18.2,1.7,15.9,63
2020-07-15,Paris,Europe,48.86,2.35,21.5,15.6,18.4,1.3,16.1,65
2020-07-16,Paris,Europe,48.86,2.35,20.8,15.9,18.3,0.1,16.1,70
2020-07-17,Paris,Europe,48.86,2.35,25.3,16.0,20.8,0.0,15.9,62
2020-07-18,Paris,Europe,48.86,2.35,27.5,15.4,21.7,0.0,13.0,61
2020-07-19,Paris,Europe,48.86,2.35,29.1,13.6,21.8,0.0,18.7,55
2020-07-20,Paris,Europe,48.86,2.35,25.8,14.8,20.4,0.0,19.5,56
2020-07-21,Paris,Europe,48.86,2.35,25.4,12.9,19.6,0.0,17.1,44
2020-07-22,Paris,Europe,48.86,2.35,25.1,13.0,19.5,0.0,17.6,44
2020-07-23,Paris,Europe,48.86,2.35,27.2,13.5,20.9,0.0,15.3,44
2020-07-24,Paris,Europe,48.86,2.35,24.2,16.4,20.8,0.7,16.9,57
2020-07-25,Paris,Europe,48.86,2.35,26.6,16.0,21.1,0.7,23.8,64
2020-07-26,Paris,Europe,48.86,2.35,24.9,16.9,20.6,1.1,19.1,62
2020-07-27,Paris,Europe,48.86,2.35,30.6,15.2,23.1,0.0,28.0,49
2020-07-28,Paris,Europe,48.86,2.35,23.7,16.3,20.4,0.2,19.2,57
2020-07-29,Paris,Europe,48.86,2.35,25.6,11.6,19.1,0.0,10.4,56
2020-07-30,Paris,Europe,48.86,2.35,31.2,13.3,23.0,0.0,13.4,46
2020-07-31,Paris,Europe,48.86,2.35,38.2,19.2,28.2,0.0,24.5,38
2020-08-01,Paris,Europe,48.86,2.35,27.3,19.2,23.7,0.0,14.3,60
2020-08-02,Paris,Europe,48.86,2.35,24.4,16.5,20.4,0.0,18.8,53
2020-08-03,Paris,Europe,48.86,2.35,22.9,14.6,18.1,0.3,22.7,58
2020-08-04,Paris,Europe,48.86,2.35,25.4,11.8,19.1,0.0,12.0,56
2020-08-05,Paris,Europe,48.86,2.35,30.0,13.3,22.6,0.0,14.2,39
2020-08-06,Paris,Europe,48.86,2.35,33.4,14.9,25.2,0.0,9.8,39
2020-08-07,Paris,Europe,48.86,2.35,35.5,18.8,27.7,0.0,12.5,38
2020-08-08,Paris,Europe,48.86,2.35,36.2,19.7,28.9,0.0,14.8,40
2020-08-09,Paris,Europe,48.86,2.35,37.5,22.8,30.4,0.0,18.9,38
2020-08-10,Paris,Europe,48.86,2.35,32.2,23.3,27.8,0.6,12.8,48
2020-08-11,Paris,Europe,48.86,2.35,34.5,21.4,28.5,0.1,14.1,48
2020-08-12,Paris,Europe,48.86,2.35,35.2,21.9,28.0,1.6,15.5,52
2020-08-13,Paris,Europe,48.86,2.35,28.8,20.3,23.7,3.1,21.9,73
2020-08-14,Paris,Europe,48.86,2.35,25.0,19.1,21.5,4.3,12.0,79
2020-08-15,Paris,Europe,48.86,2.35,26.4,17.8,21.6,0.4,11.1,76
2020-08-16,Paris,Europe,48.86,2.35,25.4,17.9,21.1,1.1,15.5,76
2020-08-17,Paris,Europe,48.86,2.35,23.1,16.2,19.1,2.8,21.3,75
2020-08-18,Paris,Europe,48.86,2.35,25.3,14.9,20.7,0.1,11.5,67
2020-08-19,Paris,Europe,48.86,2.35,24.9,17.4,21.0,3.7,23.8,78
2020-08-20,Paris,Europe,48.86,2.35,31.3,19.0,24.9,0.5,16.7,66
2020-08-21,Paris,Europe,48.86,2.35,27.4,19.9,23.9,2.5,26.7,57
2020-08-22,Paris,Europe,48.86,2.35,24.5,16.5,20.8,0.2,28.2,61
2020-08-23,Paris,Europe,48.86,2.35,21.8,14.8,18.5,0.3,21.0,65
2020-08-24,Paris,Europe,48.86,2.35,22.4,12.9,18.0,0.0,18.0,66
2020-08-25,Paris,Europe,48.86,2.35,27.6,15.6,20.5,1.1,35.4,64
2020-08-26,Paris,Europe,48.86,2.35,23.6,15.3,19.4,0.0,27.2,59
2020-08-27,Paris,Europe,48.86,2.35,25.2,12.9,18.5,2.1,28.4,69
2020-08-28,Paris,Europe,48.86,2.35,21.2,13.7,16.8,4.0,25.9,78
2020-08-29,Paris,Europe,48.86,2.35,18.0,12.1,14.8,0.7,21.4,80
2020-08-30,Paris,Europe,48.86,2.35,18.9,11.9,15.0,4.9,24.1,83
2020-08-31,Paris,Europe,48.86,2.35,19.4,11.8,15.4,0.0,13.9,70
2020-09-01,Paris,Europe,48.86,2.35,20.0,10.4,15.3,0.0,11.5,70
2020-09-02,Paris,Europe,48.86,2.35,20.6,8.6,15.5,0.0,8.4,65
2020-09-03,Paris,Europe,48.86,2.35,25.8,14.9,20.5,0.0,16.8,53
2020-09-04,Paris,Europe,48.86,2.35,27.1,16.4,21.0,0.0,14.6,66
2020-09-05,Paris,Europe,48.86,2.35,20.2,13.2,17.1,0.2,17.4,67
2020-09-06,Paris,Europe,48.86,2.35,18.1,11.8,15.0,0.4,13.6,69
2020-09-07,Paris,Europe,48.86,2.35,22.0,8.9,16.2,0.0,10.4,66
2020-09-08,Paris,Europe,48.86,2.35,24.4,12.7,18.5,0.0,13.1,72
2020-09-09,Paris,Europe,48.86,2.35,26.8,15.1,20.4,0.0,16.3,71
2020-09-10,Paris,Europe,48.86,2.35,25.0,17.2,20.7,0.3,11.7,73
2020-09-11,Paris,Europe,48.86,2.35,25.6,16.5,20.4,0.0,13.5,60
2020-09-12,Paris,Europe,48.86,2.35,22.5,12.1,17.2,0.0,10.3,68
2020-09-13,Paris,Europe,48.86,2.35,27.4,11.8,19.0,0.0,9.4,61
2020-09-14,Paris,Europe,48.86,2.35,33.0,12.9,22.8,0.0,11.0,50
2020-09-15,Paris,Europe,48.86,2.35,33.5,16.7,25.2,0.0,10.9,45
2020-09-16,Paris,Europe,48.86,2.35,30.5,17.0,23.7,0.1,19.7,61
2020-09-17,Paris,Europe,48.86,2.35,25.5,16.6,20.8,0.0,19.5,51
2020-09-18,Paris,Europe,48.86,2.35,28.0,14.2,21.3,0.0,20.7,52
2020-09-19,Paris,Europe,48.86,2.35,28.0,20.8,24.2,0.1,16.1,55
2020-09-20,Paris,Europe,48.86,2.35,27.8,16.2,21.6,0.0,15.7,67
2020-09-21,Paris,Europe,48.86,2.35,26.2,12.4,19.2,0.0,10.4,47
2020-09-22,Paris,Europe,48.86,2.35,25.5,9.9,17.7,0.0,13.6,58
2020-09-23,Paris,Europe,48.86,2.35,22.7,15.1,18.3,5.4,24.5,78
2020-09-24,Paris,Europe,48.86,2.35,17.0,10.5,13.5,4.8,26.9,80
2020-09-25,Paris,Europe,48.86,2.35,13.3,9.6,11.4,2.4,34.1,66
2020-09-26,Paris,Europe,48.86,2.35,14.2,9.4,11.7,0.3,29.5,62
2020-09-27,Paris,Europe,48.86,2.35,13.9,10.2,12.2,10.7,34.8,87
2020-09-28,Paris,Europe,48.86,2.35,15.9,12.2,13.5,7.0,20.2,83
2020-09-29,Paris,Europe,48.86,2.35,17.9,12.9,15.5,1.0,13.7,89
2020-09-30,Paris,Europe,48.86,2.35,18.7,12.7,15.7,0.4,18.1,82
2020-10-01,Paris,Europe,48.86,2.35,16.0,10.9,13.8,10.3,24.2,79
2020-10-02,Paris,Europe,48.86,2.35,14.1,11.6,12.8,15.8,26.1,89
2020-10-03,Paris,Europe,48.86,2.35,14.5,9.0,11.6,6.1,16.6,85
2020-10-04,Paris,Europe,48.86,2.35,14.1,8.4,11.5,3.3,31.1,78
2020-10-05,Paris,Europe,48.86,2.35,13.9,10.6,12.1,12.9,28.8,85
2020-10-06,Paris,Europe,48.86,2.35,15.2,11.7,13.3,1.9,31.4,77
2020-10-07,Paris,Europe,48.86,2.35,16.6,11.7,13.7,1.0,24.9,74
2020-10-08,Paris,Europe,48.86,2.35,18.9,13.9,16.0,0.3,30.3,78
2020-10-09,Paris,Europe,48.86,2.35,16.8,11.4,14.7,4.6,18.4,81
2020-10-10,Paris,Europe,48.86,2.35,13.9,8.1,11.3,0.0,17.7,71
2020-10-11,Paris,Europe,48.86,2.35,13.9,7.6,10.3,0.6,17.4,81
2020-10-12,Paris,Europe,48.86,2.35,13.8,5.5,9.9,0.3,11.5,78
2020-10-13,Paris,Europe,48.86,2.35,12.4,6.3,10.0,3.5,18.9,85
2020-10-14,Paris,Europe,48.86,2.35,13.4,5.7,9.2,1.8,21.8,82
2020-10-15,Paris,Europe,48.86,2.35,12.2,7.2,9.3,0.1,22.3,75
2020-10-16,Paris,Europe,48.86,2.35,12.9,6.2,9.2,0.0,15.4,77
2020-10-17,Paris,Europe,48.86,2.35,12.9,7.8,9.9,0.2,10.0,78
2020-10-18,Paris,Europe,48.86,2.35,13.1,6.4,9.4,0.0,7.9,82
2020-10-19,Paris,Europe,48.86,2.35,14.2,4.0,9.1,0.0,19.1,77
2020-10-20,Paris,Europe,48.86,2.35,15.4,8.8,13.1,7.0,23.2,84
2020-10-21,Paris,Europe,48.86,2.35,20.5,13.1,16.6,4.2,39.6,74
2020-10-22,Paris,Europe,48.86,2.35,19.0,12.3,15.2,2.2,20.0,88
2020-10-23,Paris,Europe,48.86,2.35,18.0,12.3,14.6,0.6,16.4,85
2020-10-24,Paris,Europe,48.86,2.35,16.5,11.2,14.0,0.4,32.9,84
2020-10-25,Paris,Europe,48.86,2.35,14.7,9.8,12.6,10.3,30.1,82
2020-10-26,Paris,Europe,48.86,2.35,12.8,6.9,9.8,0.5,26.7,81
2020-10-27,Paris,Europe,48.86,2.35,13.8,7.4,10.2,3.5,31.1,90
2020-10-28,Paris,Europe,48.86,2.35,14.1,9.6,12.0,1.1,29.6,83
2020-10-29,Paris,Europe,48.86,2.35,13.9,10.3,12.4,1.8,22.7,85
2020-10-30,Paris,Europe,48.86,2.35,16.5,10.9,14.2,0.1,22.1,82
2020-10-31,Paris,Europe,48.86,2.35,17.5,9.1,13.6,2.1,23.8,85
2020-11-01,Paris,Europe,48.86,2.35,18.7,12.9,16.2,4.2,32.1,87
2020-11-02,Paris,Europe,48.86,2.35,19.0,10.2,16.1,1.9,32.9,80
2020-11-03,Paris,Europe,48.86,2.35,11.9,5.8,8.6,0.0,21.3,76
2020-11-04,Paris,Europe,48.86,2.35,11.0,2.0,5.8,0.0,12.8,84
2020-11-05,Paris,Europe,48.86,2.35,11.4,2.8,6.4,0.0,19.2,82
2020-11-06,Paris,Europe,48.86,2.35,12.0,3.2,6.9,0.2,18.0,85
2020-11-07,Paris,Europe,48.86,2.35,16.5,6.2,11.1,0.0,12.4,88
2020-11-08,Paris,Europe,48.86,2.35,17.7,10.4,13.2,0.3,15.1,87
2020-11-09,Paris,Europe,48.86,2.35,17.1,8.4,11.8,0.1,9.4,93
2020-11-10,Paris,Europe,48.86,2.35,14.4,8.1,11.4,2.1,10.2,95
2020-11-11,Paris,Europe,48.86,2.35,12.8,8.1,10.5,0.2,17.1,92
2020-11-12,Paris,Europe,48.86,2.35,13.9,7.5,11.1,0.7,20.1,80
2020-11-13,Paris,Europe,48.86,2.35,15.3,7.9,12.0,1.6,19.9,87
2020-11-14,Paris,Europe,48.86,2.35,16.4,10.5,13.0,1.1,21.8,82
2020-11-15,Paris,Europe,48.86,2.35,15.6,10.6,13.4,5.1,37.4,77
2020-11-16,Paris,Europe,48.86,2.35,12.3,10.6,11.4,0.2,30.9,73
2020-11-17,Paris,Europe,48.86,2.35,13.7,8.7,11.4,0.0,15.8,83
2020-11-18,Paris,Europe,48.86,2.35,15.9,6.4,10.9,0.0,19.4,83
2020-11-19,Paris,Europe,48.86,2.35,14.4,7.2,9.6,1.9,29.5,80
2020-11-20,Paris,Europe,48.86,2.35,8.9,2.4,6.3,0.0,10.6,85
2020-11-21,Paris,Europe,48.86,2.35,10.2,3.8,6.4,0.0,13.0,81
2020-11-22,Paris,Europe,48.86,2.35,10.5,3.8,6.8,0.2,9.3,85
2020-11-23,Paris,Europe,48.86,2.35,12.2,6.2,8.8,0.1,7.6,91
2020-11-24,Paris,Europe,48.86,2.35,9.1,3.2,5.8,0.0,12.2,90
2020-11-25,Paris,Europe,48.86,2.35,11.6,4.1,7.5,0.0,12.6,87
2020-11-26,Paris,Europe,48.86,2.35,10.6,1.5,5.0,0.0,10.7,94
2020-11-27,Paris,Europe,48.86,2.35,10.6,3.2,6.0,0.1,10.8,96
2020-11-28,Paris,Europe,48.86,2.35,10.8,1.8,5.0,0.0,10.5,91
2020-11-29,Paris,Europe,48.86,2.35,4.6,0.3,2.6,0.0,13.0,90
2020-11-30,Paris,Europe,48.86,2.35,7.6,-2.9,2.0,0.1,18.4,88
2020-12-01,Paris,Europe,48.86,2.35,8.9,4.9,7.0,1.2,26.0,83
2020-12-02,Paris,Europe,48.86,2.35,8.5,5.8,6.8,0.8,18.5,85
2020-12-03,Paris,Europe,48.86,2.35,8.0,5.7,6.5,8.1,30.2,92
2020-12-04,Paris,Europe,48.86,2.35,8.1,2.0,5.3,1.5,35.5,80
2020-12-05,Paris,Europe,48.86,2.35,6.2,1.3,3.8,2.5,25.2,87
2020-12-06,Paris,Europe,48.86,2.35,5.8,2.0,3.8,1.2,17.4,90
2020-12-07,Paris,Europe,48.86,2.35,5.1,-0.2,2.4,0.0,11.5,95
2020-12-08,Paris,Europe,48.86,2.35,4.6,-1.2,1.0,0.0,13.2,92
2020-12-09,Paris,Europe,48.86,2.35,4.6,-1.8,1.3,0.0,11.9,94
2020-12-10,Paris,Europe,48.86,2.35,6.2,2.7,4.5,0.0,16.7,87
2020-12-11,Paris,Europe,48.86,2.35,11.1,5.6,8.2,19.3,26.8,93
2020-12-12,Paris,Europe,48.86,2.35,10.4,4.9,7.7,3.2,21.3,92
2020-12-13,Paris,Europe,48.86,2.35,8.9,2.5,5.4,1.3,22.7,91
2020-12-14,Paris,Europe,48.86,2.35,11.4,8.6,9.9,4.2,23.4,91
2020-12-15,Paris,Europe,48.86,2.35,11.9,6.4,9.3,9.7,17.0,92
2020-12-16,Paris,Europe,48.86,2.35,10.0,6.2,8.2,0.2,19.0,92
2020-12-17,Paris,Europe,48.86,2.35,11.0,7.1,8.9,2.8,21.5,91
2020-12-18,Paris,Europe,48.86,2.35,10.3,5.8,7.5,0.0,17.9,92
2020-12-19,Paris,Europe,48.86,2.35,11.1,6.4,9.2,1.3,23.3,91
2020-12-20,Paris,Europe,48.86,2.35,10.9,6.6,8.4,0.1,22.2,89
2020-12-21,Paris,Europe,48.86,2.35,13.6,6.7,10.1,12.0,26.7,92
2020-12-22,Paris,Europe,48.86,2.35,14.7,12.9,13.9,6.5,27.2,90
2020-12-23,Paris,Europe,48.86,2.35,13.6,8.9,12.0,18.0,28.7,85
2020-12-24,Paris,Europe,48.86,2.35,9.4,2.5,6.3,9.5,30.3,86
2020-12-25,Paris,Europe,48.86,2.35,5.7,0.4,3.3,0.6,22.1,89
2020-12-26,Paris,Europe,48.86,2.35,4.9,-0.6,2.6,0.0,26.2,87
2020-12-27,Paris,Europe,48.86,2.35,8.1,4.1,6.2,17.0,45.2,87
2020-12-28,Paris,Europe,48.86,2.35,6.2,1.8,3.5,8.4,27.2,91
2020-12-29,Paris,Europe,48.86,2.35,5.2,1.6,3.5,2.3,20.1,92
2020-12-30,Paris,Europe,48.86,2.35,6.3,0.7,3.7,1.3,16.3,90
2020-12-31,Paris,Europe,48.86,2.35,5.9,-1.8,3.5,3.2,21.7,91
2021-01-01,Paris,Europe,48.86,2.35,3.6,-2.2,0.2,0.0,8.7,90
2021-01-02,Paris,Europe,48.86,2.35,3.3,-2.7,0.6,0.2,8.4,94
2021-01-03,Paris,Europe,48.86,2.35,3.5,0.3,1.8,0.1,10.6,93
2021-01-04,Paris,Europe,48.86,2.35,2.8,1.3,2.0,0.1,16.5,90
2021-01-05,Paris,Europe,48.86,2.35,3.1,1.1,1.9,0.2,14.1,90
2021-01-06,Paris,Europe,48.86,2.35,3.8,0.3,2.4,0.6,12.4,93
2021-01-07,Paris,Europe,48.86,2.35,3.7,-0.8,1.5,0.9,9.8,95
2021-01-08,Paris,Europe,48.86,2.35,3.3,-1.6,0.6,0.0,8.1,91
2021-01-09,Paris,Europe,48.86,2.35,3.4,-2.5,0.5,0.0,16.8,88
2021-01-10,Paris,Europe,48.86,2.35,3.2,-2.7,-0.2,0.0,10.8,92
2021-01-11,Paris,Europe,48.86,2.35,5.1,-2.7,1.8,0.0,20.2,92
2021-01-12,Paris,Europe,48.86,2.35,9.1,4.8,6.8,8.4,28.1,90
2021-01-13,Paris,Europe,48.86,2.35,9.8,4.7,7.3,1.5,25.6,94
2021-01-14,Paris,Europe,48.86,2.35,10.1,5.7,8.6,6.5,28.0,90
2021-01-15,Paris,Europe,48.86,2.35,3.1,0.1,1.6,0.1,26.6,76
2021-01-16,Paris,Europe,48.86,2.35,5.5,-1.1,0.9,7.1,20.6,82
2021-01-17,Paris,Europe,48.86,2.35,6.8,1.8,4.4,1.4,19.9,90
2021-01-18,Paris,Europe,48.86,2.35,7.6,0.2,4.2,0.0,17.7,85
2021-01-19,Paris,Europe,48.86,2.35,7.4,4.7,5.7,5.5,27.7,85
2021-01-20,Paris,Europe,48.86,2.35,12.2,6.2,9.5,0.2,37.8,61
2021-01-21,Paris,Europe,48.86,2.35,11.4,5.7,8.8,11.6,42.0,81
2021-01-22,Paris,Europe,48.86,2.35,8.7,2.7,5.1,4.0,32.9,88
2021-01-23,Paris,Europe,48.86,2.35,5.7,0.6,2.8,6.2,22.5,93
2021-01-24,Paris,Europe,48.86,2.35,3.0,-2.0,0.9,3.1,24.0,89
2021-01-25,Paris,Europe,48.86,2.35,4.9,-0.7,2.1,0.6,26.0,83
2021-01-26,Paris,Europe,48.86,2.35,4.4,-1.0,1.6,1.2,16.6,78
2021-01-27,Paris,Europe,48.86,2.35,8.2,2.5,5.7,4.6,17.9,90
2021-01-28,Paris,Europe,48.86,2.35,14.1,8.1,11.4,9.2,30.6,89
2021-01-29,Paris,Europe,48.86,2.35,11.6,6.7,10.0,3.5,34.7,80
2021-01-30,Paris,Europe,48.86,2.35,12.7,5.9,9.5,13.2,22.5,88
2021-01-31,Paris,Europe,48.86,2.35,10.2,7.3,8.3,11.9,9.6,94
2021-02-01,Paris,Europe,48.86,2.35,9.9,5.0,8.3,1.7,18.2,88
2021-02-02,Paris,Europe,48.86,2.35,14.2,6.1,11.1,3.0,24.3,85
2021-02-03,Paris,Europe,48.86,2.35,12.8,5.9,10.6,4.8,35.0,82
2021-02-04,Paris,Europe,48.86,2.35,11.4,4.6,8.0,2.2,13.4,91
2021-02-05,Paris,Europe,48.86,2.35,11.2,5.7,7.8,0.4,12.0,91
2021-02-06,Paris,Europe,48.86,2.35,8.8,6.1,7.3,14.2,15.0,94
2021-02-07,Paris,Europe,48.86,2.35,6.8,-0.2,3.2,3.4,18.2,86
2021-02-08,Paris,Europe,48.86,2.35,0.6,-1.6,-0.5,0.1,10.7,75
2021-02-09,Paris,Europe,48.86,2.35,-0.6,-3.9,-2.0,0.1,21.3,72
2021-02-10,Paris,Europe,48.86,2.35,-0.9,-5.6,-3.4,1.9,22.3,59
2021-02-11,Paris,Europe,48.86,2.35,0.9,-5.9,-3.0,0.0,23.5,60
2021-02-12,Paris,Europe,48.86,2.35,1.4,-4.2,-2.3,0.0,22.7,50
2021-02-13,Paris,Europe,48.86,2.35,0.3,-5.7,-3.3,0.0,22.0,43
2021-02-14,Paris,Europe,48.86,2.35,3.4,-5.5,-1.3,0.0,19.0,49
2021-02-15,Paris,Europe,48.86,2.35,7.9,1.1,4.3,3.4,20.9,81
2021-02-16,Paris,Europe,48.86,2.35,12.2,3.9,7.8,1.2,21.5,83
2021-02-17,Paris,Europe,48.86,2.35,12.2,5.8,9.1,0.2,28.3,85
2021-02-18,Paris,Europe,48.86,2.35,11.4,5.4,8.5,6.9,24.5,81
2021-02-19,Paris,Europe,48.86,2.35,13.9,3.8,8.4,0.0,20.2,87
2021-02-20,Paris,Europe,48.86,2.35,17.6,7.8,12.2,0.0,23.4,69
2021-02-21,Paris,Europe,48.86,2.35,17.0,6.2,11.3,0.0,16.6,67
2021-02-22,Paris,Europe,48.86,2.35,16.4,6.4,11.6,0.3,17.4,70
2021-02-23,Paris,Europe,48.86,2.35,17.4,9.9,12.9,0.0,28.5,78
2021-02-24,Paris,Europe,48.86,2.35,18.6,9.0,12.7,0.0,16.6,79
2021-02-25,Paris,Europe,48.86,2.35,16.8,7.7,11.9,0.2,14.2,79
2021-02-26,Paris,Europe,48.86,2.35,11.4,4.3,8.7,1.6,18.4,79
2021-02-27,Paris,Europe,48.86,2.35,10.3,1.4,5.2,0.0,20.0,78
2021-02-28,Paris,Europe,48.86,2.35,11.1,1.8,5.6,0.0,20.1,76
2021-03-01,Paris,Europe,48.86,2.35,13.2,0.1,5.8,0.0,12.4,77
2021-03-02,Paris,Europe,48.86,2.35,16.5,0.9,7.5,0.0,10.4,81
2021-03-03,Paris,Europe,48.86,2.35,17.3,5.3,10.5,1.0,10.1,77
2021-03-04,Paris,Europe,48.86,2.35,11.9,6.0,8.7,0.8,15.9,87
2021-03-05,Paris,Europe,48.86,2.35,5.9,3.3,4.6,0.0,20.5,65
2021-03-06,Paris,Europe,48.86,2.35,8.6,-0.7,3.4,0.0,19.5,57
2021-03-07,Paris,Europe,48.86,2.35,8.9,-3.8,2.3,0.0,11.6,67
2021-03-08,Paris,Europe,48.86,2.35,7.2,-2.2,2.4,0.0,13.6,70
2021-03-09,Paris,Europe,48.86,2.35,10.9,-0.9,4.8,0.0,14.2,73
2021-03-10,Paris,Europe,48.86,2.35,9.4,0.6,5.6,1.4,26.9,76
2021-03-11,Paris,Europe,48.86,2.35,13.9,6.3,10.3,3.4,36.3,76
2021-03-12,Paris,Europe,48.86,2.35,11.7,4.6,7.6,4.6,31.0,76
2021-03-13,Paris,Europe,48.86,2.35,10.4,4.3,7.9,6.6,39.0,76
2021-03-14,Paris,Europe,48.86,2.35,10.8,3.3,6.6,2.6,27.4,75
2021-03-15,Paris,Europe,48.86,2.35,11.0,5.1,8.4,3.8,24.9,81
2021-03-16,Paris,Europe,48.86,2.35,9.9,2.6,7.0,2.7,26.3,92
2021-03-17,Paris,Europe,48.86,2.35,9.6,4.6,7.0,2.1,29.0,79
2021-03-18,Paris,Europe,48.86,2.35,7.7,2.5,5.4,2.1,16.9,86
2021-03-19,Paris,Europe,48.86,2.35,8.4,2.5,5.3,1.6,31.4,69
2021-03-20,Paris,Europe,48.86,2.35,8.2,0.1,3.8,0.0,16.9,78
2021-03-21,Paris,Europe,48.86,2.35,11.2,1.4,6.3,0.2,21.1,78
2021-03-22,Paris,Europe,48.86,2.35,8.5,1.3,5.3,0.0,12.4,73
2021-03-23,Paris,Europe,48.86,2.35,12.7,1.4,6.6,0.0,8.1,75
2021-03-24,Paris,Europe,48.86,2.35,16.9,0.6,8.1,0.0,14.3,74
2021-03-25,Paris,Europe,48.86,2.35,13.2,3.8,8.5,0.8,12.4,78
2021-03-26,Paris,Europe,48.86,2.35,14.4,4.2,8.9,3.3,28.5,72
2021-03-27,Paris,Europe,48.86,2.35,11.9,3.7,7.6,0.1,26.8,72
2021-03-28,Paris,Europe,48.86,2.35,15.6,3.9,9.6,0.0,19.3,69
2021-03-29,Paris,Europe,48.86,2.35,20.5,3.8,11.6,0.0,13.2,65
2021-03-30,Paris,Europe,48.86,2.35,22.7,5.8,13.2,0.0,12.5,69
2021-03-31,Paris,Europe,48.86,2.35,23.8,5.8,15.0,0.0,11.8,68
2021-04-01,Paris,Europe,48.86,2.35,23.6,7.5,15.7,0.0,16.6,67
2021-04-02,Paris,Europe,48.86,2.35,12.3,4.8,9.0,0.0,23.5,65
2021-04-03,Paris,Europe,48.86,2.35,10.7,4.0,7.0,0.0,24.5,63
2021-04-04,Paris,Europe,48.86,2.35,12.1,1.4,6.5,0.0,15.5,73
2021-04-05,Paris,Europe,48.86,2.35,9.6,-0.6,4.7,0.7,22.2,76
2021-04-06,Paris,Europe,48.86,2.35,6.8,-2.5,2.3,1.3,24.0,60
2021-04-07,Paris,Europe,48.86,2.35,8.9,-2.5,3.6,0.0,22.1,62
2021-04-08,Paris,Europe,48.86,2.35,11.9,1.6,6.4,0.1,9.1,67
2021-04-09,Paris,Europe,48.86,2.35,15.9,2.4,9.1,5.5,17.1,68
2021-04-10,Paris,Europe,48.86,2.35,14.1,7.3,10.0,16.3,23.8,88
2021-04-11,Paris,Europe,48.86,2.35,8.2,2.3,6.0,1.5,23.1,76
2021-04-12,Paris,Europe,48.86,2.35,10.5,-0.7,4.9,0.3,18.6,72
2021-04-13,Paris,Europe,48.86,2.35,10.8,-0.2,5.3,0.0,14.3,64
2021-04-14,Paris,Europe,48.86,2.35,11.1,-0.9,5.6,0.0,17.0,59
2021-04-15,Paris,Europe,48.86,2.35,10.5,0.9,5.7,0.3,19.6,64
2021-04-16,Paris,Europe,48.86,2.35,10.2,0.5,6.0,0.0,20.9,62
2021-04-17,Paris,Europe,48.86,2.35,13.4,4.0,8.7,0.0,19.1,62
2021-04-18,Paris,Europe,48.86,2.35,13.6,0.9,7.7,0.0,12.3,70
2021-04-19,Paris,Europe,48.86,2.35,16.0,1.9,9.5,0.0,10.4,70
2021-04-20,Paris,Europe,48.86,2.35,17.1,6.3,11.3,0.2,10.2,67
2021-04-21,Paris,Europe,48.86,2.35,17.6,3.3,11.4,0.3,17.0,70
2021-04-22,Paris,Europe,48.86,2.35,16.2,5.2,10.7,0.0,18.9,59
2021-04-23,Paris,Europe,48.86,2.35,18.1,4.2,11.3,0.0,18.5,51
2021-04-24,Paris,Europe,48.86,2.35,19.1,4.8,12.2,0.0,18.9,50
2021-04-25,Paris,Europe,48.86,2.35,16.4,6.2,11.2,0.0,27.0,50
2021-04-26,Paris,Europe,48.86,2.35,18.0,4.8,11.4,0.0,22.7,47
2021-04-27,Paris,Europe,48.86,2.35,18.5,3.7,11.6,0.0,11.8,44
2021-04-28,Paris,Europe,48.86,2.35,19.3,6.1,11.8,1.3,19.2,57
2021-04-29,Paris,Europe,48.86,2.35,13.6,6.2,9.8,0.5,16.6,64
2021-04-30,Paris,Europe,48.86,2.35,13.6,5.4,9.3,0.1,13.5,58
2021-05-01,Paris,Europe,48.86,2.35,10.6,6.8,8.6,2.7,11.0,72
2021-05-02,Paris,Europe,48.86,2.35,13.4,3.3,8.5,1.9,12.6,74
2021-05-03,Paris,Europe,48.86,2.35,16.6,3.0,10.6,0.2,25.2,59
2021-05-04,Paris,Europe,48.86,2.35,14.6,8.6,11.2,3.4,33.4,64
2021-05-05,Paris,Europe,48.86,2.35,13.3,5.8,8.9,1.4,26.5,60
2021-05-06,Paris,Europe,48.86,2.35,10.9,6.4,8.4,6.6,17.1,77
2021-05-07,Paris,Europe,48.86,2.35,15.0,3.7,9.9,0.0,12.2,62
2021-05-08,Paris,Europe,48.86,2.35,21.0,7.7,14.2,0.6,27.7,65
2021-05-09,Paris,Europe,48.86,2.35,26.5,13.4,19.0,0.4,30.3,63
2021-05-10,Paris,Europe,48.86,2.35,18.3,10.6,14.9,5.1,25.2,70
2021-05-11,Paris,Europe,48.86,2.35,15.7,7.6,12.2,0.5,19.5,71
2021-05-12,Paris,Europe,48.86,2.35,15.2,7.3,11.6,1.3,16.6,75
2021-05-13,Paris,Europe,48.86,2.35,15.4,8.5,11.6,3.4,21.3,75
2021-05-14,Paris,Europe,48.86,2.35,14.0,7.1,10.5,4.4,22.9,82
2021-05-15,Paris,Europe,48.86,2.35,15.8,8.8,11.6,4.3,25.1,79
2021-05-16,Paris,Europe,48.86,2.35,17.0,9.1,12.5,7.2,23.7,78
2021-05-17,Paris,Europe,48.86,2.35,15.4,9.6,12.2,4.8,27.0,77
2021-05-18,Paris,Europe,48.86,2.35,15.8,8.8,12.0,2.6,18.8,73
2021-05-19,Paris,Europe,48.86,2.35,14.2,8.6,11.2,6.2,26.6,75
2021-05-20,Paris,Europe,48.86,2.35,17.1,5.6,12.2,0.0,27.9,68
2021-05-21,Paris,Europe,48.86,2.35,16.5,11.1,13.6,0.3,32.9,59
2021-05-22,Paris,Europe,48.86,2.35,16.3,9.4,12.2,2.5,35.0,65
2021-05-23,Paris,Europe,48.86,2.35,16.5,7.7,12.6,0.1,25.5,64
2021-05-24,Paris,Europe,48.86,2.35,16.0,9.2,12.2,5.2,30.9,66
2021-05-25,Paris,Europe,48.86,2.35,15.1,7.6,11.3,3.1,29.2,70
2021-05-26,Paris,Europe,48.86,2.35,15.0,10.0,11.9,7.2,28.5,78
2021-05-27,Paris,Europe,48.86,2.35,18.4,5.3,12.8,0.0,8.7,72
2021-05-28,Paris,Europe,48.86,2.35,20.5,9.1,14.8,0.0,15.4,71
2021-05-29,Paris,Europe,48.86,2.35,21.6,9.2,15.9,0.0,18.9,64
2021-05-30,Paris,Europe,48.86,2.35,22.1,10.8,16.8,0.0,16.5,58
2021-05-31,Paris,Europe,48.86,2.35,23.2,10.4,17.5,0.0,19.4,56
2021-06-01,Paris,Europe,48.86,2.35,26.6,10.1,19.1,0.0,14.2,58
2021-06-02,Paris,Europe,48.86,2.35,26.1,13.6,20.1,4.2,21.7,76
2021-06-03,Paris,Europe,48.86,2.35,25.9,16.5,20.4,4.2,9.2,79
2021-06-04,Paris,Europe,48.86,2.35,20.7,14.7,17.1,11.6,17.1,88
2021-06-05,Paris,Europe,48.86,2.35,19.7,13.6,16.5,0.3,18.6,74
2021-06-06,Paris,Europe,48.86,2.35,21.9,10.9,16.9,0.0,14.1,68
2021-06-07,Paris,Europe,48.86,2.35,22.4,13.2,18.1,0.0,12.9,68
2021-06-08,Paris,Europe,48.86,2.35,24.3,11.8,18.6,0.0,8.9,67
2021-06-09,Paris,Europe,48.86,2.35,26.1,12.8,20.1,0.0,11.8,65
2021-06-10,Paris,Europe,48.86,2.35,25.6,15.1,20.6,0.0,14.7,63
2021-06-11,Paris,Europe,48.86,2.35,25.1,13.9,20.2,0.0,14.7,70
2021-06-12,Paris,Europe,48.86,2.35,22.9,14.5,19.0,0.0,17.9,75
2021-06-13,Paris,Europe,48.86,2.35,25.7,13.9,20.0,0.0,15.0,56
2021-06-14,Paris,Europe,48.86,2.35,29.6,12.9,21.9,0.0,15.8,55
2021-06-15,Paris,Europe,48.86,2.35,29.5,15.4,22.9,0.0,15.1,61
2021-06-16,Paris,Europe,48.86,2.35,32.0,17.2,25.6,0.1,14.4,58
2021-06-17,Paris,Europe,48.86,2.35,28.6,20.5,24.0,6.6,20.8,69
2021-06-18,Paris,Europe,48.86,2.35,26.1,19.1,22.2,4.8,30.6,75
2021-06-19,Paris,Europe,48.86,2.35,24.3,16.2,20.0,10.2,18.2,83
2021-06-20,Paris,Europe,48.86,2.35,23.5,15.3,19.4,0.8,16.9,75
2021-06-21,Paris,Europe,48.86,2.35,23.5,16.8,19.7,2.6,14.0,74
2021-06-22,Paris,Europe,48.86,2.35,19.9,13.6,15.9,13.7,21.3,88
2021-06-23,Paris,Europe,48.86,2.35,16.9,12.6,14.7,0.2,19.1,78
2021-06-24,Paris,Europe,48.86,2.35,19.5,12.1,15.3,0.0,15.9,69
2021-06-25,Paris,Europe,48.86,2.35,21.6,9.2,15.7,9.8,12.3,81
2021-06-26,Paris,Europe,48.86,2.35,20.8,14.9,17.6,6.9,13.9,84
2021-06-27,Paris,Europe,48.86,2.35,21.5,16.4,18.8,7.4,12.2,81
2021-06-28,Paris,Europe,48.86,2.35,21.9,14.9,18.2,5.1,12.0,83
2021-06-29,Paris,Europe,48.86,2.35,18.5,12.0,15.4,4.0,10.1,86
2021-06-30,Paris,Europe,48.86,2.35,18.0,13.6,15.3,3.0,16.6,84
2021-07-01,Paris,Europe,48.86,2.35,21.0,12.1,16.6,0.2,11.2,78
2021-07-02,Paris,Europe,48.86,2.35,24.5,12.4,19.2,1.6,9.3,77
2021-07-03,Paris,Europe,48.86,2.35,23.4,16.7,20.1,1.0,13.4,74
2021-07-04,Paris,Europe,48.86,2.35,21.6,15.2,17.6,17.2,18.8,86
2021-07-05,Paris,Europe,48.86,2.35,21.4,14.9,18.0,4.9,17.8,79
2021-07-06,Paris,Europe,48.86,2.35,20.9,15.7,18.4,2.9,35.0,66
2021-07-07,Paris,Europe,48.86,2.35,20.9,14.2,17.4,0.7,15.8,70
2021-07-08,Paris,Europe,48.86,2.35,20.6,12.9,17.4,0.5,14.2,75
2021-07-09,Paris,Europe,48.86,2.35,21.0,14.4,17.8,0.1,7.4,76
2021-07-10,Paris,Europe,48.86,2.35,19.3,14.7,17.2,2.6,11.4,82
2021-07-11,Paris,Europe,48.86,2.35,22.4,12.6,18.1,0.4,8.9,76
2021-07-12,Paris,Europe,48.86,2.35,22.1,14.7,17.9,10.9,16.6,86
2021-07-13,Paris,Europe,48.86,2.35,18.5,15.4,16.8,20.9,16.3,91
2021-07-14,Paris,Europe,48.86,2.35,19.9,15.1,17.2,7.8,27.7,82
2021-07-15,Paris,Europe,48.86,2.35,23.0,16.6,19.8,0.0,26.3,72
2021-07-16,Paris,Europe,48.86,2.35,19.5,15.2,17.3,0.0,17.4,76
2021-07-17,Paris,Europe,48.86,2.35,23.3,13.6,18.6,0.0,17.2,77
2021-07-18,Paris,Europe,48.86,2.35,27.6,15.7,21.6,0.0,22.2,72
2021-07-19,Paris,Europe,48.86,2.35,28.2,16.3,22.5,0.0,16.6,69
2021-07-20,Paris,Europe,48.86,2.35,27.2,15.9,21.9,0.0,13.2,70
2021-07-21,Paris,Europe,48.86,2.35,27.6,15.0,22.1,0.1,12.0,68
2021-07-22,Paris,Europe,48.86,2.35,27.7,16.1,22.4,0.0,14.8,62
2021-07-23,Paris,Europe,48.86,2.35,29.0,16.0,23.1,0.0,20.9,63
2021-07-24,Paris,Europe,48.86,2.35,25.1,17.9,21.6,0.2,17.7,64
2021-07-25,Paris,Europe,48.86,2.35,21.8,16.6,18.8,10.0,23.2,83
2021-07-26,Paris,Europe,48.86,2.35,22.3,14.9,18.5,5.0,14.8,83
2021-07-27,Paris,Europe,48.86,2.35,19.5,16.3,18.0,5.0,21.4,84
2021-07-28,Paris,Europe,48.86,2.35,22.4,15.4,18.9,0.0,25.2,65
2021-07-29,Paris,Europe,48.86,2.35,21.5,14.3,18.4,0.0,17.1,62
2021-07-30,Paris,Europe,48.86,2.35,22.8,14.8,18.7,0.0,29.3,63
2021-07-31,Paris,Europe,48.86,2.35,21.9,13.6,17.8,0.6,18.5,67
2021-08-01,Paris,Europe,48.86,2.35,22.5,13.4,17.8,0.6,16.8,71
2021-08-02,Paris,Europe,48.86,2.35,22.0,13.6,17.7,3.5,15.9,78
2021-08-03,Paris,Europe,48.86,2.35,18.8,13.9,16.3,3.7,16.7,78
2021-08-04,Paris,Europe,48.86,2.35,19.4,11.6,16.0,3.1,6.9,79
2021-08-05,Paris,Europe,48.86,2.35,22.6,13.9,18.2,1.8,23.9,77
2021-08-06,Paris,Europe,48.86,2.35,21.6,15.6,18.6,0.9,28.2,70
2021-08-07,Paris,Europe,48.86,2.35,22.0,13.2,17.6,1.9,31.7,71
2021-08-08,Paris,Europe,48.86,2.35,21.2,12.9,17.3,0.2,26.6,65
2021-08-09,Paris,Europe,48.86,2.35,21.9,13.8,17.7,0.6,22.4,70
2021-08-10,Paris,Europe,48.86,2.35,23.8,15.6,19.2,3.1,15.5,76
2021-08-11,Paris,Europe,48.86,2.35,24.8,13.8,19.7,0.0,7.6,71
2021-08-12,Paris,Europe,48.86,2.35,29.0,13.6,21.6,0.4,10.9,72
2021-08-13,Paris,Europe,48.86,2.35,27.0,15.9,21.2,0.0,13.1,66
2021-08-14,Paris,Europe,48.86,2.35,28.3,14.2,21.4,0.0,8.1,61
2021-08-15,Paris,Europe,48.86,2.35,30.0,16.3,22.2,0.0,24.2,63
2021-08-16,Paris,Europe,48.86,2.35,20.6,15.6,18.1,1.8,26.3,67
2021-08-17,Paris,Europe,48.86,2.35,19.0,12.4,16.6,0.2,21.2,71
2021-08-18,Paris,Europe,48.86,2.35,20.7,15.8,17.9,0.6,16.6,75
2021-08-19,Paris,Europe,48.86,2.35,20.4,14.5,17.5,0.0,13.1,75
2021-08-20,Paris,Europe,48.86,2.35,23.0,13.9,19.1,0.0,8.0,69
2021-08-21,Paris,Europe,48.86,2.35,26.1,14.4,20.2,0.6,18.4,70
2021-08-22,Paris,Europe,48.86,2.35,21.1,15.4,18.5,0.6,22.9,71
2021-08-23,Paris,Europe,48.86,2.35,21.2,14.9,18.1,0.4,20.3,77
2021-08-24,Paris,Europe,48.86,2.35,23.4,14.2,18.9,0.0,24.5,64
2021-08-25,Paris,Europe,48.86,2.35,24.0,12.7,18.6,0.0,19.6,60
2021-08-26,Paris,Europe,48.86,2.35,20.6,12.4,16.6,0.0,19.7,74
2021-08-27,Paris,Europe,48.86,2.35,21.0,12.8,17.1,0.0,17.7,66
2021-08-28,Paris,Europe,48.86,2.35,20.5,11.0,16.3,0.2,18.3,73
2021-08-29,Paris,Europe,48.86,2.35,19.1,12.4,16.1,0.5,17.3,74
2021-08-30,Paris,Europe,48.86,2.35,21.6,13.9,17.8,0.1,22.1,74
2021-08-31,Paris,Europe,48.86,2.35,22.3,14.6,18.1,0.0,20.9,68
2021-09-01,Paris,Europe,48.86,2.35,22.4,14.1,17.6,0.0,22.3,71
2021-09-02,Paris,Europe,48.86,2.35,24.8,11.7,18.2,0.0,19.3,65
2021-09-03,Paris,Europe,48.86,2.35,27.0,12.1,19.9,0.4,10.1,69
2021-09-04,Paris,Europe,48.86,2.35,25.9,17.2,20.8,1.7,8.5,77
2021-09-05,Paris,Europe,48.86,2.35,27.5,17.6,21.7,1.3,14.7,80
2021-09-06,Paris,Europe,48.86,2.35,28.2,14.8,21.8,0.0,11.2,63
2021-09-07,Paris,Europe,48.86,2.35,29.2,14.6,22.3,0.0,19.9,57
2021-09-08,Paris,Europe,48.86,2.35,30.1,17.0,23.3,0.0,17.3,58
2021-09-09,Paris,Europe,48.86,2.35,26.4,18.0,22.2,0.8,17.9,74
2021-09-10,Paris,Europe,48.86,2.35,22.2,16.7,19.3,11.1,12.3,86
2021-09-11,Paris,Europe,48.86,2.35,21.5,13.9,17.7,0.0,18.8,71
2021-09-12,Paris,Europe,48.86,2.35,21.5,13.9,17.4,0.0,8.3,68
2021-09-13,Paris,Europe,48.86,2.35,25.8,11.7,18.8,0.0,13.1,73
2021-09-14,Paris,Europe,48.86,2.35,24.7,17.5,20.0,14.0,12.3,85
2021-09-15,Paris,Europe,48.86,2.35,21.5,15.4,18.8,18.5,18.4,90
2021-09-16,Paris,Europe,48.86,2.35,21.2,12.6,17.2,0.0,10.1,77
2021-09-17,Paris,Europe,48.86,2.35,22.2,11.5,16.9,0.0,10.3,74
2021-09-18,Paris,Europe,48.86,2.35,23.0,12.1,17.3,0.1,10.3,75
2021-09-19,Paris,Europe,48.86,2.35,22.1,13.5,17.3,1.4,20.8,80
2021-09-20,Paris,Europe,48.86,2.35,19.6,14.4,16.1,12.0,13.6,89
2021-09-21,Paris,Europe,48.86,2.35,17.4,9.9,14.3,0.0,15.8,74
2021-09-22,Paris,Europe,48.86,2.35,19.9,8.1,13.7,0.0,9.8,74
2021-09-23,Paris,Europe,48.86,2.35,21.4,8.1,14.8,0.0,11.3,78
2021-09-24,Paris,Europe,48.86,2.35,21.3,11.6,16.0,0.0,7.9,82
2021-09-25,Paris,Europe,48.86,2.35,23.9,9.4,16.6,0.4,12.7,83
2021-09-26,Paris,Europe,48.86,2.35,20.9,14.6,17.5,5.2,19.1,89
2021-09-27,Paris,Europe,48.86,2.35,19.1,10.9,15.6,2.4,23.8,82
2021-09-28,Paris,Europe,48.86,2.35,18.9,8.6,13.8,0.0,14.8,72
2021-09-29,Paris,Europe,48.86,2.35,15.3,9.9,13.2,5.0,25.5,72
2021-09-30,Paris,Europe,48.86,2.35,17.0,5.8,11.8,0.0,15.3,70
2021-10-01,Paris,Europe,48.86,2.35,17.3,9.4,13.0,5.1,23.3,75
2021-10-02,Paris,Europe,48.86,2.35,17.7,11.4,15.1,7.7,37.3,87
2021-10-03,Paris,Europe,48.86,2.35,18.0,11.9,15.1,19.6,34.8,81
2021-10-04,Paris,Europe,48.86,2.35,17.5,8.1,13.0,0.2,21.7,73
2021-10-05,Paris,Europe,48.86,2.35,15.9,11.4,13.4,5.3,34.5,81
2021-10-06,Paris,Europe,48.86,2.35,16.9,10.2,12.8,0.0,31.1,72
2021-10-07,Paris,Europe,48.86,2.35,17.0,7.9,11.7,0.0,8.8,84
2021-10-08,Paris,Europe,48.86,2.35,18.3,7.1,12.2,0.0,16.4,82
2021-10-09,Paris,Europe,48.86,2.35,17.9,7.6,12.2,0.0,14.3,82
2021-10-10,Paris,Europe,48.86,2.35,17.1,4.9,11.3,0.0,12.6,81
2021-10-11,Paris,Europe,48.86,2.35,15.9,9.2,12.5,0.0,16.7,78
2021-10-12,Paris,Europe,48.86,2.35,15.4,5.3,10.8,0.2,19.6,82
2021-10-13,Paris,Europe,48.86,2.35,14.5,4.7,9.9,0.0,10.7,78
2021-10-14,Paris,Europe,48.86,2.35,15.6,4.2,9.3,0.0,8.6,78
2021-10-15,Paris,Europe,48.86,2.35,16.7,5.1,10.7,0.0,10.5,84
2021-10-16,Paris,Europe,48.86,2.35,16.3,5.6,10.2,0.0,10.2,83
2021-10-17,Paris,Europe,48.86,2.35,15.4,3.7,9.0,0.0,13.4,78
2021-10-18,Paris,Europe,48.86,2.35,18.6,4.6,11.5,1.5,18.8,87
2021-10-19,Paris,Europe,48.86,2.35,22.3,14.6,17.7,2.0,18.2,74
2021-10-20,Paris,Europe,48.86,2.35,19.5,14.5,17.4,2.3,42.8,75
2021-10-21,Paris,Europe,48.86,2.35,14.1,4.0,10.6,5.9,52.4,80
2021-10-22,Paris,Europe,48.86,2.35,13.4,2.9,8.1,0.0,20.7,83
2021-10-23,Paris,Europe,48.86,2.35,14.3,6.0,9.7,0.1,9.4,79
2021-10-24,Paris,Europe,48.86,2.35,13.8,2.5,7.6,0.0,12.1,83
2021-10-25,Paris,Europe,48.86,2.35,15.4,7.6,10.8,1.9,16.3,83
2021-10-26,Paris,Europe,48.86,2.35,15.2,6.6,11.1,0.0,15.3,88
2021-10-27,Paris,Europe,48.86,2.35,15.9,7.8,10.9,0.0,10.9,87
2021-10-28,Paris,Europe,48.86,2.35,17.6,6.5,11.3,0.0,19.2,81
2021-10-29,Paris,Europe,48.86,2.35,15.6,10.4,12.7,7.2,28.4,82
2021-10-30,Paris,Europe,48.86,2.35,15.9,10.9,12.9,10.7,20.9,91
2021-10-31,Paris,Europe,48.86,2.35,17.0,9.4,12.0,3.4,28.6,89
2021-11-01,Paris,Europe,48.86,2.35,13.9,7.4,9.9,1.2,26.2,82
2021-11-02,Paris,Europe,48.86,2.35,12.1,6.8,8.8,1.5,17.9,84
2021-11-03,Paris,Europe,48.86,2.35,11.9,4.4,7.8,5.5,15.0,87
2021-11-04,Paris,Europe,48.86,2.35,10.2,4.1,7.1,2.2,21.7,87
2021-11-05,Paris,Europe,48.86,2.35,11.3,3.9,7.4,0.6,15.1,83
2021-11-06,Paris,Europe,48.86,2.35,11.1,0.1,5.4,0.3,12.3,86
2021-11-07,Paris,Europe,48.86,2.35,13.2,6.1,9.7,0.4,18.5,81
2021-11-08,Paris,Europe,48.86,2.35,11.6,3.0,7.5,0.0,9.1,84
2021-11-09,Paris,Europe,48.86,2.35,9.4,1.8,4.8,0.0,9.4,89
2021-11-10,Paris,Europe,48.86,2.35,7.8,2.0,4.3,0.0,8.6,92
2021-11-11,Paris,Europe,48.86,2.35,8.7,1.6,4.3,0.0,9.5,94
2021-11-12,Paris,Europe,48.86,2.35,11.2,1.4,6.2,0.0,17.6,87
2021-11-13,Paris,Europe,48.86,2.35,13.1,9.7,11.2,0.6,17.9,88
2021-11-14,Paris,Europe,48.86,2.35,12.2,8.9,10.2,0.0,17.0,88
2021-11-15,Paris,Europe,48.86,2.35,8.7,4.3,6.7,0.0,15.9,89
2021-11-16,Paris,Europe,48.86,2.35,8.1,6.1,7.1,0.1,10.4,86
2021-11-17,Paris,Europe,48.86,2.35,12.8,3.8,8.5,0.2,13.3,92
2021-11-18,Paris,Europe,48.86,2.35,10.6,1.5,5.0,0.0,9.7,96
2021-11-19,Paris,Europe,48.86,2.35,10.7,3.4,8.2,0.0,8.0,90
2021-11-20,Paris,Europe,48.86,2.35,10.2,6.8,8.1,0.0,9.0,92
2021-11-21,Paris,Europe,48.86,2.35,9.1,4.6,6.8,1.0,16.3,91
2021-11-22,Paris,Europe,48.86,2.35,8.1,2.2,4.6,0.0,28.5,83
2021-11-23,Paris,Europe,48.86,2.35,7.9,0.5,3.5,0.0,19.1,79
2021-11-24,Paris,Europe,48.86,2.35,6.2,2.0,4.1,0.0,13.0,92
2021-11-25,Paris,Europe,48.86,2.35,6.4,-0.2,3.6,0.0,11.9,91
2021-11-26,Paris,Europe,48.86,2.35,6.4,1.6,4.4,2.7,30.2,90
2021-11-27,Paris,Europe,48.86,2.35,4.7,0.9,2.8,2.0,23.3,88
2021-11-28,Paris,Europe,48.86,2.35,5.8,0.6,3.8,1.5,29.0,82
2021-11-29,Paris,Europe,48.86,2.35,5.6,-1.4,1.4,0.0,15.9,87
2021-11-30,Paris,Europe,48.86,2.35,8.7,1.4,6.1,1.1,28.5,85
2021-12-01,Paris,Europe,48.86,2.35,10.4,4.8,8.3,4.7,30.4,85
2021-12-02,Paris,Europe,48.86,2.35,5.6,0.1,3.4,0.8,25.2,82
2021-12-03,Paris,Europe,48.86,2.35,8.4,-0.3,3.0,9.7,29.3,90
2021-12-04,Paris,Europe,48.86,2.35,12.1,3.3,8.4,5.0,32.8,85
2021-12-05,Paris,Europe,48.86,2.35,6.1,2.3,4.1,4.5,20.0,90
2021-12-06,Paris,Europe,48.86,2.35,7.2,0.9,4.7,3.7,27.2,90
2021-12-07,Paris,Europe,48.86,2.35,8.7,2.5,5.4,2.1,30.0,89
2021-12-08,Paris,Europe,48.86,2.35,7.4,1.8,4.3,1.0,21.2,84
2021-12-09,Paris,Europe,48.86,2.35,7.1,1.3,3.9,2.1,25.2,87
2021-12-10,Paris,Europe,48.86,2.35,7.8,4.2,6.0,13.6,31.1,80
2021-12-11,Paris,Europe,48.86,2.35,7.7,1.5,4.6,0.3,16.3,87
2021-12-12,Paris,Europe,48.86,2.35,10.6,6.2,8.6,0.5,15.3,94
2021-12-13,Paris,Europe,48.86,2.35,8.6,4.1,7.6,0.0,14.3,96
2021-12-14,Paris,Europe,48.86,2.35,7.2,2.3,5.2,0.0,7.4,95
2021-12-15,Paris,Europe,48.86,2.35,9.1,4.8,6.9,0.0,6.6,93
2021-12-16,Paris,Europe,48.86,2.35,10.9,5.2,7.6,0.0,11.5,91
2021-12-17,Paris,Europe,48.86,2.35,9.8,3.3,6.0,0.0,20.1,91
2021-12-18,Paris,Europe,48.86,2.35,8.9,2.0,4.4,0.0,13.8,92
2021-12-19,Paris,Europe,48.86,2.35,6.1,2.4,5.3,0.0,15.8,95
2021-12-20,Paris,Europe,48.86,2.35,5.9,4.0,5.1,0.2,17.9,84
2021-12-21,Paris,Europe,48.86,2.35,3.3,-3.4,-0.3,0.0,10.0,89
2021-12-22,Paris,Europe,48.86,2.35,0.2,-4.2,-2.6,0.0,15.5,91
2021-12-23,Paris,Europe,48.86,2.35,7.8,-2.3,3.0,0.0,13.1,88
2021-12-24,Paris,Europe,48.86,2.35,9.3,1.2,7.0,8.3,12.7,97
2021-12-25,Paris,Europe,48.86,2.35,10.0,5.4,7.5,0.6,10.2,97
2021-12-26,Paris,Europe,48.86,2.35,10.2,6.0,7.8,6.8,13.2,96
2021-12-27,Paris,Europe,48.86,2.35,12.4,7.1,9.3,5.6,25.3,92
2021-12-28,Paris,Europe,48.86,2.35,12.2,8.9,11.1,8.5,32.7,78
2021-12-29,Paris,Europe,48.86,2.35,15.1,9.2,12.4,6.7,24.5,89
2021-12-30,Paris,Europe,48.86,2.35,14.6,10.2,13.0,0.1,23.0,89
2021-12-31,Paris,Europe,48.86,2.35,14.4,8.1,10.4,0.0,14.1,91
2022-01-01,Paris,Europe,48.86,2.35,13.1,6.8,9.1,0.0,15.8,91
2022-01-02,Paris,Europe,48.86,2.35,13.9,8.6,11.7,1.2,27.1,79
2022-01-03,Paris,Europe,48.86,2.35,12.1,10.0,11.0,5.0,30.3,86
2022-01-04,Paris,Europe,48.86,2.35,11.2,4.3,8.6,20.4,27.7,89
2022-01-05,Paris,Europe,48.86,2.35,6.2,0.4,3.0,0.0,20.4,80
2022-01-06,Paris,Europe,48.86,2.35,6.1,-2.1,2.1,0.0,17.5,83
2022-01-07,Paris,Europe,48.86,2.35,7.7,3.2,5.3,5.7,34.6,82
2022-01-08,Paris,Europe,48.86,2.35,8.9,1.7,5.8,8.9,41.9,90
2022-01-09,Paris,Europe,48.86,2.35,6.2,1.0,4.2,2.7,29.3,86
2022-01-10,Paris,Europe,48.86,2.35,4.1,0.2,2.3,0.2,11.5,95
2022-01-11,Paris,Europe,48.86,2.35,3.1,-3.1,-0.2,0.0,9.7,92
2022-01-12,Paris,Europe,48.86,2.35,3.2,-2.8,0.7,0.0,10.9,91
2022-01-13,Paris,Europe,48.86,2.35,5.1,-0.9,2.2,0.0,9.9,94
2022-01-14,Paris,Europe,48.86,2.35,6.6,-2.2,1.2,0.0,10.0,90
2022-01-15,Paris,Europe,48.86,2.35,3.3,-2.2,0.7,0.0,11.5,94
2022-01-16,Paris,Europe,48.86,2.35,4.5,-0.6,2.1,0.5,16.3,93
2022-01-17,Paris,Europe,48.86,2.35,7.6,-0.2,5.0,0.1,12.2,93
2022-01-18,Paris,Europe,48.86,2.35,9.1,-0.7,3.8,0.0,22.0,91
2022-01-19,Paris,Europe,48.86,2.35,6.8,-0.2,4.3,2.3,16.1,92
2022-01-20,Paris,Europe,48.86,2.35,6.2,0.6,3.4,0.3,17.1,88
2022-01-21,Paris,Europe,48.86,2.35,5.2,0.2,2.7,0.0,13.4,88
2022-01-22,Paris,Europe,48.86,2.35,6.2,1.4,4.0,0.0,7.9,85
2022-01-23,Paris,Europe,48.86,2.35,5.1,2.3,3.9,0.1,12.0,84
2022-01-24,Paris,Europe,48.86,2.35,6.9,-2.2,1.2,0.0,11.4,91
2022-01-25,Paris,Europe,48.86,2.35,2.2,-2.7,-0.1,0.0,10.1,96
2022-01-26,Paris,Europe,48.86,2.35,3.4,0.0,1.3,0.0,11.6,94
2022-01-27,Paris,Europe,48.86,2.35,7.1,0.9,4.2,0.5,16.1,88
2022-01-28,Paris,Europe,48.86,2.35,8.0,1.3,5.1,0.2,12.3,90
2022-01-29,Paris,Europe,48.86,2.35,9.9,5.7,8.4,0.5,26.1,89
2022-01-30,Paris,Europe,48.86,2.35,9.4,5.4,7.7,0.3,14.7,81
2022-01-31,Paris,Europe,48.86,2.35,8.1,2.0,6.1,0.6,34.9,68
2022-02-01,Paris,Europe,48.86,2.35,9.8,0.4,6.3,0.8,23.4,86
2022-02-02,Paris,Europe,48.86,2.35,11.1,7.4,9.4,0.1,20.5,85
2022-02-03,Paris,Europe,48.86,2.35,8.4,4.1,6.6,0.0,16.4,86
2022-02-04,Paris,Europe,48.86,2.35,10.6,3.0,6.9,0.8,26.2,85
2022-02-05,Paris,Europe,48.86,2.35,9.6,1.9,5.5,0.0,20.4,77
2022-02-06,Paris,Europe,48.86,2.35,10.6,5.7,8.6,5.4,38.3,82
2022-02-07,Paris,Europe,48.86,2.35,9.8,2.1,6.3,0.1,24.2,73
2022-02-08,Paris,Europe,48.86,2.35,11.8,4.1,8.2,0.1,18.7,84
2022-02-09,Paris,Europe,48.86,2.35,11.2,1.7,5.1,0.0,7.6,89
2022-02-10,Paris,Europe,48.86,2.35,8.9,5.0,6.8,3.1,18.5,87
2022-02-11,Paris,Europe,48.86,2.35,7.9,-0.9,3.1,0.0,11.3,84
2022-02-12,Paris,Europe,48.86,2.35,8.0,-2.5,1.9,0.0,15.3,79
2022-02-13,Paris,Europe,48.86,2.35,12.6,-0.6,6.2,0.1,30.2,74
2022-02-14,Paris,Europe,48.86,2.35,11.4,5.3,8.7,1.2,33.4,79
2022-02-15,Paris,Europe,48.86,2.35,10.6,3.3,7.0,1.3,27.0,85
2022-02-16,Paris,Europe,48.86,2.35,14.4,8.6,11.9,6.3,33.1,87
2022-02-17,Paris,Europe,48.86,2.35,13.4,8.9,11.4,0.5,34.9,68
2022-02-18,Paris,Europe,48.86,2.35,12.5,5.8,9.9,1.0,37.6,75
2022-02-19,Paris,Europe,48.86,2.35,9.9,2.0,6.4,0.5,32.9,67
2022-02-20,Paris,Europe,48.86,2.35,12.9,7.6,10.1,1.1,40.7,78
2022-02-21,Paris,Europe,48.86,2.35,10.6,5.3,7.9,1.3,47.0,70
2022-02-22,Paris,Europe,48.86,2.35,11.9,4.1,8.5,0.2,29.5,81
2022-02-23,Paris,Europe,48.86,2.35,11.6,2.0,7.6,0.1,17.1,84
2022-02-24,Paris,Europe,48.86,2.35,11.7,3.5,7.8,2.4,34.2,76
2022-02-25,Paris,Europe,48.86,2.35,9.4,1.5,5.0,0.9,25.0,71
2022-02-26,Paris,Europe,48.86,2.35,9.4,-2.7,3.6,0.0,18.9,76
2022-02-27,Paris,Europe,48.86,2.35,9.9,-1.4,3.7,0.0,17.9,65
2022-02-28,Paris,Europe,48.86,2.35,10.9,-2.9,3.3,0.0,11.5,72
2022-03-01,Paris,Europe,48.86,2.35,9.6,0.6,5.3,0.4,8.9,75
2022-03-02,Paris,Europe,48.86,2.35,10.4,3.1,6.3,0.0,9.4,75
2022-03-03,Paris,Europe,48.86,2.35,12.3,3.0,7.9,0.4,11.4,87
2022-03-04,Paris,Europe,48.86,2.35,11.7,4.6,7.8,2.0,14.3,91
2022-03-05,Paris,Europe,48.86,2.35,11.6,3.5,6.8,0.0,10.1,81
2022-03-06,Paris,Europe,48.86,2.35,8.1,-0.1,4.3,0.0,22.2,69
2022-03-07,Paris,Europe,48.86,2.35,6.4,-1.6,2.5,0.0,21.6,63
2022-03-08,Paris,Europe,48.86,2.35,12.4,-1.5,4.5,0.0,15.7,67
2022-03-09,Paris,Europe,48.86,2.35,14.8,1.8,7.8,0.0,18.8,76
2022-03-10,Paris,Europe,48.86,2.35,16.3,3.7,9.2,0.0,17.0,72
2022-03-11,Paris,Europe,48.86,2.35,13.4,6.7,9.7,4.2,24.5,79
2022-03-12,Paris,Europe,48.86,2.35,10.6,6.1,8.3,3.0,24.3,86
2022-03-13,Paris,Europe,48.86,2.35,10.4,6.2,8.5,5.0,24.5,82
2022-03-14,Paris,Europe,48.86,2.35,14.1,4.0,8.4,0.0,16.4,79
2022-03-15,Paris,Europe,48.86,2.35,12.8,7.3,9.6,9.2,11.5,89
2022-03-16,Paris,Europe,48.86,2.35,17.5,6.7,11.6,1.4,20.7,88
2022-03-17,Paris,Europe,48.86,2.35,11.3,5.0,8.5,0.2,19.0,75
2022-03-18,Paris,Europe,48.86,2.35,15.1,2.5,8.2,0.0,25.5,63
2022-03-19,Paris,Europe,48.86,2.35,15.6,6.0,10.0,0.0,22.8,55
2022-03-20,Paris,Europe,48.86,2.35,12.4,0.6,6.7,0.0,13.9,61
2022-03-21,Paris,Europe,48.86,2.35,16.8,4.2,10.1,0.0,12.0,77
2022-03-22,Paris,Europe,48.86,2.35,17.4,4.8,10.5,0.0,19.8,66
2022-03-23,Paris,Europe,48.86,2.35,17.2,1.8,9.3,0.0,12.3,64
2022-03-24,Paris,Europe,48.86,2.35,18.9,2.8,10.5,0.0,11.9,62
2022-03-25,Paris,Europe,48.86,2.35,18.4,4.2,11.3,0.0,16.3,56
2022-03-26,Paris,Europe,48.86,2.35,18.3,4.3,11.3,0.0,20.1,57
2022-03-27,Paris,Europe,48.86,2.35,19.8,5.4,11.9,0.0,12.8,63
2022-03-28,Paris,Europe,48.86,2.35,20.2,4.0,12.0,0.0,11.5,69
2022-03-29,Paris,Europe,48.86,2.35,18.0,8.9,11.3,10.2,12.2,74
2022-03-30,Paris,Europe,48.86,2.35,13.9,6.2,10.1,7.1,14.3,86
2022-03-31,Paris,Europe,48.86,2.35,7.9,2.2,5.4,0.9,24.7,75
2022-04-01,Paris,Europe,48.86,2.35,3.5,1.4,2.4,3.5,29.5,69
2022-04-02,Paris,Europe,48.86,2.35,7.2,-0.2,3.4,0.0,30.2,57
2022-04-03,Paris,Europe,48.86,2.35,7.9,-0.6,3.9,0.0,20.4,59
2022-04-04,Paris,Europe,48.86,2.35,9.4,-1.1,4.6,0.4,22.2,70
2022-04-05,Paris,Europe,48.86,2.35,13.6,6.9,10.2,0.9,20.2,84
2022-04-06,Paris,Europe,48.86,2.35,12.6,7.3,10.0,2.0,29.0,75
2022-04-07,Paris,Europe,48.86,2.35,14.1,8.4,11.2,1.9,38.5,74
2022-04-08,Paris,Europe,48.86,2.35,8.2,2.0,5.9,26.8,24.9,86
2022-04-09,Paris,Europe,48.86,2.35,10.1,1.6,5.4,2.2,16.8,78
2022-04-10,Paris,Europe,48.86,2.35,13.5,-0.6,6.5,0.0,15.0,70
2022-04-11,Paris,Europe,48.86,2.35,17.9,3.7,11.1,0.0,18.1,65
2022-04-12,Paris,Europe,48.86,2.35,20.5,9.3,14.4,0.0,20.6,69
2022-04-13,Paris,Europe,48.86,2.35,15.9,10.6,13.1,7.9,6.5,87
2022-04-14,Paris,Europe,48.86,2.35,19.9,7.8,13.7,0.2,12.7,79
2022-04-15,Paris,Europe,48.86,2.35,19.7,6.7,13.7,0.0,12.0,74
2022-04-16,Paris,Europe,48.86,2.35,18.0,7.6,12.7,0.0,17.7,72
2022-04-17,Paris,Europe,48.86,2.35,19.7,5.1,12.1,0.0,12.3,58
2022-04-18,Paris,Europe,48.86,2.35,18.5,5.9,12.3,0.0,17.7,59
2022-04-19,Paris,Europe,48.86,2.35,16.9,7.2,12.0,0.1,16.1,68
2022-04-20,Paris,Europe,48.86,2.35,19.0,6.1,12.5,0.0,18.1,62
2022-04-21,Paris,Europe,48.86,2.35,19.2,5.3,12.7,0.0,21.8,56
2022-04-22,Paris,Europe,48.86,2.35,18.7,9.1,13.9,0.0,20.1,59
2022-04-23,Paris,Europe,48.86,2.35,19.0,8.9,13.3,3.3,22.3,70
2022-04-24,Paris,Europe,48.86,2.35,18.2,8.1,13.5,0.0,13.0,68
2022-04-25,Paris,Europe,48.86,2.35,16.0,8.1,12.0,0.4,17.9,64
2022-04-26,Paris,Europe,48.86,2.35,15.5,5.2,10.4,0.1,14.5,71
2022-04-27,Paris,Europe,48.86,2.35,18.1,5.1,11.9,0.0,19.7,64
2022-04-28,Paris,Europe,48.86,2.35,20.8,7.3,14.3,0.0,18.4,61
2022-04-29,Paris,Europe,48.86,2.35,18.2,9.8,13.8,3.1,18.1,64
2022-04-30,Paris,Europe,48.86,2.35,16.2,6.2,11.1,0.0,19.1,64
2022-05-01,Paris,Europe,48.86,2.35,16.2,5.2,10.9,0.0,14.0,61
2022-05-02,Paris,Europe,48.86,2.35,17.5,7.6,13.1,0.1,15.7,61
2022-05-03,Paris,Europe,48.86,2.35,18.9,8.8,14.0,0.0,18.1,57
2022-05-04,Paris,Europe,48.86,2.35,17.6,9.5,13.0,0.0,14.0,66
2022-05-05,Paris,Europe,48.86,2.35,18.5,8.9,13.6,0.4,17.2,71
2022-05-06,Paris,Europe,48.86,2.35,21.5,8.4,15.1,0.0,12.3,68
2022-05-07,Paris,Europe,48.86,2.35,19.9,10.0,15.1,1.0,14.6,69
2022-05-08,Paris,Europe,48.86,2.35,21.0,10.1,15.9,0.1,14.3,68
2022-05-09,Paris,Europe,48.86,2.35,24.5,8.8,17.2,0.0,9.0,64
2022-05-10,Paris,Europe,48.86,2.35,26.2,13.2,19.8,0.0,23.5,58
2022-05-11,Paris,Europe,48.86,2.35,25.1,10.4,18.4,0.0,29.3,66
2022-05-12,Paris,Europe,48.86,2.35,19.9,11.8,15.9,0.0,13.4,63
2022-05-13,Paris,Europe,48.86,2.35,20.3,8.5,14.8,0.0,12.0,63
2022-05-14,Paris,Europe,48.86,2.35,22.4,8.1,16.0,0.0,10.5,62
2022-05-15,Paris,Europe,48.86,2.35,28.6,12.7,20.8,0.2,19.1,53
2022-05-16,Paris,Europe,48.86,2.35,24.5,15.9,20.1,0.5,20.3,66
2022-05-17,Paris,Europe,48.86,2.35,28.5,16.0,22.1,4.9,16.3,58
2022-05-18,Paris,Europe,48.86,2.35,27.6,15.8,21.9,0.0,14.4,64
2022-05-19,Paris,Europe,48.86,2.35,24.0,17.8,21.3,0.4,16.6,69
2022-05-20,Paris,Europe,48.86,2.35,22.0,12.3,17.0,16.4,27.2,82
2022-05-21,Paris,Europe,48.86,2.35,23.0,11.1,16.7,0.0,16.2,70
2022-05-22,Paris,Europe,48.86,2.35,23.4,11.1,18.2,0.3,16.9,68
2022-05-23,Paris,Europe,48.86,2.35,19.0,13.7,16.6,7.0,20.7,82
2022-05-24,Paris,Europe,48.86,2.35,17.0,9.6,13.4,5.3,20.0,74
2022-05-25,Paris,Europe,48.86,2.35,19.4,8.8,14.6,0.1,22.2,67
2022-05-26,Paris,Europe,48.86,2.35,19.7,12.6,16.3,0.3,16.9,71
2022-05-27,Paris,Europe,48.86,2.35,20.2,11.2,15.5,0.7,17.3,71
2022-05-28,Paris,Europe,48.86,2.35,19.0,8.0,14.2,0.1,19.3,67
2022-05-29,Paris,Europe,48.86,2.35,14.9,6.8,11.7,0.0,16.3,60
2022-05-30,Paris,Europe,48.86,2.35,17.5,6.8,12.7,0.0,10.8,63
2022-05-31,Paris,Europe,48.86,2.35,20.0,9.9,14.9,0.1,17.5,58
2022-06-01,Paris,Europe,48.86,2.35,20.5,7.4,14.8,0.0,18.1,61
2022-06-02,Paris,Europe,48.86,2.35,23.4,9.1,17.1,0.0,17.5,55
2022-06-03,Paris,Europe,48.86,2.35,25.0,12.4,17.8,8.2,10.4,72
2022-06-04,Paris,Europe,48.86,2.35,26.5,14.7,20.2,1.1,17.9,78
2022-06-05,Paris,Europe,48.86,2.35,22.8,14.9,18.5,5.9,24.6,78
2022-06-06,Paris,Europe,48.86,2.35,20.1,12.0,16.4,0.3,18.6,71
2022-06-07,Paris,Europe,48.86,2.35,21.6,13.1,17.5,1.0,21.4,72
2022-06-08,Paris,Europe,48.86,2.35,20.6,14.0,16.6,17.0,22.1,76
2022-06-09,Paris,Europe,48.86,2.35,19.7,11.7,16.0,0.3,20.5,68
2022-06-10,Paris,Europe,48.86,2.35,22.0,12.8,18.1,0.0,16.1,73
2022-06-11,Paris,Europe,48.86,2.35,24.5,14.4,19.1,0.0,15.2,71
2022-06-12,Paris,Europe,48.86,2.35,22.3,13.2,17.4,0.0,16.4,65
2022-06-13,Paris,Europe,48.86,2.35,22.0,10.1,16.5,0.0,11.7,65
2022-06-14,Paris,Europe,48.86,2.35,24.8,10.9,18.6,0.0,12.3,61
2022-06-15,Paris,Europe,48.86,2.35,29.0,13.4,21.7,0.0,13.5,56
2022-06-16,Paris,Europe,48.86,2.35,28.8,14.7,22.1,0.0,10.4,54
2022-06-17,Paris,Europe,48.86,2.35,32.0,15.3,24.8,0.0,9.0,53
2022-06-18,Paris,Europe,48.86,2.35,36.0,18.5,27.9,0.0,15.3,50
2022-06-19,Paris,Europe,48.86,2.35,24.5,15.9,20.5,10.6,28.8,69
2022-06-20,Paris,Europe,48.86,2.35,20.9,14.4,17.8,9.9,17.8,77
2022-06-21,Paris,Europe,48.86,2.35,24.2,13.9,19.2,1.4,15.3,71
2022-06-22,Paris,Europe,48.86,2.35,22.9,15.2,19.5,0.5,18.9,74
2022-06-23,Paris,Europe,48.86,2.35,26.2,17.5,21.4,6.2,15.8,72
2022-06-24,Paris,Europe,48.86,2.35,23.0,16.9,19.9,7.5,25.5,72
2022-06-25,Paris,Europe,48.86,2.35,17.9,13.8,16.6,8.8,17.4,83
2022-06-26,Paris,Europe,48.86,2.35,21.0,12.3,16.5,0.4,14.9,75
2022-06-27,Paris,Europe,48.86,2.35,21.7,13.1,17.2,3.7,16.7,69
2022-06-28,Paris,Europe,48.86,2.35,24.8,11.3,18.4,0.0,10.1,67
2022-06-29,Paris,Europe,48.86,2.35,24.8,11.4,18.8,0.3,17.7,66
2022-06-30,Paris,Europe,48.86,2.35,18.1,12.1,15.2,10.3,9.1,81
2022-07-01,Paris,Europe,48.86,2.35,20.5,10.8,16.0,0.6,15.4,69
2022-07-02,Paris,Europe,48.86,2.35,24.8,9.9,18.4,0.0,15.0,64
2022-07-03,Paris,Europe,48.86,2.35,23.0,11.9,17.8,0.0,18.8,65
2022-07-04,Paris,Europe,48.86,2.35,24.6,10.8,18.1,0.0,15.5,66
2022-07-05,Paris,Europe,48.86,2.35,24.7,10.8,18.3,0.0,21.0,64
2022-07-06,Paris,Europe,48.86,2.35,26.0,11.4,18.8,0.0,21.9,62
2022-07-07,Paris,Europe,48.86,2.35,22.6,14.2,18.7,0.0,19.5,68
2022-07-08,Paris,Europe,48.86,2.35,25.8,10.6,18.6,0.0,13.5,59
2022-07-09,Paris,Europe,48.86,2.35,28.6,14.3,21.4,0.0,25.9,59
2022-07-10,Paris,Europe,48.86,2.35,26.5,13.6,20.1,0.0,22.1,57
2022-07-11,Paris,Europe,48.86,2.35,28.7,15.2,22.6,0.0,14.4,55
2022-07-12,Paris,Europe,48.86,2.35,31.3,16.1,24.5,0.0,10.5,52
2022-07-13,Paris,Europe,48.86,2.35,34.5,18.5,26.7,0.0,22.5,41
2022-07-14,Paris,Europe,48.86,2.35,30.4,18.5,24.3,0.0,21.2,50
2022-07-15,Paris,Europe,48.86,2.35,26.1,14.9,21.0,0.0,14.8,45
2022-07-16,Paris,Europe,48.86,2.35,28.1,14.1,21.9,0.0,15.8,46
2022-07-17,Paris,Europe,48.86,2.35,30.9,16.1,23.8,0.0,13.6,40
2022-07-18,Paris,Europe,48.86,2.35,36.7,16.6,27.7,0.0,10.9,35
2022-07-19,Paris,Europe,48.86,2.35,39.1,20.9,30.1,0.0,26.4,36
2022-07-20,Paris,Europe,48.86,2.35,26.0,17.4,21.3,15.1,18.4,77
2022-07-21,Paris,Europe,48.86,2.35,25.6,16.8,20.9,0.1,9.9,73
2022-07-22,Paris,Europe,48.86,2.35,24.1,16.8,20.3,6.9,12.8,82
2022-07-23,Paris,Europe,48.86,2.35,25.1,17.4,21.0,2.1,13.3,76
2022-07-24,Paris,Europe,48.86,2.35,30.5,16.1,23.6,0.0,12.3,63
2022-07-25,Paris,Europe,48.86,2.35,26.4,18.2,22.1,0.4,23.0,60
2022-07-26,Paris,Europe,48.86,2.35,22.4,15.2,19.0,0.4,14.5,65
2022-07-27,Paris,Europe,48.86,2.35,24.2,13.2,19.5,0.2,15.9,56
2022-07-28,Paris,Europe,48.86,2.35,26.4,13.7,20.5,0.5,13.6,47
2022-07-29,Paris,Europe,48.86,2.35,28.0,14.9,22.0,0.1,11.6,48
2022-07-30,Paris,Europe,48.86,2.35,30.0,16.9,23.5,0.1,19.5,52
2022-07-31,Paris,Europe,48.86,2.35,28.0,16.0,22.3,0.0,19.8,66
2022-08-01,Paris,Europe,48.86,2.35,26.2,17.6,21.9,0.5,11.7,67
2022-08-02,Paris,Europe,48.86,2.35,29.5,15.8,23.3,0.0,11.5,59
2022-08-03,Paris,Europe,48.86,2.35,33.8,18.0,26.8,0.0,11.0,53
2022-08-04,Paris,Europe,48.86,2.35,28.0,19.0,23.4,4.9,17.2,66
2022-08-05,Paris,Europe,48.86,2.35,25.4,15.9,20.5,2.3,23.0,64
2022-08-06,Paris,Europe,48.86,2.35,24.0,12.6,18.7,0.0,20.9,44
2022-08-07,Paris,Europe,48.86,2.35,26.3,13.7,20.3,0.0,20.0,45
2022-08-08,Paris,Europe,48.86,2.35,28.4,14.2,21.6,0.0,20.3,46
2022-08-09,Paris,Europe,48.86,2.35,30.4,16.0,23.6,0.0,18.8,46
2022-08-10,Paris,Europe,48.86,2.35,32.2,17.9,25.7,0.0,19.4,39
2022-08-11,Paris,Europe,48.86,2.35,31.9,17.6,25.6,0.0,20.5,34
2022-08-12,Paris,Europe,48.86,2.35,32.9,16.8,25.7,0.0,17.5,36
2022-08-13,Paris,Europe,48.86,2.35,32.0,17.0,25.2,0.0,15.7,34
2022-08-14,Paris,Europe,48.86,2.35,26.8,18.0,21.5,4.4,14.1,58
2022-08-15,Paris,Europe,48.86,2.35,25.2,17.1,20.7,6.7,11.8,73
2022-08-16,Paris,Europe,48.86,2.35,25.6,17.2,20.6,14.0,12.0,78
2022-08-17,Paris,Europe,48.86,2.35,24.7,16.6,20.6,9.4,12.2,77
2022-08-18,Paris,Europe,48.86,2.35,25.0,16.1,20.9,2.8,14.7,74
2022-08-19,Paris,Europe,48.86,2.35,23.8,16.0,19.9,2.9,17.1,79
2022-08-20,Paris,Europe,48.86,2.35,23.6,13.1,18.5,0.0,10.8,70
2022-08-21,Paris,Europe,48.86,2.35,26.6,13.4,19.9,0.1,14.9,66
2022-08-22,Paris,Europe,48.86,2.35,25.2,15.4,21.1,0.0,10.1,66
2022-08-23,Paris,Europe,48.86,2.35,28.1,17.0,22.8,0.4,8.4,68
2022-08-24,Paris,Europe,48.86,2.35,31.3,17.1,24.5,0.0,9.8,60
2022-08-25,Paris,Europe,48.86,2.35,30.8,17.8,23.4,0.3,22.2,58
2022-08-26,Paris,Europe,48.86,2.35,25.9,17.8,21.4,0.5,15.4,66
2022-08-27,Paris,Europe,48.86,2.35,25.2,14.8,20.0,0.0,15.8,59
2022-08-28,Paris,Europe,48.86,2.35,25.5,14.7,20.3,0.0,17.8,59
2022-08-29,Paris,Europe,48.86,2.35,28.2,16.3,22.3,0.0,19.5,48
2022-08-30,Paris,Europe,48.86,2.35,26.2,17.5,21.2,0.2,18.5,55
2022-08-31,Paris,Europe,48.86,2.35,27.0,15.1,21.5,0.0,14.5,55
2022-09-01,Paris,Europe,48.86,2.35,28.0,15.9,22.1,0.0,13.2,59
2022-09-02,Paris,Europe,48.86,2.35,22.9,17.1,19.9,3.6,15.0,72
2022-09-03,Paris,Europe,48.86,2.35,23.7,15.2,19.2,1.9,18.3,78
2022-09-04,Paris,Europe,48.86,2.35,28.4,14.4,21.6,0.0,13.5,55
2022-09-05,Paris,Europe,48.86,2.35,27.3,16.6,21.9,0.1,13.5,57
2022-09-06,Paris,Europe,48.86,2.35,27.5,14.7,20.3,13.8,20.8,74
2022-09-07,Paris,Europe,48.86,2.35,23.2,15.4,18.2,6.6,20.0,85
2022-09-08,Paris,Europe,48.86,2.35,22.8,14.5,17.6,3.7,27.7,77
2022-09-09,Paris,Europe,48.86,2.35,20.6,14.5,16.8,4.0,28.9,76
2022-09-10,Paris,Europe,48.86,2.35,20.3,13.5,16.3,1.7,22.4,82
2022-09-11,Paris,Europe,48.86,2.35,22.0,11.2,16.4,0.0,9.2,81
2022-09-12,Paris,Europe,48.86,2.35,26.5,12.1,19.2,0.0,11.8,73
2022-09-13,Paris,Europe,48.86,2.35,24.9,17.4,20.8,1.6,20.5,73
2022-09-14,Paris,Europe,48.86,2.35,24.0,17.2,20.7,17.5,20.2,83
2022-09-15,Paris,Europe,48.86,2.35,22.2,14.5,18.3,0.7,19.5,73
2022-09-16,Paris,Europe,48.86,2.35,18.1,10.4,14.6,0.7,18.7,66
2022-09-17,Paris,Europe,48.86,2.35,16.3,7.8,11.6,0.0,19.9,64
2022-09-18,Paris,Europe,48.86,2.35,19.1,6.6,12.5,0.0,22.2,67
2022-09-19,Paris,Europe,48.86,2.35,18.2,7.8,12.8,0.0,16.6,67
2022-09-20,Paris,Europe,48.86,2.35,17.1,5.9,12.3,0.0,9.7,71
2022-09-21,Paris,Europe,48.86,2.35,18.8,7.4,12.8,0.0,12.8,72
2022-09-22,Paris,Europe,48.86,2.35,19.9,6.7,12.9,0.0,9.7,67
2022-09-23,Paris,Europe,48.86,2.35,19.9,9.1,14.5,0.1,8.7,67
2022-09-24,Paris,Europe,48.86,2.35,18.0,11.1,14.1,3.3,12.2,83
2022-09-25,Paris,Europe,48.86,2.35,18.1,10.1,13.7,0.1,16.3,74
2022-09-26,Paris,Europe,48.86,2.35,15.1,10.9,12.5,6.7,27.0,76
2022-09-27,Paris,Europe,48.86,2.35,12.9,9.8,11.5,3.9,25.0,82
2022-09-28,Paris,Europe,48.86,2.35,14.7,7.6,11.7,1.6,16.4,80
2022-09-29,Paris,Europe,48.86,2.35,15.1,7.0,10.9,0.8,11.5,80
2022-09-30,Paris,Europe,48.86,2.35,18.2,4.6,11.8,1.1,22.5,74
2022-10-01,Paris,Europe,48.86,2.35,20.1,12.4,16.3,6.1,30.9,74
2022-10-02,Paris,Europe,48.86,2.35,19.4,9.1,15.0,6.3,27.2,87
2022-10-03,Paris,Europe,48.86,2.35,15.8,8.9,11.8,0.0,10.9,87
2022-10-04,Paris,Europe,48.86,2.35,20.0,6.1,12.5,0.0,11.5,85
2022-10-05,Paris,Europe,48.86,2.35,21.6,11.1,16.1,0.1,29.4,78
2022-10-06,Paris,Europe,48.86,2.35,17.9,9.2,13.6,0.0,15.6,74
2022-10-07,Paris,Europe,48.86,2.35,18.5,5.1,11.9,0.0,9.4,76
2022-10-08,Paris,Europe,48.86,2.35,17.4,8.0,12.4,0.0,14.4,77
2022-10-09,Paris,Europe,48.86,2.35,18.6,4.4,10.8,0.0,13.6,79
2022-10-10,Paris,Europe,48.86,2.35,18.7,9.9,13.9,25.1,17.2,84
2022-10-11,Paris,Europe,48.86,2.35,17.0,8.4,12.2,0.0,16.4,74
2022-10-12,Paris,Europe,48.86,2.35,19.0,5.8,11.7,0.0,9.0,82
2022-10-13,Paris,Europe,48.86,2.35,15.1,11.3,13.7,6.5,16.8,86
2022-10-14,Paris,Europe,48.86,2.35,16.5,13.9,15.1,5.6,16.9,93
2022-10-15,Paris,Europe,48.86,2.35,18.9,14.2,16.2,2.4,22.7,82
2022-10-16,Paris,Europe,48.86,2.35,19.5,12.7,16.5,0.4,14.0,86
2022-10-17,Paris,Europe,48.86,2.35,19.0,13.8,17.0,15.5,19.1,89
2022-10-18,Paris,Europe,48.86,2.35,19.8,13.9,16.9,1.3,13.4,91
2022-10-19,Paris,Europe,48.86,2.35,21.9,13.7,17.3,0.0,21.2,85
2022-10-20,Paris,Europe,48.86,2.35,21.5,15.4,17.3,5.2,22.3,83
2022-10-21,Paris,Europe,48.86,2.35,20.4,14.6,16.6,4.7,22.1,82
2022-10-22,Paris,Europe,48.86,2.35,20.5,12.7,16.1,0.0,16.3,80
2022-10-23,Paris,Europe,48.86,2.35,21.2,14.6,17.7,0.8,36.9,73
2022-10-24,Paris,Europe,48.86,2.35,18.1,13.1,16.2,0.5,29.3,72
2022-10-25,Paris,Europe,48.86,2.35,18.5,11.6,15.0,2.2,16.9,84
2022-10-26,Paris,Europe,48.86,2.35,21.6,14.8,17.1,1.9,18.6,80
2022-10-27,Paris,Europe,48.86,2.35,21.6,13.4,17.0,0.8,16.3,80
2022-10-28,Paris,Europe,48.86,2.35,23.0,15.3,18.4,0.0,17.7,75
2022-10-29,Paris,Europe,48.86,2.35,24.0,14.7,18.4,0.2,16.3,75
2022-10-30,Paris,Europe,48.86,2.35,18.4,11.4,14.3,0.2,16.4,85
2022-10-31,Paris,Europe,48.86,2.35,20.5,9.7,15.1,6.3,26.2,86
2022-11-01,Paris,Europe,48.86,2.35,16.8,10.4,14.2,0.3,30.6,72
2022-11-02,Paris,Europe,48.86,2.35,15.4,9.1,12.4,0.0,22.7,77
2022-11-03,Paris,Europe,48.86,2.35,15.2,9.1,11.9,3.3,29.1,83
2022-11-04,Paris,Europe,48.86,2.35,12.1,5.6,9.5,3.4,21.4,84
2022-11-05,Paris,Europe,48.86,2.35,11.8,4.9,8.6,0.1,17.4,84
2022-11-06,Paris,Europe,48.86,2.35,12.1,9.1,10.4,8.4,25.0,84
2022-11-07,Paris,Europe,48.86,2.35,16.1,11.0,13.1,0.1,30.6,82
2022-11-08,Paris,Europe,48.86,2.35,16.4,10.4,13.4,2.4,27.2,76
2022-11-09,Paris,Europe,48.86,2.35,14.9,8.4,12.2,0.7,23.6,84
2022-11-10,Paris,Europe,48.86,2.35,13.1,5.1,9.4,0.0,15.0,89
2022-11-11,Paris,Europe,48.86,2.35,12.1,5.1,8.3,0.0,16.0,93
2022-11-12,Paris,Europe,48.86,2.35,15.6,5.8,9.6,0.0,10.8,95
2022-11-13,Paris,Europe,48.86,2.35,13.5,6.5,8.9,0.0,10.9,95
2022-11-14,Paris,Europe,48.86,2.35,14.8,5.8,9.7,0.1,16.4,92
2022-11-15,Paris,Europe,48.86,2.35,13.2,8.1,10.8,6.9,23.0,90
2022-11-16,Paris,Europe,48.86,2.35,12.9,8.1,10.8,6.5,35.8,87
2022-11-17,Paris,Europe,48.86,2.35,13.6,9.1,11.6,1.2,38.7,76
2022-11-18,Paris,Europe,48.86,2.35,11.1,5.6,8.4,0.2,20.9,86
2022-11-19,Paris,Europe,48.86,2.35,10.7,4.1,6.7,0.4,15.9,88
2022-11-20,Paris,Europe,48.86,2.35,10.1,4.4,6.7,2.5,23.3,86
2022-11-21,Paris,Europe,48.86,2.35,9.1,5.0,7.1,4.9,24.8,91
2022-11-22,Paris,Europe,48.86,2.35,10.7,4.6,7.6,2.9,29.0,79
2022-11-23,Paris,Europe,48.86,2.35,11.6,4.4,7.9,3.8,24.2,84
2022-11-24,Paris,Europe,48.86,2.35,12.9,6.4,9.9,3.5,23.9,81
2022-11-25,Paris,Europe,48.86,2.35,12.0,5.8,8.8,2.7,23.8,88
2022-11-26,Paris,Europe,48.86,2.35,9.2,2.8,5.9,0.0,17.3,94
2022-11-27,Paris,Europe,48.86,2.35,9.4,6.0,7.7,8.6,17.7,86
2022-11-28,Paris,Europe,48.86,2.35,11.1,4.9,8.2,4.4,15.8,91
2022-11-29,Paris,Europe,48.86,2.35,7.7,3.8,6.0,0.7,9.7,95
2022-11-30,Paris,Europe,48.86,2.35,7.6,5.5,6.2,0.0,16.1,90
2022-12-01,Paris,Europe,48.86,2.35,6.2,3.2,5.2,0.0,16.1,87
2022-12-02,Paris,Europe,48.86,2.35,5.6,2.8,4.4,1.8,18.6,85
2022-12-03,Paris,Europe,48.86,2.35,4.6,2.7,3.3,0.0,20.9,84
2022-12-04,Paris,Europe,48.86,2.35,4.5,0.0,2.6,1.1,14.7,84
2022-12-05,Paris,Europe,48.86,2.35,2.8,1.1,2.2,2.2,10.2,89
2022-12-06,Paris,Europe,48.86,2.35,5.7,-0.7,2.9,0.0,9.8,92
2022-12-07,Paris,Europe,48.86,2.35,5.9,-0.6,1.6,0.0,6.8,95
2022-12-08,Paris,Europe,48.86,2.35,4.2,0.3,2.1,0.1,6.6,92
2022-12-09,Paris,Europe,48.86,2.35,2.2,-0.2,1.3,0.0,11.1,91
2022-12-10,Paris,Europe,48.86,2.35,3.0,-1.8,0.9,0.0,11.5,90
2022-12-11,Paris,Europe,48.86,2.35,0.6,-3.7,-2.2,0.0,12.3,89
2022-12-12,Paris,Europe,48.86,2.35,0.3,-3.8,-2.3,0.7,14.4,86
2022-12-13,Paris,Europe,48.86,2.35,1.5,-4.2,-2.0,0.0,12.7,69
2022-12-14,Paris,Europe,48.86,2.35,0.5,-3.8,-0.9,4.1,10.1,79
2022-12-15,Paris,Europe,48.86,2.35,1.4,-4.6,-2.0,0.0,19.0,77
2022-12-16,Paris,Europe,48.86,2.35,3.0,-4.8,-1.9,0.0,12.2,89
2022-12-17,Paris,Europe,48.86,2.35,0.4,-5.3,-2.8,0.0,11.6,90
2022-12-18,Paris,Europe,48.86,2.35,4.4,-5.1,-1.1,4.9,18.7,83
2022-12-19,Paris,Europe,48.86,2.35,11.1,4.8,7.8,5.1,24.6,84
2022-12-20,Paris,Europe,48.86,2.35,11.7,9.8,11.2,24.7,23.8,85
2022-12-21,Paris,Europe,48.86,2.35,11.9,7.2,10.0,18.5,26.6,94
2022-12-22,Paris,Europe,48.86,2.35,13.4,10.9,12.3,7.7,34.8,86
2022-12-23,Paris,Europe,48.86,2.35,14.4,10.8,12.7,6.8,31.1,89
2022-12-24,Paris,Europe,48.86,2.35,12.1,9.4,10.6,1.3,18.4,90
2022-12-25,Paris,Europe,48.86,2.35,13.1,9.6,11.2,5.5,21.3,91
2022-12-26,Paris,Europe,48.86,2.35,11.4,4.6,9.1,1.8,21.3,88
2022-12-27,Paris,Europe,48.86,2.35,8.6,3.0,5.7,0.1,20.9,89
2022-12-28,Paris,Europe,48.86,2.35,11.4,8.6,10.1,2.6,33.2,85
2022-12-29,Paris,Europe,48.86,2.35,11.6,6.3,9.7,1.0,30.1,82
2022-12-30,Paris,Europe,48.86,2.35,14.4,4.8,10.0,8.4,37.1,90
2022-12-31,Paris,Europe,48.86,2.35,16.0,14.4,15.2,0.0,36.0,70
2023-01-01,Paris,Europe,48.86,2.35,15.2,11.7,13.4,3.8,28.9,72
2023-01-02,Paris,Europe,48.86,2.35,14.4,5.8,10.1,7.2,24.5,88
2023-01-03,Paris,Europe,48.86,2.35,9.9,5.6,7.6,2.0,25.8,90
2023-01-04,Paris,Europe,48.86,2.35,13.2,9.6,11.8,2.3,28.6,88
2023-01-05,Paris,Europe,48.86,2.35,13.6,11.1,12.4,0.6,21.4,86
2023-01-06,Paris,Europe,48.86,2.35,12.9,9.6,11.1,0.0,24.0,84
2023-01-07,Paris,Europe,48.86,2.35,10.9,6.1,9.0,2.5,28.7,84
2023-01-08,Paris,Europe,48.86,2.35,10.6,7.1,9.1,6.6,25.4,86
2023-01-09,Paris,Europe,48.86,2.35,8.4,5.3,6.8,0.1,31.8,77
2023-01-10,Paris,Europe,48.86,2.35,11.8,3.8,7.1,2.8,27.0,88
2023-01-11,Paris,Europe,48.86,2.35,12.3,8.8,10.6,7.9,26.9,81
2023-01-12,Paris,Europe,48.86,2.35,11.9,9.1,10.9,0.7,31.1,77
2023-01-13,Paris,Europe,48.86,2.35,11.0,6.8,9.1,1.9,31.5,80
2023-01-14,Paris,Europe,48.86,2.35,12.6,7.4,10.5,9.4,34.3,87
2023-01-15,Paris,Europe,48.86,2.35,8.6,4.9,6.9,2.2,35.6,76
2023-01-16,Paris,Europe,48.86,2.35,6.4,1.4,4.9,8.4,43.2,86
2023-01-17,Paris,Europe,48.86,2.35,3.4,-1.1,1.5,3.8,13.5,92
2023-01-18,Paris,Europe,48.86,2.35,5.0,-2.5,0.9,0.2,16.5,84
2023-01-19,Paris,Europe,48.86,2.35,3.4,-2.2,0.4,4.5,11.5,91
2023-01-20,Paris,Europe,48.86,2.35,5.8,-2.7,1.3,0.2,19.7,87
2023-01-21,Paris,Europe,48.86,2.35,3.8,-1.5,0.9,0.1,23.2,83
2023-01-22,Paris,Europe,48.86,2.35,3.1,-0.9,0.4,0.0,21.9,79
2023-01-23,Paris,Europe,48.86,2.35,3.5,-0.1,1.5,0.0,21.8,81
2023-01-24,Paris,Europe,48.86,2.35,3.5,-1.6,1.2,0.0,19.2,86
2023-01-25,Paris,Europe,48.86,2.35,2.4,0.7,1.3,0.0,12.2,84
2023-01-26,Paris,Europe,48.86,2.35,4.6,0.1,2.1,0.4,17.4,89
2023-01-27,Paris,Europe,48.86,2.35,4.7,3.5,3.9,0.5,22.4,85
2023-01-28,Paris,Europe,48.86,2.35,3.7,-3.2,2.0,0.0,19.6,79
2023-01-29,Paris,Europe,48.86,2.35,4.7,-3.7,1.7,0.0,12.7,80
2023-01-30,Paris,Europe,48.86,2.35,9.0,0.2,5.0,0.0,19.8,86
2023-01-31,Paris,Europe,48.86,2.35,8.2,-1.2,3.7,0.0,21.8,88
2023-02-01,Paris,Europe,48.86,2.35,9.7,5.3,7.5,0.0,25.1,76
2023-02-02,Paris,Europe,48.86,2.35,10.5,4.4,7.3,0.0,24.7,80
2023-02-03,Paris,Europe,48.86,2.35,10.1,6.4,8.3,0.0,22.4,80
2023-02-04,Paris,Europe,48.86,2.35,10.8,7.2,8.8,0.0,13.8,86
2023-02-05,Paris,Europe,48.86,2.35,9.4,3.2,6.5,0.1,23.1,79
2023-02-06,Paris,Europe,48.86,2.35,6.9,0.2,3.0,0.0,14.4,83
2023-02-07,Paris,Europe,48.86,2.35,6.2,-2.0,1.5,0.0,15.3,81
2023-02-08,Paris,Europe,48.86,2.35,6.0,-4.2,-0.5,0.0,11.2,77
2023-02-09,Paris,Europe,48.86,2.35,6.6,-5.2,0.0,0.0,9.8,77
2023-02-10,Paris,Europe,48.86,2.35,9.4,0.5,4.8,0.0,10.5,85
2023-02-11,Paris,Europe,48.86,2.35,8.5,-0.5,4.5,0.0,8.2,93
2023-02-12,Paris,Europe,48.86,2.35,9.1,3.8,7.0,0.0,15.3,87
2023-02-13,Paris,Europe,48.86,2.35,11.6,-1.5,3.8,0.0,11.7,90
2023-02-14,Paris,Europe,48.86,2.35,11.6,-0.4,3.5,0.0,11.9,91
2023-02-15,Paris,Europe,48.86,2.35,12.8,-1.6,4.6,0.0,10.7,85
2023-02-16,Paris,Europe,48.86,2.35,11.4,2.8,7.3,1.4,16.9,84
2023-02-17,Paris,Europe,48.86,2.35,14.9,10.6,12.0,0.2,24.3,86
2023-02-18,Paris,Europe,48.86,2.35,12.4,9.4,10.8,0.0,24.3,76
2023-02-19,Paris,Europe,48.86,2.35,11.9,4.0,9.3,0.1,18.8,80
2023-02-20,Paris,Europe,48.86,2.35,11.4,1.9,5.4,0.0,10.3,91
2023-02-21,Paris,Europe,48.86,2.35,13.5,0.2,5.9,0.0,10.0,89
2023-02-22,Paris,Europe,48.86,2.35,10.4,5.2,8.2,2.4,15.6,92
2023-02-23,Paris,Europe,48.86,2.35,10.1,5.0,7.3,0.0,15.9,88
2023-02-24,Paris,Europe,48.86,2.35,10.4,4.6,6.6,0.0,16.1,82
2023-02-25,Paris,Europe,48.86,2.35,7.8,1.4,5.1,0.1,22.6,74
2023-02-26,Paris,Europe,48.86,2.35,5.1,-1.1,1.9,0.0,32.0,57
2023-02-27,Paris,Europe,48.86,2.35,6.4,-1.5,2.0,0.0,25.9,57
2023-02-28,Paris,Europe,48.86,2.35,5.2,-2.5,1.4,0.0,20.7,63
2023-03-01,Paris,Europe,48.86,2.35,7.3,-2.5,1.6,0.0,19.5,66
2023-03-02,Paris,Europe,48.86,2.35,9.3,-2.5,2.6,0.0,14.1,75
2023-03-03,Paris,Europe,48.86,2.35,8.9,-0.6,3.2,0.0,16.4,80
2023-03-04,Paris,Europe,48.86,2.35,6.8,-1.8,2.9,0.0,18.0,80
2023-03-05,Paris,Europe,48.86,2.35,7.2,2.6,4.9,0.3,9.2,80
2023-03-06,Paris,Europe,48.86,2.35,7.4,1.3,4.6,1.4,17.5,76
2023-03-07,Paris,Europe,48.86,2.35,8.8,3.2,6.0,0.4,24.3,70
2023-03-08,Paris,Europe,48.86,2.35,14.4,5.4,10.0,22.5,31.7,85
2023-03-09,Paris,Europe,48.86,2.35,14.8,8.8,11.3,5.8,31.8,81
2023-03-10,Paris,Europe,48.86,2.35,10.8,4.5,7.7,2.0,42.6,78
2023-03-11,Paris,Europe,48.86,2.35,7.3,1.0,4.7,5.4,14.4,81
2023-03-12,Paris,Europe,48.86,2.35,14.1,6.8,10.8,5.3,23.9,80
2023-03-13,Paris,Europe,48.86,2.35,15.8,10.2,13.1,0.9,31.8,80
2023-03-14,Paris,Europe,48.86,2.35,10.3,2.3,8.1,5.5,36.3,77
2023-03-15,Paris,Europe,48.86,2.35,10.8,1.8,6.4,0.2,11.2,73
2023-03-16,Paris,Europe,48.86,2.35,15.6,4.7,9.8,0.0,18.9,65
2023-03-17,Paris,Europe,48.86,2.35,15.9,7.1,11.1,7.1,25.1,79
2023-03-18,Paris,Europe,48.86,2.35,15.1,8.4,11.2,6.0,25.1,84
2023-03-19,Paris,Europe,48.86,2.35,11.2,2.8,8.6,2.8,18.4,84
2023-03-20,Paris,Europe,48.86,2.35,13.3,1.6,8.0,0.0,11.9,78
2023-03-21,Paris,Europe,48.86,2.35,14.7,8.1,11.0,3.4,22.1,80
2023-03-22,Paris,Europe,48.86,2.35,13.8,7.9,10.8,10.8,32.2,83
2023-03-23,Paris,Europe,48.86,2.35,15.9,11.1,13.2,2.1,31.8,75
2023-03-24,Paris,Europe,48.86,2.35,14.8,9.2,12.2,3.1,36.7,73
2023-03-25,Paris,Europe,48.86,2.35,13.8,8.2,10.5,0.5,36.4,69
2023-03-26,Paris,Europe,48.86,2.35,11.1,6.3,9.3,4.5,35.2,76
2023-03-27,Paris,Europe,48.86,2.35,9.6,3.2,6.7,0.0,18.7,64
2023-03-28,Paris,Europe,48.86,2.35,11.0,3.0,7.1,0.9,19.8,66
2023-03-29,Paris,Europe,48.86,2.35,19.6,9.1,14.0,0.9,22.1,67
2023-03-30,Paris,Europe,48.86,2.35,15.9,11.4,13.8,6.5,29.5,73
2023-03-31,Paris,Europe,48.86,2.35,14.8,9.9,11.8,6.7,37.8,74
2023-04-01,Paris,Europe,48.86,2.35,13.1,8.6,10.4,2.5,32.8,79
2023-04-02,Paris,Europe,48.86,2.35,9.4,6.8,8.3,0.5,24.6,80
2023-04-03,Paris,Europe,48.86,2.35,11.9,3.1,7.4,0.0,20.3,66
2023-04-04,Paris,Europe,48.86,2.35,10.8,0.5,5.4,0.0,15.3,64
2023-04-05,Paris,Europe,48.86,2.35,13.8,-1.0,6.8,0.0,8.9,70
2023-04-06,Paris,Europe,48.86,2.35,14.6,6.5,9.7,1.4,25.6,74
2023-04-07,Paris,Europe,48.86,2.35,14.0,4.8,8.9,0.5,14.8,77
2023-04-08,Paris,Europe,48.86,2.35,14.1,2.0,8.1,0.0,14.0,78
2023-04-09,Paris,Europe,48.86,2.35,17.2,3.0,10.0,0.0,11.2,74
2023-04-10,Paris,Europe,48.86,2.35,16.5,7.6,11.5,5.4,28.0,78
2023-04-11,Paris,Europe,48.86,2.35,13.0,7.4,10.2,6.8,23.4,77
2023-04-12,Paris,Europe,48.86,2.35,12.8,7.9,10.3,8.6,30.3,72
2023-04-13,Paris,Europe,48.86,2.35,11.8,4.8,7.7,4.2,29.0,76
2023-04-14,Paris,Europe,48.86,2.35,9.1,3.3,6.6,6.7,25.5,89
2023-04-15,Paris,Europe,48.86,2.35,12.8,6.3,9.0,9.2,23.5,85
2023-04-16,Paris,Europe,48.86,2.35,14.8,2.2,8.6,0.0,22.4,72
2023-04-17,Paris,Europe,48.86,2.35,12.4,3.1,8.2,0.4,21.4,81
2023-04-18,Paris,Europe,48.86,2.35,15.3,5.9,10.6,0.9,22.6,75
2023-04-19,Paris,Europe,48.86,2.35,18.0,6.8,12.4,0.0,21.5,72
2023-04-20,Paris,Europe,48.86,2.35,12.1,4.4,8.9,0.0,24.1,61
2023-04-21,Paris,Europe,48.86,2.35,12.8,1.4,7.5,0.0,7.6,75
2023-04-22,Paris,Europe,48.86,2.35,17.1,4.7,10.8,8.0,20.8,77
2023-04-23,Paris,Europe,48.86,2.35,14.1,8.5,11.0,6.3,37.5,82
2023-04-24,Paris,Europe,48.86,2.35,14.4,6.6,10.1,3.5,21.6,77
2023-04-25,Paris,Europe,48.86,2.35,11.4,5.1,8.3,0.6,17.2,78
2023-04-26,Paris,Europe,48.86,2.35,12.0,4.6,8.3,0.4,9.3,75
2023-04-27,Paris,Europe,48.86,2.35,18.4,6.8,12.9,1.8,13.0,77
2023-04-28,Paris,Europe,48.86,2.35,20.8,11.8,16.2,7.6,18.7,81
2023-04-29,Paris,Europe,48.86,2.35,15.7,7.4,12.1,0.4,14.2,81
2023-04-30,Paris,Europe,48.86,2.35,17.1,7.2,12.6,0.0,14.1,73
2023-05-01,Paris,Europe,48.86,2.35,15.7,8.9,12.1,2.1,18.6,81
2023-05-02,Paris,Europe,48.86,2.35,17.2,6.2,12.3,0.4,14.9,79
2023-05-03,Paris,Europe,48.86,2.35,19.5,6.2,13.1,0.0,18.9,71
2023-05-04,Paris,Europe,48.86,2.35,22.4,10.4,16.4,0.3,21.1,70
2023-05-05,Paris,Europe,48.86,2.35,18.5,12.0,14.8,5.8,18.7,81
2023-05-06,Paris,Europe,48.86,2.35,19.5,11.2,15.3,8.0,12.3,84
2023-05-07,Paris,Europe,48.86,2.35,18.2,11.5,15.0,13.2,15.4,90
2023-05-08,Paris,Europe,48.86,2.35,18.6,10.1,14.3,0.1,10.6,83
2023-05-09,Paris,Europe,48.86,2.35,17.0,12.0,13.9,16.9,22.4,88
2023-05-10,Paris,Europe,48.86,2.35,17.2,9.1,12.2,3.4,21.9,83
2023-05-11,Paris,Europe,48.86,2.35,16.5,8.6,12.0,5.0,13.9,83
2023-05-12,Paris,Europe,48.86,2.35,14.7,8.6,11.6,1.5,18.3,85
2023-05-13,Paris,Europe,48.86,2.35,20.4,10.0,14.7,4.5,21.7,81
2023-05-14,Paris,Europe,48.86,2.35,18.9,8.1,13.5,0.1,14.8,80
2023-05-15,Paris,Europe,48.86,2.35,15.9,7.6,11.3,4.2,20.6,87
2023-05-16,Paris,Europe,48.86,2.35,15.1,5.7,10.6,0.0,24.4,71
2023-05-17,Paris,Europe,48.86,2.35,16.1,5.9,11.5,0.1,22.4,73
2023-05-18,Paris,Europe,48.86,2.35,17.1,6.6,11.9,0.0,19.2,67
2023-05-19,Paris,Europe,48.86,2.35,19.2,6.9,13.5,0.0,20.0,64
2023-05-20,Paris,Europe,48.86,2.35,20.0,11.8,15.8,0.0,20.4,64
2023-05-21,Paris,Europe,48.86,2.35,21.0,12.2,16.6,0.0,19.9,72
2023-05-22,Paris,Europe,48.86,2.35,21.4,11.4,16.1,0.0,18.8,74
2023-05-23,Paris,Europe,48.86,2.35,19.1,10.6,14.6,0.0,22.9,72
2023-05-24,Paris,Europe,48.86,2.35,18.9,7.4,13.2,0.0,22.5,64
2023-05-25,Paris,Europe,48.86,2.35,20.1,9.9,15.2,0.0,23.3,66
2023-05-26,Paris,Europe,48.86,2.35,21.4,9.6,15.7,0.0,20.4,69
2023-05-27,Paris,Europe,48.86,2.35,23.6,11.1,17.5,0.0,16.6,63
2023-05-28,Paris,Europe,48.86,2.35,25.4,12.0,19.1,0.0,21.7,60
2023-05-29,Paris,Europe,48.86,2.35,23.2,13.1,18.0,0.0,26.8,63
2023-05-30,Paris,Europe,48.86,2.35,21.7,11.4,16.6,0.0,24.5,54
2023-05-31,Paris,Europe,48.86,2.35,25.7,11.8,19.0,0.0,22.5,59
2023-06-01,Paris,Europe,48.86,2.35,26.0,13.9,19.9,0.0,21.6,60
2023-06-02,Paris,Europe,48.86,2.35,20.0,9.6,15.1,0.0,21.3,63
2023-06-03,Paris,Europe,48.86,2.35,24.1,10.6,17.8,0.0,19.1,57
2023-06-04,Paris,Europe,48.86,2.35,25.2,13.1,19.6,0.0,20.5,45
2023-06-05,Paris,Europe,48.86,2.35,25.5,13.1,19.7,0.0,19.8,51
2023-06-06,Paris,Europe,48.86,2.35,25.5,12.1,19.3,0.1,16.3,58
2023-06-07,Paris,Europe,48.86,2.35,27.4,13.9,21.1,0.1,19.7,56
2023-06-08,Paris,Europe,48.86,2.35,27.1,14.4,21.2,0.0,17.2,58
2023-06-09,Paris,Europe,48.86,2.35,29.9,15.6,23.3,0.0,18.4,53
2023-06-10,Paris,Europe,48.86,2.35,28.0,17.5,23.0,1.0,13.5,66
2023-06-11,Paris,Europe,48.86,2.35,25.0,18.5,21.2,24.2,17.7,82
2023-06-12,Paris,Europe,48.86,2.35,26.0,16.5,21.0,0.9,16.0,77
2023-06-13,Paris,Europe,48.86,2.35,27.9,15.2,22.3,0.0,19.0,60
2023-06-14,Paris,Europe,48.86,2.35,28.4,13.4,22.0,0.0,13.4,51
2023-06-15,Paris,Europe,48.86,2.35,27.8,14.9,21.8,0.0,11.5,53
2023-06-16,Paris,Europe,48.86,2.35,29.2,13.5,22.3,0.0,12.6,50
2023-06-17,Paris,Europe,48.86,2.35,30.5,17.0,23.7,0.1,15.1,52
2023-06-18,Paris,Europe,48.86,2.35,29.8,17.7,23.2,5.6,26.1,72
2023-06-19,Paris,Europe,48.86,2.35,24.4,14.9,20.2,1.0,9.6,79
2023-06-20,Paris,Europe,48.86,2.35,27.0,17.8,21.5,1.4,21.7,80
2023-06-21,Paris,Europe,48.86,2.35,27.0,16.0,21.5,2.7,14.0,75
2023-06-22,Paris,Europe,48.86,2.35,23.6,17.0,19.7,17.4,22.5,78
2023-06-23,Paris,Europe,48.86,2.35,26.5,13.1,20.3,0.1,13.7,71
2023-06-24,Paris,Europe,48.86,2.35,27.8,14.6,21.9,0.0,9.2,65
2023-06-25,Paris,Europe,48.86,2.35,31.5,16.6,24.3,0.0,20.9,60
2023-06-26,Paris,Europe,48.86,2.35,23.1,15.4,19.5,0.0,20.2,59
2023-06-27,Paris,Europe,48.86,2.35,24.6,13.4,19.3,0.0,16.1,59
2023-06-28,Paris,Europe,48.86,2.35,25.1,15.4,20.6,0.9,8.2,64
2023-06-29,Paris,Europe,48.86,2.35,25.0,18.6,21.3,1.6,20.9,71
2023-06-30,Paris,Europe,48.86,2.35,24.4,15.1,19.7,0.3,25.5,59
2023-07-01,Paris,Europe,48.86,2.35,22.6,16.7,19.6,2.8,26.5,69
2023-07-02,Paris,Europe,48.86,2.35,23.2,13.8,18.8,0.0,21.6,57
2023-07-03,Paris,Europe,48.86,2.35,24.6,14.4,19.4,0.3,21.4,56
2023-07-04,Paris,Europe,48.86,2.35,22.3,12.4,17.8,6.4,25.2,73
2023-07-05,Paris,Europe,48.86,2.35,21.2,11.6,16.8,0.6,27.2,66
2023-07-06,Paris,Europe,48.86,2.35,25.5,12.2,19.0,0.1,11.9,60
2023-07-07,Paris,Europe,48.86,2.35,30.0,13.8,22.8,0.0,21.2,54
2023-07-08,Paris,Europe,48.86,2.35,32.5,19.7,26.1,0.5,16.6,54
2023-07-09,Paris,Europe,48.86,2.35,27.4,19.9,23.3,4.4,14.8,70
2023-07-10,Paris,Europe,48.86,2.35,28.9,15.9,23.0,0.0,13.5,59
2023-07-11,Paris,Europe,48.86,2.35,31.5,16.4,24.5,0.2,20.4,54
2023-07-12,Paris,Europe,48.86,2.35,24.8,17.3,20.8,4.4,18.4,59
2023-07-13,Paris,Europe,48.86,2.35,24.0,15.9,20.1,0.3,19.8,56
2023-07-14,Paris,Europe,48.86,2.35,30.5,14.8,23.1,0.0,26.3,51
2023-07-15,Paris,Europe,48.86,2.35,25.1,19.2,22.6,6.4,29.7,56
2023-07-16,Paris,Europe,48.86,2.35,25.0,15.5,20.3,0.0,26.6,51
2023-07-17,Paris,Europe,48.86,2.35,24.5,13.7,19.6,0.0,20.5,57
2023-07-18,Paris,Europe,48.86,2.35,28.2,13.6,21.6,0.0,9.6,54
2023-07-19,Paris,Europe,48.86,2.35,24.0,16.3,20.5,0.0,21.6,56
2023-07-20,Paris,Europe,48.86,2.35,25.6,13.4,19.9,0.1,13.9,60
2023-07-21,Paris,Europe,48.86,2.35,24.1,14.9,19.2,2.4,18.8,57
2023-07-22,Paris,Europe,48.86,2.35,25.5,12.6,19.7,0.0,23.9,51
2023-07-23,Paris,Europe,48.86,2.35,23.9,16.9,19.8,7.1,32.4,69
2023-07-24,Paris,Europe,48.86,2.35,23.2,16.6,19.2,21.4,26.4,77
2023-07-25,Paris,Europe,48.86,2.35,19.9,13.8,16.8,11.9,16.8,73
2023-07-26,Paris,Europe,48.86,2.35,23.0,11.7,17.8,0.1,16.9,66
2023-07-27,Paris,Europe,48.86,2.35,22.7,17.4,19.2,10.0,27.9,80
2023-07-28,Paris,Europe,48.86,2.35,24.0,17.7,20.0,9.1,16.8,86
2023-07-29,Paris,Europe,48.86,2.35,23.5,16.6,19.7,4.2,19.6,81
2023-07-30,Paris,Europe,48.86,2.35,22.5,14.1,18.8,0.4,22.6,67
2023-07-31,Paris,Europe,48.86,2.35,22.3,16.5,19.1,11.8,29.3,76
2023-08-01,Paris,Europe,48.86,2.35,21.6,15.6,18.6,1.6,29.1,75
2023-08-02,Paris,Europe,48.86,2.35,23.1,16.8,19.5,24.6,44.6,76
2023-08-03,Paris,Europe,48.86,2.35,19.2,15.8,17.1,9.1,30.6,80
2023-08-04,Paris,Europe,48.86,2.35,20.9,14.0,17.1,2.7,15.8,81
2023-08-05,Paris,Europe,48.86,2.35,19.2,12.1,15.9,5.1,30.3,80
2023-08-06,Paris,Europe,48.86,2.35,19.0,13.1,15.9,1.5,29.0,69
2023-08-07,Paris,Europe,48.86,2.35,21.0,11.9,16.6,0.5,16.9,73
2023-08-08,Paris,Europe,48.86,2.35,22.7,13.4,18.3,0.5,17.2,71
2023-08-09,Paris,Europe,48.86,2.35,23.0,16.1,19.4,0.2,16.3,74
2023-08-10,Paris,Europe,48.86,2.35,25.7,13.6,20.0,0.0,12.8,75
2023-08-11,Paris,Europe,48.86,2.35,26.9,16.6,21.3,3.6,15.1,80
2023-08-12,Paris,Europe,48.86,2.35,25.2,18.1,21.2,9.0,19.6,77
2023-08-13,Paris,Europe,48.86,2.35,23.2,15.5,19.3,0.0,16.5,71
2023-08-14,Paris,Europe,48.86,2.35,27.0,14.9,20.5,0.0,19.4,74
2023-08-15,Paris,Europe,48.86,2.35,24.0,16.0,20.2,0.8,12.0,77
2023-08-16,Paris,Europe,48.86,2.35,25.9,15.8,20.7,0.1,11.7,71
2023-08-17,Paris,Europe,48.86,2.35,27.5,16.7,22.0,0.7,13.4,76
2023-08-18,Paris,Europe,48.86,2.35,30.8,17.5,23.8,0.5,13.2,81
2023-08-19,Paris,Europe,48.86,2.35,27.0,19.5,23.6,6.9,15.0,74
2023-08-20,Paris,Europe,48.86,2.35,29.2,16.9,22.9,0.3,14.8,74
2023-08-21,Paris,Europe,48.86,2.35,27.2,16.1,21.6,0.0,9.7,67
2023-08-22,Paris,Europe,48.86,2.35,29.5,15.9,22.9,0.0,11.8,66
2023-08-23,Paris,Europe,48.86,2.35,30.5,17.4,24.2,0.0,11.8,65
2023-08-24,Paris,Europe,48.86,2.35,26.2,19.4,22.6,14.0,16.9,84
2023-08-25,Paris,Europe,48.86,2.35,22.4,15.2,19.9,26.7,17.2,80
2023-08-26,Paris,Europe,48.86,2.35,21.4,13.9,17.4,0.5,22.1,69
2023-08-27,Paris,Europe,48.86,2.35,20.9,12.0,16.2,0.6,19.0,76
2023-08-28,Paris,Europe,48.86,2.35,20.9,13.1,16.4,2.3,13.1,76
2023-08-29,Paris,Europe,48.86,2.35,20.7,10.6,15.8,1.0,12.4,78
2023-08-30,Paris,Europe,48.86,2.35,20.0,12.9,16.3,1.3,20.5,69
2023-08-31,Paris,Europe,48.86,2.35,18.6,12.4,15.7,7.4,21.1,83
2023-09-01,Paris,Europe,48.86,2.35,23.0,16.4,19.0,3.1,20.9,85
2023-09-02,Paris,Europe,48.86,2.35,27.0,15.2,21.1,0.8,15.9,79
2023-09-03,Paris,Europe,48.86,2.35,29.6,17.2,23.0,0.0,15.2,73
2023-09-04,Paris,Europe,48.86,2.35,29.0,16.8,22.6,0.0,19.5,69
2023-09-05,Paris,Europe,48.86,2.35,31.9,17.3,24.5,0.0,10.0,62
2023-09-06,Paris,Europe,48.86,2.35,32.0,16.8,24.0,0.0,11.2,70
2023-09-07,Paris,Europe,48.86,2.35,30.6,14.7,22.8,0.0,10.1,68
2023-09-08,Paris,Europe,48.86,2.35,33.8,17.7,25.6,0.0,11.6,58
2023-09-09,Paris,Europe,48.86,2.35,34.0,18.5,25.9,0.0,12.9,58
2023-09-10,Paris,Europe,48.86,2.35,33.7,19.4,26.2,0.0,12.8,52
2023-09-11,Paris,Europe,48.86,2.35,26.5,18.6,22.4,1.1,14.9,75
2023-09-12,Paris,Europe,48.86,2.35,20.2,16.3,18.6,27.2,8.4,93
2023-09-13,Paris,Europe,48.86,2.35,21.6,16.2,18.8,0.8,9.2,83
2023-09-14,Paris,Europe,48.86,2.35,23.4,13.3,18.5,0.1,7.5,79
2023-09-15,Paris,Europe,48.86,2.35,26.0,12.7,19.3,0.0,9.9,72
2023-09-16,Paris,Europe,48.86,2.35,24.5,13.4,19.2,0.0,10.4,80
2023-09-17,Paris,Europe,48.86,2.35,24.3,17.1,20.2,3.5,14.8,86
2023-09-18,Paris,Europe,48.86,2.35,23.4,16.1,18.8,8.9,22.3,81
2023-09-19,Paris,Europe,48.86,2.35,21.1,12.6,17.1,0.8,26.4,73
2023-09-20,Paris,Europe,48.86,2.35,23.8,16.2,20.0,0.1,30.4,71
2023-09-21,Paris,Europe,48.86,2.35,20.2,13.8,16.9,19.0,23.7,82
2023-09-22,Paris,Europe,48.86,2.35,16.5,11.0,13.1,8.1,27.3,80
2023-09-23,Paris,Europe,48.86,2.35,17.2,10.1,13.4,0.3,13.7,79
2023-09-24,Paris,Europe,48.86,2.35,19.9,7.4,13.5,0.0,15.5,75
2023-09-25,Paris,Europe,48.86,2.35,22.8,8.9,16.0,0.0,8.7,77
2023-09-26,Paris,Europe,48.86,2.35,23.6,12.6,17.4,0.0,10.7,78
2023-09-27,Paris,Europe,48.86,2.35,25.0,12.1,18.8,0.0,15.9,78
2023-09-28,Paris,Europe,48.86,2.35,21.6,14.4,18.6,0.0,14.7,75
2023-09-29,Paris,Europe,48.86,2.35,21.5,11.7,18.4,0.1,26.4,73
2023-09-30,Paris,Europe,48.86,2.35,21.9,9.2,15.1,0.0,9.7,83
2023-10-01,Paris,Europe,48.86,2.35,25.6,12.0,17.8,0.0,11.9,79
2023-10-02,Paris,Europe,48.86,2.35,27.0,12.8,19.4,0.0,15.5,75
2023-10-03,Paris,Europe,48.86,2.35,21.7,11.9,17.6,7.2,25.4,74
2023-10-04,Paris,Europe,48.86,2.35,18.8,8.6,13.5,0.0,9.4,79
2023-10-05,Paris,Europe,48.86,2.35,18.9,8.9,13.5,0.0,10.1,80
2023-10-06,Paris,Europe,48.86,2.35,21.4,7.9,14.1,0.0,10.0,76
2023-10-07,Paris,Europe,48.86,2.35,24.0,9.6,15.8,0.0,9.5,77
2023-10-08,Paris,Europe,48.86,2.35,25.6,10.1,17.6,0.0,11.2,72
2023-10-09,Paris,Europe,48.86,2.35,24.4,9.9,16.7,0.0,10.2,68
2023-10-10,Paris,Europe,48.86,2.35,27.4,10.5,18.1,0.0,12.2,65
2023-10-11,Paris,Europe,48.86,2.35,24.8,10.9,17.9,0.0,17.5,63
2023-10-12,Paris,Europe,48.86,2.35,22.1,15.9,18.8,2.4,20.6,75
2023-10-13,Paris,Europe,48.86,2.35,25.1,17.0,20.7,0.2,31.4,69
2023-10-14,Paris,Europe,48.86,2.35,18.0,9.8,13.5,1.4,29.4,75
2023-10-15,Paris,Europe,48.86,2.35,13.5,6.8,9.9,0.0,11.9,70
2023-10-16,Paris,Europe,48.86,2.35,13.1,4.0,8.2,0.0,21.7,70
2023-10-17,Paris,Europe,48.86,2.35,15.9,4.6,10.7,0.0,14.0,70
2023-10-18,Paris,Europe,48.86,2.35,19.0,11.4,15.2,7.9,26.6,85
2023-10-19,Paris,Europe,48.86,2.35,20.9,14.4,16.9,4.0,27.1,84
2023-10-20,Paris,Europe,48.86,2.35,17.5,13.1,14.8,6.0,17.3,90
2023-10-21,Paris,Europe,48.86,2.35,15.1,10.8,12.9,8.0,39.5,81
2023-10-22,Paris,Europe,48.86,2.35,16.5,7.9,12.6,1.9,24.1,81
2023-10-23,Paris,Europe,48.86,2.35,11.9,7.3,10.1,4.5,16.9,91
2023-10-24,Paris,Europe,48.86,2.35,15.9,10.4,12.5,1.9,17.7,83
2023-10-25,Paris,Europe,48.86,2.35,15.1,11.1,12.8,14.7,27.5,87
2023-10-26,Paris,Europe,48.86,2.35,15.9,10.1,13.1,15.6,20.9,89
2023-10-27,Paris,Europe,48.86,2.35,15.2,9.7,12.0,4.6,25.2,86
2023-10-28,Paris,Europe,48.86,2.35,14.9,10.2,12.5,5.7,35.4,85
2023-10-29,Paris,Europe,48.86,2.35,16.1,11.4,13.4,3.1,33.2,79
2023-10-30,Paris,Europe,48.86,2.35,12.8,9.1,11.6,9.1,15.3,91
2023-10-31,Paris,Europe,48.86,2.35,14.9,7.8,11.4,0.5,22.4,84
2023-11-01,Paris,Europe,48.86,2.35,13.8,11.0,12.2,2.3,30.1,83
2023-11-02,Paris,Europe,48.86,2.35,13.9,8.9,11.7,3.2,47.0,69
2023-11-03,Paris,Europe,48.86,2.35,10.8,5.7,8.2,0.1,21.4,81
2023-11-04,Paris,Europe,48.86,2.35,14.2,7.3,10.4,11.1,33.6,83
2023-11-05,Paris,Europe,48.86,2.35,13.6,9.7,11.2,2.7,33.0,76
2023-11-06,Paris,Europe,48.86,2.35,13.1,7.7,9.9,1.1,28.5,80
2023-11-07,Paris,Europe,48.86,2.35,12.2,6.4,9.1,0.5,23.5,82
2023-11-08,Paris,Europe,48.86,2.35,12.1,6.3,9.3,10.9,31.0,86
2023-11-09,Paris,Europe,48.86,2.35,12.1,8.0,10.1,5.3,27.8,85
2023-11-10,Paris,Europe,48.86,2.35,11.5,6.3,8.5,0.6,34.5,81
2023-11-11,Paris,Europe,48.86,2.35,11.6,4.6,7.2,0.2,17.7,87
2023-11-12,Paris,Europe,48.86,2.35,13.4,6.1,9.4,10.4,22.3,89
2023-11-13,Paris,Europe,48.86,2.35,17.1,11.3,14.2,9.5,32.1,88
2023-11-14,Paris,Europe,48.86,2.35,13.2,10.1,11.6,2.5,29.2,83
2023-11-15,Paris,Europe,48.86,2.35,12.7,7.7,10.2,0.2,25.5,85
2023-11-16,Paris,Europe,48.86,2.35,10.0,6.8,8.5,12.7,26.4,93
2023-11-17,Paris,Europe,48.86,2.35,11.4,5.8,7.9,0.3,19.9,87
2023-11-18,Paris,Europe,48.86,2.35,14.4,8.2,10.8,16.2,23.9,91
2023-11-19,Paris,Europe,48.86,2.35,15.2,11.6,13.3,0.1,26.8,82
2023-11-20,Paris,Europe,48.86,2.35,12.4,9.6,10.7,4.3,32.0,82
2023-11-21,Paris,Europe,48.86,2.35,12.1,8.2,9.6,0.3,18.8,91
2023-11-22,Paris,Europe,48.86,2.35,9.2,4.1,7.0,0.0,16.0,83
2023-11-23,Paris,Europe,48.86,2.35,13.0,7.2,10.4,0.0,19.4,86
2023-11-24,Paris,Europe,48.86,2.35,11.4,2.9,8.9,0.5,25.1,76
2023-11-25,Paris,Europe,48.86,2.35,7.9,1.4,4.1,0.0,21.4,79
2023-11-26,Paris,Europe,48.86,2.35,6.8,-0.9,3.0,0.0,13.9,84
2023-11-27,Paris,Europe,48.86,2.35,9.1,4.4,6.5,5.9,21.6,87
2023-11-28,Paris,Europe,48.86,2.35,6.5,0.6,4.7,0.2,21.9,85
2023-11-29,Paris,Europe,48.86,2.35,8.4,-0.3,3.6,0.0,12.7,89
2023-11-30,Paris,Europe,48.86,2.35,6.7,-0.8,2.7,1.7,10.0,90
2023-12-01,Paris,Europe,48.86,2.35,3.7,-0.5,2.0,0.0,15.1,86
2023-12-02,Paris,Europe,48.86,2.35,3.0,-3.8,-1.0,0.0,15.6,81
2023-12-03,Paris,Europe,48.86,2.35,4.1,-2.5,0.7,0.1,21.3,72
2023-12-04,Paris,Europe,48.86,2.35,9.5,2.0,5.9,9.9,28.8,77
2023-12-05,Paris,Europe,48.86,2.35,7.9,5.7,6.8,8.3,28.5,89
2023-12-06,Paris,Europe,48.86,2.35,7.7,1.9,4.6,0.0,12.8,91
2023-12-07,Paris,Europe,48.86,2.35,6.1,2.0,4.2,7.6,18.9,89
2023-12-08,Paris,Europe,48.86,2.35,10.2,4.3,6.7,3.3,12.5,95
2023-12-09,Paris,Europe,48.86,2.35,14.1,6.3,9.4,22.1,36.6,89
2023-12-10,Paris,Europe,48.86,2.35,13.4,6.8,10.2,1.5,32.5,83
2023-12-11,Paris,Europe,48.86,2.35,12.9,7.8,10.3,0.1,24.5,87
2023-12-12,Paris,Europe,48.86,2.35,12.7,8.4,10.4,2.6,23.6,91
2023-12-13,Paris,Europe,48.86,2.35,9.9,6.2,7.9,1.6,18.6,90
2023-12-14,Paris,Europe,48.86,2.35,8.4,6.8,7.5,1.1,22.4,83
2023-12-15,Paris,Europe,48.86,2.35,9.6,4.0,7.1,1.0,10.6,93
2023-12-16,Paris,Europe,48.86,2.35,9.6,1.8,4.9,0.0,9.4,87
2023-12-17,Paris,Europe,48.86,2.35,6.9,0.3,2.7,0.0,11.6,96
2023-12-18,Paris,Europe,48.86,2.35,3.8,-0.2,1.9,0.0,12.8,93
2023-12-19,Paris,Europe,48.86,2.35,9.9,3.8,6.9,3.8,24.0,89
2023-12-20,Paris,Europe,48.86,2.35,9.5,4.3,7.7,0.0,22.1,86
2023-12-21,Paris,Europe,48.86,2.35,11.9,9.4,10.6,0.9,30.6,84
2023-12-22,Paris,Europe,48.86,2.35,10.9,9.3,10.1,1.1,30.8,79
2023-12-23,Paris,Europe,48.86,2.35,11.6,7.7,9.7,0.5,24.5,81
2023-12-24,Paris,Europe,48.86,2.35,11.6,8.2,10.3,0.1,25.6,80
2023-12-25,Paris,Europe,48.86,2.35,12.6,10.4,11.2,0.0,25.3,81
2023-12-26,Paris,Europe,48.86,2.35,11.6,10.1,10.6,0.2,22.3,83
2023-12-27,Paris,Europe,48.86,2.35,10.2,7.3,9.2,1.5,27.2,80
2023-12-28,Paris,Europe,48.86,2.35,12.1,8.2,10.2,0.0,28.1,86
2023-12-29,Paris,Europe,48.86,2.35,11.7,8.1,9.9,1.7,29.3,85
2023-12-30,Paris,Europe,48.86,2.35,11.8,7.2,9.3,0.2,24.7,88
2023-12-31,Paris,Europe,48.86,2.35,10.6,7.4,9.1,1.9,36.5,75
2024-01-01,Paris,Europe,48.86,2.35,9.8,5.8,7.8,2.9,34.1,78
2024-01-02,Paris,Europe,48.86,2.35,11.9,9.8,11.0,12.8,39.0,88
2024-01-03,Paris,Europe,48.86,2.35,12.0,8.4,9.8,2.7,32.6,83
2024-01-04,Paris,Europe,48.86,2.35,10.6,6.4,8.9,1.7,28.2,82
2024-01-05,Paris,Europe,48.86,2.35,9.1,3.3,6.6,0.0,23.9,84
2024-01-06,Paris,Europe,48.86,2.35,7.6,2.7,4.8,1.6,22.4,87
2024-01-07,Paris,Europe,48.86,2.35,4.2,0.7,2.9,0.0,21.9,83
2024-01-08,Paris,Europe,48.86,2.35,-0.3,-4.0,-1.9,0.6,21.7,70
2024-01-09,Paris,Europe,48.86,2.35,-1.4,-3.5,-2.0,0.7,16.8,65
2024-01-10,Paris,Europe,48.86,2.35,0.5,-4.0,-2.2,0.0,11.5,73
2024-01-11,Paris,Europe,48.86,2.35,1.8,-3.1,-1.4,0.0,15.5,71
2024-01-12,Paris,Europe,48.86,2.35,3.3,-2.2,1.6,0.0,15.0,84
2024-01-13,Paris,Europe,48.86,2.35,0.2,-1.8,-0.9,0.0,10.5,88
2024-01-14,Paris,Europe,48.86,2.35,0.2,-2.8,-1.4,0.0,11.2,84
2024-01-15,Paris,Europe,48.86,2.35,4.6,-4.1,0.9,0.3,17.7,78
2024-01-16,Paris,Europe,48.86,2.35,3.1,-3.8,-1.5,0.0,10.8,81
2024-01-17,Paris,Europe,48.86,2.35,7.2,-2.0,0.9,27.6,16.5,95
2024-01-18,Paris,Europe,48.86,2.35,2.8,-4.4,-0.5,6.0,21.2,87
2024-01-19,Paris,Europe,48.86,2.35,3.4,-5.1,-2.1,0.0,12.2,87
2024-01-20,Paris,Europe,48.86,2.35,1.3,-6.1,-2.9,0.0,11.8,86
2024-01-21,Paris,Europe,48.86,2.35,8.4,-2.2,4.1,0.1,33.0,76
2024-01-22,Paris,Europe,48.86,2.35,12.1,7.7,10.0,3.6,41.3,81
2024-01-23,Paris,Europe,48.86,2.35,13.0,5.8,9.0,0.5,27.0,86
2024-01-24,Paris,Europe,48.86,2.35,13.3,8.2,12.1,0.5,28.0,81
2024-01-25,Paris,Europe,48.86,2.35,12.9,9.3,10.8,1.5,16.3,90
2024-01-26,Paris,Europe,48.86,2.35,11.9,1.6,8.9,1.9,23.7,83
2024-01-27,Paris,Europe,48.86,2.35,7.4,-2.8,2.1,0.0,10.3,87
2024-01-28,Paris,Europe,48.86,2.35,9.1,-0.9,3.4,0.0,12.5,88
2024-01-29,Paris,Europe,48.86,2.35,12.6,3.4,7.7,0.0,13.5,87
2024-01-30,Paris,Europe,48.86,2.35,11.0,6.2,9.0,0.0,12.6,87
2024-01-31,Paris,Europe,48.86,2.35,11.1,2.3,6.6,0.0,14.1,85
2024-02-01,Paris,Europe,48.86,2.35,11.4,3.3,9.0,1.3,17.6,90
2024-02-02,Paris,Europe,48.86,2.35,8.9,2.6,6.1,0.0,15.2,93
2024-02-03,Paris,Europe,48.86,2.35,10.9,8.6,9.5,0.0,18.5,85
2024-02-04,Paris,Europe,48.86,2.35,12.1,8.7,9.8,0.0,20.5,80
2024-02-05,Paris,Europe,48.86,2.35,9.3,5.8,8.2,0.0,18.2,82
2024-02-06,Paris,Europe,48.86,2.35,12.4,7.6,9.9,0.0,29.9,79
2024-02-07,Paris,Europe,48.86,2.35,12.4,10.4,11.2,12.2,28.6,89
2024-02-08,Paris,Europe,48.86,2.35,13.8,10.6,12.0,6.7,30.6,88
2024-02-09,Paris,Europe,48.86,2.35,14.1,8.6,11.3,5.0,28.3,81
2024-02-10,Paris,Europe,48.86,2.35,9.9,5.4,7.9,8.0,23.4,93
2024-02-11,Paris,Europe,48.86,2.35,10.6,6.0,8.2,1.1,28.4,85
2024-02-12,Paris,Europe,48.86,2.35,10.5,2.8,5.9,0.5,13.9,88
2024-02-13,Paris,Europe,48.86,2.35,10.9,1.5,6.4,3.3,22.4,85
2024-02-14,Paris,Europe,48.86,2.35,14.7,9.4,11.5,0.5,22.7,89
2024-02-15,Paris,Europe,48.86,2.35,17.1,8.5,12.3,4.9,14.5,81
2024-02-16,Paris,Europe,48.86,2.35,13.9,5.4,11.7,3.6,24.3,86
2024-02-17,Paris,Europe,48.86,2.35,13.8,5.2,9.7,0.0,9.4,74
2024-02-18,Paris,Europe,48.86,2.35,11.6,6.4,9.0,7.9,20.8,87
2024-02-19,Paris,Europe,48.86,2.35,11.7,8.1,10.3,0.4,21.6,87
2024-02-20,Paris,Europe,48.86,2.35,10.9,6.4,8.3,0.0,14.9,86
2024-02-21,Paris,Europe,48.86,2.35,10.7,6.6,8.7,10.4,29.7,86
2024-02-22,Paris,Europe,48.86,2.35,14.2,5.3,11.0,16.2,42.5,84
2024-02-23,Paris,Europe,48.86,2.35,9.1,4.0,5.9,1.5,30.9,75
2024-02-24,Paris,Europe,48.86,2.35,8.8,1.8,5.0,4.0,28.1,82
2024-02-25,Paris,Europe,48.86,2.35,8.8,3.3,6.1,9.8,24.0,90
2024-02-26,Paris,Europe,48.86,2.35,9.0,4.8,6.7,6.4,30.7,92
2024-02-27,Paris,Europe,48.86,2.35,9.7,3.9,6.3,0.0,26.2,78
2024-02-28,Paris,Europe,48.86,2.35,10.8,-0.2,6.1,0.0,13.6,84
2024-02-29,Paris,Europe,48.86,2.35,10.3,7.8,9.3,2.8,23.5,90
2024-03-01,Paris,Europe,48.86,2.35,11.1,4.0,7.2,4.1,36.0,85
2024-03-02,Paris,Europe,48.86,2.35,8.7,4.7,6.5,11.5,24.6,89
2024-03-03,Paris,Europe,48.86,2.35,8.7,2.3,5.7,3.4,14.3,86
2024-03-04,Paris,Europe,48.86,2.35,11.2,-0.6,5.3,1.0,12.6,78
2024-03-05,Paris,Europe,48.86,2.35,9.4,4.5,6.8,7.2,18.7,84
2024-03-06,Paris,Europe,48.86,2.35,9.5,2.4,6.1,2.3,8.8,87
2024-03-07,Paris,Europe,48.86,2.35,12.9,0.9,6.4,0.0,20.1,80
2024-03-08,Paris,Europe,48.86,2.35,13.6,2.2,8.2,0.0,25.5,71
2024-03-09,Paris,Europe,48.86,2.35,13.9,5.7,9.1,4.4,27.4,76
2024-03-10,Paris,Europe,48.86,2.35,10.5,4.6,7.7,2.4,13.8,88
2024-03-11,Paris,Europe,48.86,2.35,12.1,3.5,7.4,2.0,21.8,86
2024-03-12,Paris,Europe,48.86,2.35,11.4,6.7,8.9,5.6,17.4,90
2024-03-13,Paris,Europe,48.86,2.35,14.4,7.9,11.4,0.0,16.6,83
2024-03-14,Paris,Europe,48.86,2.35,17.6,4.6,10.9,0.0,15.5,83
2024-03-15,Paris,Europe,48.86,2.35,16.1,11.1,12.9,9.7,28.9,82
2024-03-16,Paris,Europe,48.86,2.35,14.7,9.3,11.8,0.1,21.0,74
2024-03-17,Paris,Europe,48.86,2.35,15.1,8.6,11.1,6.1,15.5,91
2024-03-18,Paris,Europe,48.86,2.35,16.3,9.6,12.7,5.6,12.6,82
2024-03-19,Paris,Europe,48.86,2.35,17.4,6.1,11.7,0.0,10.0,78
2024-03-20,Paris,Europe,48.86,2.35,19.0,5.8,12.1,0.0,10.1,80
2024-03-21,Paris,Europe,48.86,2.35,18.0,6.8,12.0,0.0,9.2,81
2024-03-22,Paris,Europe,48.86,2.35,17.2,7.1,10.9,1.0,17.8,84
2024-03-23,Paris,Europe,48.86,2.35,10.7,4.8,7.4,5.3,27.9,78
2024-03-24,Paris,Europe,48.86,2.35,11.4,3.2,6.8,0.6,28.7,75
2024-03-25,Paris,Europe,48.86,2.35,12.9,1.0,7.4,0.0,21.9,72
2024-03-26,Paris,Europe,48.86,2.35,12.5,5.5,9.3,7.2,23.2,85
2024-03-27,Paris,Europe,48.86,2.35,12.6,4.7,8.1,1.2,28.6,77
2024-03-28,Paris,Europe,48.86,2.35,12.0,5.4,9.1,2.7,39.3,68
2024-03-29,Paris,Europe,48.86,2.35,13.6,8.4,10.4,6.0,23.0,79
2024-03-30,Paris,Europe,48.86,2.35,12.2,6.3,8.8,11.1,14.5,82
2024-03-31,Paris,Europe,48.86,2.35,14.1,5.7,9.7,4.3,24.2,83
2024-04-01,Paris,Europe,48.86,2.35,13.6,6.5,9.7,4.4,23.6,78
2024-04-02,Paris,Europe,48.86,2.35,13.9,7.4,10.6,0.9,34.0,74
2024-04-03,Paris,Europe,48.86,2.35,16.3,9.8,12.6,7.6,28.6,78
2024-04-04,Paris,Europe,48.86,2.35,18.2,12.1,14.2,13.3,35.3,77
2024-04-05,Paris,Europe,48.86,2.35,18.5,12.1,14.8,1.0,28.8,82
2024-04-06,Paris,Europe,48.86,2.35,24.0,12.1,17.1,0.0,23.0,67
2024-04-07,Paris,Europe,48.86,2.35,17.1,12.4,15.1,13.2,17.7,78
2024-04-08,Paris,Europe,48.86,2.35,21.3,8.1,14.3,4.7,20.2,81
2024-04-09,Paris,Europe,48.86,2.35,11.9,6.9,9.7,3.3,33.2,69
2024-04-10,Paris,Europe,48.86,2.35,15.6,4.6,9.9,0.0,13.5,71
2024-04-11,Paris,Europe,48.86,2.35,17.6,10.6,14.1,0.4,10.5,79
2024-04-12,Paris,Europe,48.86,2.35,22.8,8.9,15.6,0.0,10.9,80
2024-04-13,Paris,Europe,48.86,2.35,24.4,9.2,17.0,0.0,17.6,78
2024-04-14,Paris,Europe,48.86,2.35,19.6,9.4,13.8,0.0,16.8,74
2024-04-15,Paris,Europe,48.86,2.35,13.8,6.7,9.7,3.0,39.0,75
2024-04-16,Paris,Europe,48.86,2.35,12.9,5.9,9.0,1.2,28.3,71
2024-04-17,Paris,Europe,48.86,2.35,11.8,3.8,7.1,2.4,23.4,77
2024-04-18,Paris,Europe,48.86,2.35,11.9,2.3,7.4,1.0,14.9,71
2024-04-19,Paris,Europe,48.86,2.35,12.2,6.4,9.3,1.3,29.8,77
2024-04-20,Paris,Europe,48.86,2.35,10.2,3.2,6.7,0.2,21.0,71
2024-04-21,Paris,Europe,48.86,2.35,10.9,3.0,6.8,0.8,27.8,67
2024-04-22,Paris,Europe,48.86,2.35,10.4,2.4,6.5,0.8,18.1,71
2024-04-23,Paris,Europe,48.86,2.35,11.2,0.9,6.3,0.0,19.4,67
2024-04-24,Paris,Europe,48.86,2.35,10.6,3.0,7.3,1.2,28.1,72
2024-04-25,Paris,Europe,48.86,2.35,12.1,1.5,7.5,0.1,11.2,70
2024-04-26,Paris,Europe,48.86,2.35,15.1,3.5,9.5,7.4,18.1,79
2024-04-27,Paris,Europe,48.86,2.35,15.0,8.1,11.8,15.0,21.3,86
2024-04-28,Paris,Europe,48.86,2.35,15.4,8.2,11.9,2.5,28.3,72
2024-04-29,Paris,Europe,48.86,2.35,17.9,6.3,12.4,0.3,15.5,75
2024-04-30,Paris,Europe,48.86,2.35,18.5,9.9,13.9,2.1,22.8,83
2024-05-01,Paris,Europe,48.86,2.35,19.9,11.6,15.4,3.3,21.0,84
2024-05-02,Paris,Europe,48.86,2.35,15.1,10.4,11.8,8.6,23.8,85
2024-05-03,Paris,Europe,48.86,2.35,15.6,8.6,11.7,2.8,22.3,75
2024-05-04,Paris,Europe,48.86,2.35,14.9,6.1,10.6,0.7,12.3,82
2024-05-05,Paris,Europe,48.86,2.35,17.6,9.6,13.0,2.9,19.1,85
2024-05-06,Paris,Europe,48.86,2.35,17.1,9.7,13.5,2.8,18.1,77
2024-05-07,Paris,Europe,48.86,2.35,18.5,7.9,13.4,1.2,22.2,81
2024-05-08,Paris,Europe,48.86,2.35,16.2,8.0,12.0,0.0,15.3,77
2024-05-09,Paris,Europe,48.86,2.35,19.4,6.8,13.5,0.0,11.8,77
2024-05-10,Paris,Europe,48.86,2.35,22.5,9.1,16.2,0.0,15.1,71
2024-05-11,Paris,Europe,48.86,2.35,24.6,9.9,17.8,0.0,15.5,69
2024-05-12,Paris,Europe,48.86,2.35,24.3,11.4,17.8,12.7,13.7,78
2024-05-13,Paris,Europe,48.86,2.35,20.8,14.3,17.1,0.0,19.2,75
2024-05-14,Paris,Europe,48.86,2.35,16.0,12.9,14.5,16.1,13.9,89
2024-05-15,Paris,Europe,48.86,2.35,19.0,12.1,15.0,2.2,13.9,78
2024-05-16,Paris,Europe,48.86,2.35,18.3,11.4,14.7,3.9,13.9,75
2024-05-17,Paris,Europe,48.86,2.35,18.5,9.4,14.4,0.5,9.7,75
2024-05-18,Paris,Europe,48.86,2.35,20.0,11.6,15.2,2.9,14.3,79
2024-05-19,Paris,Europe,48.86,2.35,19.1,11.6,15.0,1.0,10.4,84
2024-05-20,Paris,Europe,48.86,2.35,21.4,10.6,15.5,4.5,13.0,82
2024-05-21,Paris,Europe,48.86,2.35,19.2,10.9,14.9,12.3,11.3,86
2024-05-22,Paris,Europe,48.86,2.35,18.7,10.8,14.8,1.4,20.2,78
2024-05-23,Paris,Europe,48.86,2.35,18.3,11.4,14.8,2.9,12.1,77
2024-05-24,Paris,Europe,48.86,2.35,18.7,10.4,14.2,1.8,18.9,82
2024-05-25,Paris,Europe,48.86,2.35,20.1,10.0,15.2,2.1,9.5,78
2024-05-26,Paris,Europe,48.86,2.35,20.5,13.3,16.6,3.3,21.4,77
2024-05-27,Paris,Europe,48.86,2.35,16.7,9.9,13.6,1.2,18.0,79
2024-05-28,Paris,Europe,48.86,2.35,16.6,9.6,13.6,3.8,22.4,84
2024-05-29,Paris,Europe,48.86,2.35,17.5,13.8,15.2,23.0,22.5,88
2024-05-30,Paris,Europe,48.86,2.35,16.3,11.1,13.5,3.7,25.0,82
2024-05-31,Paris,Europe,48.86,2.35,16.9,10.6,13.4,5.0,23.6,84
2024-06-01,Paris,Europe,48.86,2.35,14.9,11.9,13.6,1.6,22.4,83
2024-06-02,Paris,Europe,48.86,2.35,17.5,11.0,14.2,0.0,19.8,78
2024-06-03,Paris,Europe,48.86,2.35,19.8,7.4,14.4,0.1,10.5,78
2024-06-04,Paris,Europe,48.86,2.35,21.9,11.8,17.2,0.8,19.5,79
2024-06-05,Paris,Europe,48.86,2.35,18.4,11.0,15.7,0.5,17.3,76
2024-06-06,Paris,Europe,48.86,2.35,19.2,7.7,14.1,0.0,14.5,72
2024-06-07,Paris,Europe,48.86,2.35,20.3,7.7,14.4,0.0,9.5,70
2024-06-08,Paris,Europe,48.86,2.35,21.0,8.9,14.7,0.0,19.8,72
2024-06-09,Paris,Europe,48.86,2.35,20.0,8.3,14.5,0.0,20.0,68
2024-06-10,Paris,Europe,48.86,2.35,16.2,9.2,12.7,3.3,27.4,76
2024-06-11,Paris,Europe,48.86,2.35,16.6,6.0,12.0,2.5,18.3,73
2024-06-12,Paris,Europe,48.86,2.35,16.8,6.8,12.0,4.4,12.1,80
2024-06-13,Paris,Europe,48.86,2.35,19.5,8.4,14.8,0.7,20.8,67
2024-06-14,Paris,Europe,48.86,2.35,21.1,12.8,16.8,8.4,27.1,71
2024-06-15,Paris,Europe,48.86,2.35,17.6,10.9,14.6,2.6,30.3,70
2024-06-16,Paris,Europe,48.86,2.35,19.5,12.7,15.5,5.2,24.2,79
2024-06-17,Paris,Europe,48.86,2.35,21.9,13.1,17.5,3.4,14.7,79
2024-06-18,Paris,Europe,48.86,2.35,22.2,14.1,17.6,16.1,12.7,90
2024-06-19,Paris,Europe,48.86,2.35,21.4,14.6,17.7,1.3,24.0,78
2024-06-20,Paris,Europe,48.86,2.35,22.1,14.6,18.3,1.8,16.3,79
2024-06-21,Paris,Europe,48.86,2.35,22.0,15.5,17.8,17.3,13.1,82
2024-06-22,Paris,Europe,48.86,2.35,19.5,12.8,16.2,5.3,23.4,77
2024-06-23,Paris,Europe,48.86,2.35,23.8,10.1,16.7,0.0,20.2,72
2024-06-24,Paris,Europe,48.86,2.35,26.1,12.8,20.0,0.0,10.6,73
2024-06-25,Paris,Europe,48.86,2.35,27.8,15.8,22.5,0.0,11.9,69
2024-06-26,Paris,Europe,48.86,2.35,29.7,16.5,23.7,0.0,13.3,69
2024-06-27,Paris,Europe,48.86,2.35,28.5,17.8,22.8,0.2,19.1,71
2024-06-28,Paris,Europe,48.86,2.35,22.0,14.2,17.9,0.0,13.4,66
2024-06-29,Paris,Europe,48.86,2.35,22.5,12.5,17.3,25.4,18.7,74
2024-06-30,Paris,Europe,48.86,2.35,22.2,14.1,18.3,3.1,17.8,77
2024-07-01,Paris,Europe,48.86,2.35,19.9,14.6,17.5,2.0,17.6,73
2024-07-02,Paris,Europe,48.86,2.35,19.9,12.7,16.2,1.2,17.3,75
2024-07-03,Paris,Europe,48.86,2.35,20.5,11.4,15.9,0.2,21.7,73
2024-07-04,Paris,Europe,48.86,2.35,21.4,14.5,17.6,1.3,22.8,68
2024-07-05,Paris,Europe,48.86,2.35,23.9,11.9,18.4,0.0,18.1,64
2024-07-06,Paris,Europe,48.86,2.35,20.8,12.3,17.5,0.1,26.7,60
2024-07-07,Paris,Europe,48.86,2.35,20.8,9.8,15.8,0.1,21.8,61
2024-07-08,Paris,Europe,48.86,2.35,23.0,11.4,17.7,0.0,11.4,67
2024-07-09,Paris,Europe,48.86,2.35,27.1,15.6,20.3,1.7,14.5,73
2024-07-10,Paris,Europe,48.86,2.35,25.3,17.1,20.9,0.2,20.0,68
2024-07-11,Paris,Europe,48.86,2.35,23.9,14.6,19.4,0.3,15.2,68
2024-07-12,Paris,Europe,48.86,2.35,19.3,14.1,16.3,14.6,16.8,81
2024-07-13,Paris,Europe,48.86,2.35,20.5,13.3,16.3,3.1,11.8,78
2024-07-14,Paris,Europe,48.86,2.35,22.6,12.0,17.8,0.0,9.3,72
2024-07-15,Paris,Europe,48.86,2.35,26.9,12.7,20.1,0.2,22.6,69
2024-07-16,Paris,Europe,48.86,2.35,22.5,15.4,18.9,0.4,27.5,67
2024-07-17,Paris,Europe,48.86,2.35,24.2,13.1,19.3,0.0,9.4,68
2024-07-18,Paris,Europe,48.86,2.35,29.0,14.4,22.2,0.0,9.5,65
2024-07-19,Paris,Europe,48.86,2.35,31.8,17.2,24.9,0.1,9.1,60
2024-07-20,Paris,Europe,48.86,2.35,30.4,18.2,24.1,11.3,13.8,63
2024-07-21,Paris,Europe,48.86,2.35,25.1,18.0,21.2,1.9,20.7,76
2024-07-22,Paris,Europe,48.86,2.35,24.6,14.4,19.9,0.0,18.3,65
2024-07-23,Paris,Europe,48.86,2.35,23.7,16.9,20.2,2.8,25.1,71
2024-07-24,Paris,Europe,48.86,2.35,24.8,13.5,19.9,0.0,9.5,66
2024-07-25,Paris,Europe,48.86,2.35,28.3,15.7,22.8,1.5,14.1,60
2024-07-26,Paris,Europe,48.86,2.35,23.9,18.9,20.8,6.3,11.5,82
2024-07-27,Paris,Europe,48.86,2.35,19.7,15.9,18.5,9.6,10.1,88
2024-07-28,Paris,Europe,48.86,2.35,24.5,10.8,18.3,0.0,15.0,73
2024-07-29,Paris,Europe,48.86,2.35,29.3,14.2,22.1,0.0,13.0,68
2024-07-30,Paris,Europe,48.86,2.35,33.8,19.2,26.4,0.0,9.0,69
2024-07-31,Paris,Europe,48.86,2.35,31.3,21.5,25.4,4.3,17.2,77
2024-08-01,Paris,Europe,48.86,2.35,28.6,20.2,23.0,30.9,18.7,85
2024-08-02,Paris,Europe,48.86,2.35,27.1,18.5,22.1,1.1,20.2,74
2024-08-03,Paris,Europe,48.86,2.35,24.2,14.9,19.8,1.8,15.8,73
2024-08-04,Paris,Europe,48.86,2.35,23.4,15.9,19.9,0.0,14.5,70
2024-08-05,Paris,Europe,48.86,2.35,27.6,13.3,20.6,0.0,8.9,68
2024-08-06,Paris,Europe,48.86,2.35,28.5,15.2,22.2,0.0,16.6,66
2024-08-07,Paris,Europe,48.86,2.35,23.6,16.5,20.1,1.1,15.1,63
2024-08-08,Paris,Europe,48.86,2.35,27.1,17.3,21.5,0.0,15.8,61
2024-08-09,Paris,Europe,48.86,2.35,25.3,18.0,21.7,0.2,18.9,71
2024-08-10,Paris,Europe,48.86,2.35,27.6,15.0,21.6,0.0,9.2,67
2024-08-11,Paris,Europe,48.86,2.35,31.9,17.3,24.9,0.0,17.3,54
2024-08-12,Paris,Europe,48.86,2.35,35.5,20.8,28.2,0.0,17.8,58
2024-08-13,Paris,Europe,48.86,2.35,27.2,19.8,23.0,4.0,16.4,74
2024-08-14,Paris,Europe,48.86,2.35,25.9,19.1,21.9,15.8,10.6,77
2024-08-15,Paris,Europe,48.86,2.35,25.9,18.0,21.5,0.7,12.7,69
2024-08-16,Paris,Europe,48.86,2.35,25.5,16.6,21.3,0.7,19.2,71
2024-08-17,Paris,Europe,48.86,2.35,21.6,17.0,20.0,29.3,15.0,86
2024-08-18,Paris,Europe,48.86,2.35,22.0,13.8,17.6,4.0,19.9,73
2024-08-19,Paris,Europe,48.86,2.35,22.1,10.6,17.0,0.0,8.2,73
2024-08-20,Paris,Europe,48.86,2.35,23.5,13.4,17.9,24.1,21.1,80
2024-08-21,Paris,Europe,48.86,2.35,21.0,11.6,16.3,0.0,13.6,70
2024-08-22,Paris,Europe,48.86,2.35,24.6,11.6,18.1,0.0,17.7,64
2024-08-23,Paris,Europe,48.86,2.35,24.2,15.6,20.3,0.6,28.6,75
2024-08-24,Paris,Europe,48.86,2.35,29.0,16.1,21.2,4.2,27.8,73
2024-08-25,Paris,Europe,48.86,2.35,21.2,11.4,16.6,0.0,16.2,64
2024-08-26,Paris,Europe,48.86,2.35,23.0,12.1,17.8,0.0,9.7,65
2024-08-27,Paris,Europe,48.86,2.35,26.0,12.1,19.0,0.0,10.5,67
2024-08-28,Paris,Europe,48.86,2.35,30.8,12.6,21.6,0.0,15.5,66
2024-08-29,Paris,Europe,48.86,2.35,25.1,15.9,20.6,1.9,14.5,71
2024-08-30,Paris,Europe,48.86,2.35,22.0,15.0,17.5,13.3,15.7,86
2024-08-31,Paris,Europe,48.86,2.35,25.5,14.9,19.4,1.2,14.0,88
2024-09-01,Paris,Europe,48.86,2.35,28.0,18.4,22.5,0.2,19.0,78
2024-09-02,Paris,Europe,48.86,2.35,24.4,17.3,20.6,0.1,16.1,78
2024-09-03,Paris,Europe,48.86,2.35,22.1,15.9,19.4,7.8,14.5,78
2024-09-04,Paris,Europe,48.86,2.35,21.8,15.1,18.4,1.5,10.3,75
2024-09-05,Paris,Europe,48.86,2.35,17.2,13.6,15.9,24.1,24.9,85
2024-09-06,Paris,Europe,48.86,2.35,23.0,11.1,16.9,0.0,10.8,80
2024-09-07,Paris,Europe,48.86,2.35,23.5,15.5,18.5,4.8,13.6,85
2024-09-08,Paris,Europe,48.86,2.35,20.4,12.6,16.3,4.8,24.2,80
2024-09-09,Paris,Europe,48.86,2.35,20.0,14.4,16.3,1.0,27.7,83
2024-09-10,Paris,Europe,48.86,2.35,17.6,10.9,14.9,0.0,25.9,74
2024-09-11,Paris,Europe,48.86,2.35,16.3,10.3,14.2,4.5,27.5,72
2024-09-12,Paris,Europe,48.86,2.35,15.2,7.7,11.0,1.5,22.0,75
2024-09-13,Paris,Europe,48.86,2.35,16.6,6.7,11.4,2.5,18.8,79
2024-09-14,Paris,Europe,48.86,2.35,16.5,6.0,11.5,0.0,10.7,76
2024-09-15,Paris,Europe,48.86,2.35,18.5,6.1,12.1,0.0,9.7,76
2024-09-16,Paris,Europe,48.86,2.35,19.1,9.3,14.5,0.2,18.1,80
2024-09-17,Paris,Europe,48.86,2.35,21.0,11.4,15.9,0.0,26.3,76
2024-09-18,Paris,Europe,48.86,2.35,23.6,13.2,18.3,0.5,28.6,73
2024-09-19,Paris,Europe,48.86,2.35,25.0,14.9,19.4,0.0,23.3,60
2024-09-20,Paris,Europe,48.86,2.35,20.8,12.6,16.1,17.8,18.1,81
2024-09-21,Paris,Europe,48.86,2.35,23.6,12.6,17.4,1.8,16.9,81
2024-09-22,Paris,Europe,48.86,2.35,20.9,15.1,17.2,15.9,13.9,87
2024-09-23,Paris,Europe,48.86,2.35,19.1,12.6,15.3,6.5,17.7,86
2024-09-24,Paris,Europe,48.86,2.35,17.9,12.4,15.0,3.2,27.4,86
2024-09-25,Paris,Europe,48.86,2.35,17.0,12.1,14.6,16.4,25.4,90
2024-09-26,Paris,Europe,48.86,2.35,18.8,13.4,15.9,10.0,31.8,85
2024-09-27,Paris,Europe,48.86,2.35,16.0,11.1,12.9,2.2,30.4,76
2024-09-28,Paris,Europe,48.86,2.35,13.8,6.4,10.3,0.3,14.9,77
2024-09-29,Paris,Europe,48.86,2.35,14.9,4.2,9.8,0.0,23.4,76
2024-09-30,Paris,Europe,48.86,2.35,18.0,11.4,14.8,0.3,34.1,79
2024-10-01,Paris,Europe,48.86,2.35,17.3,11.0,13.8,0.0,19.4,76
2024-10-02,Paris,Europe,48.86,2.35,16.4,10.8,13.2,1.7,21.4,82
2024-10-03,Paris,Europe,48.86,2.35,14.4,8.4,11.5,0.2,20.7,78
2024-10-04,Paris,Europe,48.86,2.35,15.4,4.7,9.9,0.0,11.7,80
2024-10-05,Paris,Europe,48.86,2.35,16.5,4.2,10.5,0.0,17.7,78
2024-10-06,Paris,Europe,48.86,2.35,16.8,9.4,13.0,4.4,19.4,86
2024-10-07,Paris,Europe,48.86,2.35,18.0,13.2,15.7,8.8,21.0,90
2024-10-08,Paris,Europe,48.86,2.35,19.2,12.7,15.6,0.2,25.0,80
2024-10-09,Paris,Europe,48.86,2.35,16.8,13.0,14.3,54.6,24.7,92
2024-10-10,Paris,Europe,48.86,2.35,15.6,9.0,12.7,1.9,20.9,87
2024-10-11,Paris,Europe,48.86,2.35,13.6,5.8,9.3,0.0,9.6,81
2024-10-12,Paris,Europe,48.86,2.35,15.2,6.6,11.7,1.4,15.5,86
2024-10-13,Paris,Europe,48.86,2.35,14.6,7.8,11.5,0.0,16.0,78
2024-10-14,Paris,Europe,48.86,2.35,21.4,9.8,14.5,0.2,17.9,82
2024-10-15,Paris,Europe,48.86,2.35,20.0,10.6,15.3,0.2,18.8,91
2024-10-16,Paris,Europe,48.86,2.35,24.6,14.9,19.1,10.1,23.0,80
2024-10-17,Paris,Europe,48.86,2.35,18.1,14.9,16.5,9.8,16.7,93
2024-10-18,Paris,Europe,48.86,2.35,15.9,13.1,14.3,8.7,17.9,88
2024-10-19,Paris,Europe,48.86,2.35,16.5,10.9,13.5,1.8,22.9,87
2024-10-20,Paris,Europe,48.86,2.35,18.2,10.1,14.9,0.9,23.1,89
2024-10-21,Paris,Europe,48.86,2.35,20.8,12.2,16.2,1.7,26.9,88
2024-10-22,Paris,Europe,48.86,2.35,16.4,9.3,12.4,0.0,11.9,87
2024-10-23,Paris,Europe,48.86,2.35,16.5,7.1,10.4,0.0,12.1,89
2024-10-24,Paris,Europe,48.86,2.35,17.7,5.8,11.6,0.0,13.7,90
2024-10-25,Paris,Europe,48.86,2.35,19.5,12.0,14.6,2.5,21.0,90
2024-10-26,Paris,Europe,48.86,2.35,17.8,11.9,14.3,5.7,7.3,95
2024-10-27,Paris,Europe,48.86,2.35,16.2,12.6,14.3,3.1,10.0,92
2024-10-28,Paris,Europe,48.86,2.35,17.5,10.1,13.1,0.0,10.9,91
2024-10-29,Paris,Europe,48.86,2.35,14.4,7.4,10.9,0.0,10.7,93
2024-10-30,Paris,Europe,48.86,2.35,15.1,10.6,12.6,0.0,11.7,88
2024-10-31,Paris,Europe,48.86,2.35,15.6,9.9,12.0,0.0,8.0,90
2024-11-01,Paris,Europe,48.86,2.35,11.8,9.6,10.8,0.1,7.0,92
2024-11-02,Paris,Europe,48.86,2.35,12.6,9.0,10.9,0.5,16.4,85
2024-11-03,Paris,Europe,48.86,2.35,12.9,7.3,10.2,0.0,10.5,85
2024-11-04,Paris,Europe,48.86,2.35,14.6,6.7,9.2,0.0,9.2,94
2024-11-05,Paris,Europe,48.86,2.35,12.6,5.8,9.4,0.0,8.9,97
2024-11-06,Paris,Europe,48.86,2.35,12.1,7.4,10.5,0.0,10.6,90
2024-11-07,Paris,Europe,48.86,2.35,13.5,8.3,11.1,0.0,14.8,87
2024-11-08,Paris,Europe,48.86,2.35,11.3,8.0,9.5,0.0,10.8,86
2024-11-09,Paris,Europe,48.86,2.35,13.5,8.8,10.5,0.0,7.6,92
2024-11-10,Paris,Europe,48.86,2.35,11.9,6.6,10.1,0.6,12.4,91
2024-11-11,Paris,Europe,48.86,2.35,13.4,5.2,8.8,0.5,18.5,87
2024-11-12,Paris,Europe,48.86,2.35,10.5,6.9,8.7,1.2,27.8,82
2024-11-13,Paris,Europe,48.86,2.35,9.1,5.2,7.6,0.0,12.5,83
2024-11-14,Paris,Europe,48.86,2.35,12.4,4.2,8.4,0.0,7.2,88
2024-11-15,Paris,Europe,48.86,2.35,10.5,6.5,8.7,0.0,7.8,85
2024-11-16,Paris,Europe,48.86,2.35,9.4,5.6,7.5,0.0,7.4,81
2024-11-17,Paris,Europe,48.86,2.35,10.4,4.2,7.5,0.4,13.2,87
2024-11-18,Paris,Europe,48.86,2.35,10.6,6.6,8.9,5.5,19.9,91
2024-11-19,Paris,Europe,48.86,2.35,12.0,6.1,10.3,17.7,27.0,89
2024-11-20,Paris,Europe,48.86,2.35,6.7,1.6,4.0,0.5,17.0,81
2024-11-21,Paris,Europe,48.86,2.35,1.2,-1.5,0.7,9.5,22.0,92
2024-11-22,Paris,Europe,48.86,2.35,3.5,-2.5,1.0,1.7,19.6,86
2024-11-23,Paris,Europe,48.86,2.35,12.4,1.0,5.3,0.0,24.2,77
2024-11-24,Paris,Europe,48.86,2.35,17.9,12.0,15.2,0.0,29.2,58
2024-11-25,Paris,Europe,48.86,2.35,17.7,8.2,12.8,8.9,24.1,78
2024-11-26,Paris,Europe,48.86,2.35,10.9,7.4,8.6,1.9,15.2,88
2024-11-27,Paris,Europe,48.86,2.35,13.4,7.3,10.4,8.6,22.6,89
2024-11-28,Paris,Europe,48.86,2.35,8.8,3.3,6.3,0.0,8.0,85
2024-11-29,Paris,Europe,48.86,2.35,7.9,1.1,3.7,0.0,11.1,85
2024-11-30,Paris,Europe,48.86,2.35,6.3,0.0,3.0,0.0,8.9,90
2024-12-01,Paris,Europe,48.86,2.35,11.0,0.9,5.9,0.0,12.7,95
2024-12-02,Paris,Europe,48.86,2.35,12.1,6.6,10.1,0.1,16.8,88
2024-12-03,Paris,Europe,48.86,2.35,8.1,2.9,5.5,0.7,11.4,89
2024-12-04,Paris,Europe,48.86,2.35,6.9,2.4,4.6,0.0,10.1,94
2024-12-05,Paris,Europe,48.86,2.35,12.9,4.6,8.0,4.6,25.3,90
2024-12-06,Paris,Europe,48.86,2.35,13.4,6.9,9.1,0.8,29.6,77
2024-12-07,Paris,Europe,48.86,2.35,11.8,5.7,8.9,9.3,29.4,82
2024-12-08,Paris,Europe,48.86,2.35,8.4,6.2,7.3,5.2,24.7,85
2024-12-09,Paris,Europe,48.86,2.35,6.4,4.9,5.6,1.0,20.2,84
2024-12-10,Paris,Europe,48.86,2.35,6.1,4.7,5.4,0.1,15.8,83
2024-12-11,Paris,Europe,48.86,2.35,5.6,4.6,5.1,0.3,12.6,83
2024-12-12,Paris,Europe,48.86,2.35,4.6,3.2,3.9,0.0,9.2,85
2024-12-13,Paris,Europe,48.86,2.35,3.3,-0.4,1.9,0.0,8.2,88
2024-12-14,Paris,Europe,48.86,2.35,4.9,-0.7,1.9,0.0,10.1,94
2024-12-15,Paris,Europe,48.86,2.35,9.6,2.8,6.3,0.0,12.9,91
2024-12-16,Paris,Europe,48.86,2.35,10.4,8.4,9.4,0.0,12.1,90
2024-12-17,Paris,Europe,48.86,2.35,8.3,5.7,7.0,0.0,13.4,92
2024-12-18,Paris,Europe,48.86,2.35,13.7,6.8,10.6,1.5,22.4,85
2024-12-19,Paris,Europe,48.86,2.35,13.7,3.2,8.6,7.8,25.4,82
2024-12-20,Paris,Europe,48.86,2.35,7.9,2.9,5.1,0.1,14.4,84
2024-12-21,Paris,Europe,48.86,2.35,10.9,6.5,8.7,3.1,25.9,90
2024-12-22,Paris,Europe,48.86,2.35,11.3,3.3,6.5,18.9,29.1,81
2024-12-23,Paris,Europe,48.86,2.35,7.4,4.7,6.0,1.0,22.1,73
2024-12-24,Paris,Europe,48.86,2.35,9.6,5.1,7.0,1.0,7.9,94
2024-12-25,Paris,Europe,48.86,2.35,10.7,8.2,9.4,0.0,7.9,96
2024-12-26,Paris,Europe,48.86,2.35,8.4,3.5,6.9,0.0,9.4,92
2024-12-27,Paris,Europe,48.86,2.35,5.3,-1.2,1.9,0.0,5.2,93
2024-12-28,Paris,Europe,48.86,2.35,1.5,-0.7,0.6,0.0,9.0,97
2024-12-29,Paris,Europe,48.86,2.35,4.7,1.2,2.8,0.0,6.6,92
2024-12-30,Paris,Europe,48.86,2.35,4.1,2.4,3.3,0.1,7.9,90
2024-12-31,Paris,Europe,48.86,2.35,5.6,1.7,3.8,0.0,15.8,90
2025-01-01,Paris,Europe,48.86,2.35,8.8,4.2,6.5,0.1,25.2,87
2025-01-02,Paris,Europe,48.86,2.35,9.7,0.6,4.1,22.6,26.6,94
2025-01-03,Paris,Europe,48.86,2.35,4.1,-1.8,0.3,0.0,8.3,89
2025-01-04,Paris,Europe,48.86,2.35,2.2,-3.0,-0.5,6.0,13.8,87
2025-01-05,Paris,Europe,48.86,2.35,12.4,1.2,9.8,13.0,28.3,87
2025-01-06,Paris,Europe,48.86,2.35,12.8,5.7,9.5,3.6,33.0,76
2025-01-07,Paris,Europe,48.86,2.35,6.8,3.2,4.9,2.2,21.7,77
2025-01-08,Paris,Europe,48.86,2.35,11.9,3.0,6.1,16.4,31.0,93
2025-01-09,Paris,Europe,48.86,2.35,10.8,2.0,6.0,6.0,22.7,85
2025-01-10,Paris,Europe,48.86,2.35,5.4,0.6,3.2,0.2,8.4,87
2025-01-11,Paris,Europe,48.86,2.35,2.1,-0.8,1.0,0.0,8.6,92
2025-01-12,Paris,Europe,48.86,2.35,4.1,-0.9,1.5,0.0,7.9,92
2025-01-13,Paris,Europe,48.86,2.35,4.1,-2.5,0.5,0.0,9.0,82
2025-01-14,Paris,Europe,48.86,2.35,2.5,-4.0,-1.4,0.0,4.9,85
2025-01-15,Paris,Europe,48.86,2.35,5.6,-1.4,2.4,0.2,7.2,96
2025-01-16,Paris,Europe,48.86,2.35,5.2,-0.1,3.5,0.0,12.1,92
2025-01-17,Paris,Europe,48.86,2.35,3.2,-1.6,0.9,0.0,6.1,93
2025-01-18,Paris,Europe,48.86,2.35,2.2,-1.1,0.6,0.0,9.0,90
2025-01-19,Paris,Europe,48.86,2.35,0.9,-1.7,-0.3,0.0,6.2,96
2025-01-20,Paris,Europe,48.86,2.35,0.5,-2.0,-0.5,0.0,5.8,91
2025-01-21,Paris,Europe,48.86,2.35,4.3,-2.6,0.3,0.0,9.8,93
2025-01-22,Paris,Europe,48.86,2.35,8.9,1.5,4.9,17.1,14.3,96
2025-01-23,Paris,Europe,48.86,2.35,8.9,4.4,6.3,2.0,23.3,86
2025-01-24,Paris,Europe,48.86,2.35,12.2,7.6,9.6,5.7,26.8,80
2025-01-25,Paris,Europe,48.86,2.35,11.6,6.1,9.6,11.6,21.2,89
2025-01-26,Paris,Europe,48.86,2.35,9.8,0.7,5.1,4.0,26.3,86
2025-01-27,Paris,Europe,48.86,2.35,12.4,7.8,9.7,2.2,30.5,79
2025-01-28,Paris,Europe,48.86,2.35,11.0,6.6,7.9,7.1,25.8,82
2025-01-29,Paris,Europe,48.86,2.35,8.3,5.2,7.3,9.4,24.2,88
2025-01-30,Paris,Europe,48.86,2.35,8.0,2.1,6.0,2.8,18.4,88
2025-01-31,Paris,Europe,48.86,2.35,4.9,0.6,2.3,4.5,14.4,92
2025-02-01,Paris,Europe,48.86,2.35,6.5,-1.9,2.3,0.0,7.6,84
2025-02-02,Paris,Europe,48.86,2.35,6.2,-2.1,1.2,0.0,6.6,88
2025-02-03,Paris,Europe,48.86,2.35,5.4,-2.1,1.2,0.0,4.8,96
2025-02-04,Paris,Europe,48.86,2.35,4.2,-0.2,1.4,0.0,10.1,93
2025-02-05,Paris,Europe,48.86,2.35,7.7,0.7,4.4,0.0,5.9,92
2025-02-06,Paris,Europe,48.86,2.35,5.1,1.2,3.6,0.2,16.3,87
2025-02-07,Paris,Europe,48.86,2.35,6.3,2.7,4.2,0.9,15.0,79
2025-02-08,Paris,Europe,48.86,2.35,6.8,3.8,5.7,2.0,15.6,81
2025-02-09,Paris,Europe,48.86,2.35,7.1,3.0,4.9,4.9,11.3,88
2025-02-10,Paris,Europe,48.86,2.35,6.4,3.0,4.2,12.1,13.2,94
2025-02-11,Paris,Europe,48.86,2.35,6.3,1.6,4.1,0.0,12.1,85
2025-02-12,Paris,Europe,48.86,2.35,5.4,1.0,3.4,0.1,7.2,87
2025-02-13,Paris,Europe,48.86,2.35,6.6,2.7,4.4,0.1,9.7,80
2025-02-14,Paris,Europe,48.86,2.35,4.5,-0.9,1.4,0.0,12.8,77
2025-02-15,Paris,Europe,48.86,2.35,4.2,-2.2,0.7,0.0,12.1,79
2025-02-16,Paris,Europe,48.86,2.35,6.2,-1.0,1.9,0.0,9.0,80
2025-02-17,Paris,Europe,48.86,2.35,6.4,-1.7,1.8,0.0,9.1,80
2025-02-18,Paris,Europe,48.86,2.35,7.9,-0.7,2.8,0.0,12.3,78
2025-02-19,Paris,Europe,48.86,2.35,9.7,0.2,5.0,0.0,10.3,81
2025-02-20,Paris,Europe,48.86,2.35,13.6,6.8,9.7,2.0,12.9,92
2025-02-21,Paris,Europe,48.86,2.35,15.6,9.1,12.2,0.0,13.5,83
2025-02-22,Paris,Europe,48.86,2.35,12.8,7.7,10.6,4.0,18.9,83
2025-02-23,Paris,Europe,48.86,2.35,14.0,3.9,9.0,0.0,14.9,81
2025-02-24,Paris,Europe,48.86,2.35,12.3,7.8,10.3,3.3,17.1,83
2025-02-25,Paris,Europe,48.86,2.35,8.9,6.7,8.0,16.3,25.4,94
2025-02-26,Paris,Europe,48.86,2.35,10.8,3.5,7.1,3.6,26.0,82
2025-02-27,Paris,Europe,48.86,2.35,9.7,3.0,5.9,0.4,18.0,80
2025-02-28,Paris,Europe,48.86,2.35,8.9,1.9,5.0,0.4,11.1,83
2025-03-01,Paris,Europe,48.86,2.35,7.3,0.6,3.7,0.0,18.3,82
2025-03-02,Paris,Europe,48.86,2.35,10.4,0.2,4.7,0.0,12.9,77
2025-03-03,Paris,Europe,48.86,2.35,11.4,-0.9,4.7,0.0,6.3,80
2025-03-04,Paris,Europe,48.86,2.35,13.0,0.3,5.8,0.0,6.9,79
2025-03-05,Paris,Europe,48.86,2.35,16.3,0.2,7.5,0.0,5.4,80
2025-03-06,Paris,Europe,48.86,2.35,16.8,3.7,9.3,0.0,10.5,71
2025-03-07,Paris,Europe,48.86,2.35,16.5,6.2,10.7,0.0,10.3,69
2025-03-08,Paris,Europe,48.86,2.35,17.9,7.2,11.8,0.0,12.7,67
2025-03-09,Paris,Europe,48.86,2.35,17.0,8.1,12.3,0.0,12.3,67
2025-03-10,Paris,Europe,48.86,2.35,12.9,7.6,10.6,3.5,9.8,84
2025-03-11,Paris,Europe,48.86,2.35,11.4,4.4,7.0,0.0,13.1,90
2025-03-12,Paris,Europe,48.86,2.35,7.2,2.4,4.9,2.0,12.5,82
2025-03-13,Paris,Europe,48.86,2.35,7.7,2.0,4.4,1.4,11.5,82
2025-03-14,Paris,Europe,48.86,2.35,6.7,-0.2,3.2,1.0,12.9,79
2025-03-15,Paris,Europe,48.86,2.35,8.3,1.0,4.0,0.1,20.2,69
2025-03-16,Paris,Europe,48.86,2.35,10.4,1.8,5.9,0.0,15.9,68
2025-03-17,Paris,Europe,48.86,2.35,11.5,0.8,5.9,0.0,16.1,66
2025-03-18,Paris,Europe,48.86,2.35,12.4,1.5,6.8,0.0,12.7,63
2025-03-19,Paris,Europe,48.86,2.35,17.0,5.2,10.5,0.0,10.2,70
2025-03-20,Paris,Europe,48.86,2.35,18.6,5.5,11.7,0.0,9.3,74
2025-03-21,Paris,Europe,48.86,2.35,19.5,9.1,13.6,2.9,15.9,73
2025-03-22,Paris,Europe,48.86,2.35,16.8,10.9,12.7,7.0,13.8,86
2025-03-23,Paris,Europe,48.86,2.35,13.1,7.2,10.0,0.8,12.5,83
2025-03-24,Paris,Europe,48.86,2.35,15.2,5.6,11.1,0.6,9.2,82
2025-03-25,Paris,Europe,48.86,2.35,13.7,7.2,10.3,0.0,11.8,80
2025-03-26,Paris,Europe,48.86,2.35,14.3,7.2,10.2,0.5,11.4,82
2025-03-27,Paris,Europe,48.86,2.35,14.9,3.5,8.9,0.0,7.6,78
2025-03-28,Paris,Europe,48.86,2.35,12.6,3.8,7.8,2.1,16.9,87
2025-03-29,Paris,Europe,48.86,2.35,13.1,5.4,8.9,0.4,15.7,69
2025-03-30,Paris,Europe,48.86,2.35,15.6,5.4,9.9,0.1,18.0,73
2025-03-31,Paris,Europe,48.86,2.35,13.9,4.6,9.1,0.0,11.2,77
2025-04-01,Paris,Europe,48.86,2.35,14.1,4.8,9.1,0.0,24.7,63
2025-04-02,Paris,Europe,48.86,2.35,16.4,6.4,11.2,0.0,17.1,61
2025-04-03,Paris,Europe,48.86,2.35,20.0,7.4,13.8,0.0,14.2,67
2025-04-04,Paris,Europe,48.86,2.35,22.9,10.6,15.8,0.1,13.9,64
2025-04-05,Paris,Europe,48.86,2.35,23.6,9.1,15.8,0.0,14.6,59
2025-04-06,Paris,Europe,48.86,2.35,18.0,8.4,12.7,0.0,14.6,51
2025-04-07,Paris,Europe,48.86,2.35,17.2,4.1,10.6,0.0,9.7,43
2025-04-08,Paris,Europe,48.86,2.35,18.6,3.8,11.6,0.0,9.4,51
2025-04-09,Paris,Europe,48.86,2.35,18.5,5.9,12.3,0.0,16.7,55
2025-04-10,Paris,Europe,48.86,2.35,15.8,5.1,10.8,0.0,12.5,64
2025-04-11,Paris,Europe,48.86,2.35,22.0,5.3,13.8,0.0,11.5,54
2025-04-12,Paris,Europe,48.86,2.35,21.8,9.0,14.6,4.6,19.3,61
2025-04-13,Paris,Europe,48.86,2.35,17.6,11.6,14.3,1.7,15.5,74
2025-04-14,Paris,Europe,48.86,2.35,19.7,7.7,13.9,0.1,13.3,67
2025-04-15,Paris,Europe,48.86,2.35,18.5,10.2,14.2,2.8,19.1,74
2025-04-16,Paris,Europe,48.86,2.35,15.2,8.1,11.3,0.0,10.3,59
2025-04-17,Paris,Europe,48.86,2.35,16.7,6.2,11.9,0.0,12.2,59
2025-04-18,Paris,Europe,48.86,2.35,19.4,6.4,12.9,0.0,18.7,56
2025-04-19,Paris,Europe,48.86,2.35,20.5,8.9,13.8,4.0,16.3,64
2025-04-20,Paris,Europe,48.86,2.35,15.9,10.8,13.1,4.0,16.8,73
2025-04-21,Paris,Europe,48.86,2.35,15.1,9.8,12.1,1.3,11.9,81
2025-04-22,Paris,Europe,48.86,2.35,16.9,7.1,12.3,0.1,7.9,78
2025-04-23,Paris,Europe,48.86,2.35,14.6,8.1,11.1,8.6,19.5,79
2025-04-24,Paris,Europe,48.86,2.35,16.8,8.9,12.3,0.9,12.6,78
2025-04-25,Paris,Europe,48.86,2.35,15.6,7.1,11.7,0.5,10.3,78
2025-04-26,Paris,Europe,48.86,2.35,18.7,7.9,13.5,0.2,13.4,72
2025-04-27,Paris,Europe,48.86,2.35,20.5,10.8,15.5,0.4,12.8,67
2025-04-28,Paris,Europe,48.86,2.35,24.2,9.4,17.0,0.0,13.1,60
2025-04-29,Paris,Europe,48.86,2.35,26.6,10.6,19.3,0.0,13.7,44
2025-04-30,Paris,Europe,48.86,2.35,29.0,12.3,21.4,0.0,11.0,39
2025-05-01,Paris,Europe,48.86,2.35,30.2,14.2,22.6,0.0,14.6,42
2025-05-02,Paris,Europe,48.86,2.35,29.6,15.1,22.6,0.0,14.3,48
2025-05-03,Paris,Europe,48.86,2.35,24.9,14.8,18.7,13.4,16.0,72
2025-05-04,Paris,Europe,48.86,2.35,15.4,8.9,12.0,0.8,18.5,65
2025-05-05,Paris,Europe,48.86,2.35,13.9,5.8,10.1,0.0,18.2,63
2025-05-06,Paris,Europe,48.86,2.35,15.2,6.8,11.2,0.0,20.0,60
2025-05-07,Paris,Europe,48.86,2.35,15.5,7.8,11.7,0.0,15.9,66
2025-05-08,Paris,Europe,48.86,2.35,18.1,8.5,13.3,0.0,16.1,58
2025-05-09,Paris,Europe,48.86,2.35,20.0,9.4,14.8,0.0,16.8,46
2025-05-10,Paris,Europe,48.86,2.35,24.0,9.4,17.4,0.0,16.7,43
2025-05-11,Paris,Europe,48.86,2.35,24.5,13.4,17.9,11.5,13.6,61
2025-05-12,Paris,Europe,48.86,2.35,19.2,13.2,15.8,1.1,10.4,75
2025-05-13,Paris,Europe,48.86,2.35,20.5,10.7,15.6,7.4,12.0,79
2025-05-14,Paris,Europe,48.86,2.35,24.7,10.5,17.6,0.0,14.7,65
2025-05-15,Paris,Europe,48.86,2.35,17.8,8.6,13.5,0.0,18.5,64
2025-05-16,Paris,Europe,48.86,2.35,19.9,8.6,14.1,0.0,15.3,61
2025-05-17,Paris,Europe,48.86,2.35,18.5,9.3,13.7,0.0,13.0,61
2025-05-18,Paris,Europe,48.86,2.35,20.1,8.1,14.5,0.0,10.2,64
2025-05-19,Paris,Europe,48.86,2.35,22.9,7.9,15.9,0.0,12.9,56
2025-05-20,Paris,Europe,48.86,2.35,25.5,11.5,18.8,0.0,14.4,46
2025-05-21,Paris,Europe,48.86,2.35,16.5,10.9,13.9,9.7,14.2,66
2025-05-22,Paris,Europe,48.86,2.35,18.8,8.0,13.4,0.3,13.4,68
2025-05-23,Paris,Europe,48.86,2.35,18.1,7.8,13.4,0.0,10.5,53
2025-05-24,Paris,Europe,48.86,2.35,20.1,8.1,14.5,1.1,18.6,66
2025-05-25,Paris,Europe,48.86,2.35,20.5,13.6,16.7,2.4,20.1,71
2025-05-26,Paris,Europe,48.86,2.35,18.7,10.1,14.9,0.0,14.1,63
2025-05-27,Paris,Europe,48.86,2.35,19.6,11.9,16.4,0.0,24.2,69
2025-05-28,Paris,Europe,48.86,2.35,21.0,14.1,16.9,4.5,20.9,73
2025-05-29,Paris,Europe,48.86,2.35,24.5,11.6,18.5,0.0,14.0,66
2025-05-30,Paris,Europe,48.86,2.35,30.1,14.2,22.7,0.0,9.9,64
2025-05-31,Paris,Europe,48.86,2.35,29.8,16.5,22.0,4.5,14.1,72
2025-06-01,Paris,Europe,48.86,2.35,22.5,15.7,18.7,0.7,12.4,67
2025-06-02,Paris,Europe,48.86,2.35,21.8,13.4,17.7,1.4,10.3,62
2025-06-03,Paris,Europe,48.86,2.35,24.4,11.9,19.1,0.0,19.6,51
2025-06-04,Paris,Europe,48.86,2.35,20.2,13.9,16.5,2.5,12.9,65
2025-06-05,Paris,Europe,48.86,2.35,18.7,13.0,15.7,13.4,24.1,78
2025-06-06,Paris,Europe,48.86,2.35,20.9,13.9,17.0,5.3,20.3,75
2025-06-07,Paris,Europe,48.86,2.35,19.9,13.6,16.2,4.9,23.5,75
2025-06-08,Paris,Europe,48.86,2.35,18.6,11.8,15.1,5.5,19.8,70
2025-06-09,Paris,Europe,48.86,2.35,22.1,9.8,16.2,0.1,9.3,69
2025-06-10,Paris,Europe,48.86,2.35,25.5,11.4,18.0,0.0,16.6,71
2025-06-11,Paris,Europe,48.86,2.35,27.6,13.2,20.7,0.0,12.1,66
2025-06-12,Paris,Europe,48.86,2.35,31.5,17.0,24.6,0.0,15.5,51
2025-06-13,Paris,Europe,48.86,2.35,32.9,20.0,25.9,5.2,21.5,63
2025-06-14,Paris,Europe,48.86,2.35,27.1,19.5,22.7,10.8,12.6,77
2025-06-15,Paris,Europe,48.86,2.35,22.4,16.1,18.9,0.1,14.0,63
2025-06-16,Paris,Europe,48.86,2.35,26.6,11.7,19.5,0.0,10.2,59
2025-06-17,Paris,Europe,48.86,2.35,28.9,14.5,22.4,0.0,12.0,54
2025-06-18,Paris,Europe,48.86,2.35,29.0,15.4,22.9,0.0,11.1,50
2025-06-19,Paris,Europe,48.86,2.35,31.0,17.5,24.8,0.0,15.5,49
2025-06-20,Paris,Europe,48.86,2.35,31.6,19.1,25.6,0.0,13.4,43
2025-06-21,Paris,Europe,48.86,2.35,35.8,18.5,27.9,0.0,12.4,37
2025-06-22,Paris,Europe,48.86,2.35,29.0,22.8,26.0,0.0,11.9,45
2025-06-23,Paris,Europe,48.86,2.35,25.4,17.5,21.2,0.1,21.2,58
2025-06-24,Paris,Europe,48.86,2.35,30.0,13.6,22.3,0.0,10.4,47
2025-06-25,Paris,Europe,48.86,2.35,35.8,17.8,25.7,1.0,16.6,54
2025-06-26,Paris,Europe,48.86,2.35,26.0,18.3,22.3,6.6,18.3,72
2025-06-27,Paris,Europe,48.86,2.35,27.4,19.4,23.4,0.4,13.2,69
2025-06-28,Paris,Europe,48.86,2.35,28.4,18.4,24.0,0.0,10.8,68
2025-06-29,Paris,Europe,48.86,2.35,29.6,18.1,24.4,0.0,11.4,66
2025-06-30,Paris,Europe,48.86,2.35,35.2,20.0,27.8,0.0,11.6,55
2025-07-01,Paris,Europe,48.86,2.35,38.7,23.1,32.0,0.0,10.4,37
2025-07-02,Paris,Europe,48.86,2.35,33.0,19.4,25.5,2.5,20.1,58
2025-07-03,Paris,Europe,48.86,2.35,25.9,16.0,21.2,0.0,12.5,51
2025-07-04,Paris,Europe,48.86,2.35,27.6,14.2,21.3,0.0,11.3,43
2025-07-05,Paris,Europe,48.86,2.35,26.9,14.9,21.3,0.0,13.6,41
2025-07-06,Paris,Europe,48.86,2.35,20.4,14.9,17.1,26.8,18.0,84
2025-07-07,Paris,Europe,48.86,2.35,18.5,14.2,16.1,19.3,17.9,82
2025-07-08,Paris,Europe,48.86,2.35,20.4,13.1,16.4,1.7,15.9,70
2025-07-09,Paris,Europe,48.86,2.35,24.2,10.9,18.0,0.0,7.0,66
2025-07-10,Paris,Europe,48.86,2.35,27.2,13.5,20.9,0.0,11.1,61
2025-07-11,Paris,Europe,48.86,2.35,29.5,17.2,23.7,0.0,14.9,55
2025-07-12,Paris,Europe,48.86,2.35,28.9,17.6,23.8,0.0,11.8,53
2025-07-13,Paris,Europe,48.86,2.35,31.0,17.2,25.1,0.0,14.7,46
2025-07-14,Paris,Europe,48.86,2.35,28.2,18.8,22.8,6.0,17.2,64
2025-07-15,Paris,Europe,48.86,2.35,24.9,16.9,20.9,1.1,19.3,52
2025-07-16,Paris,Europe,48.86,2.35,21.8,18.5,20.1,4.4,20.6,71
2025-07-17,Paris,Europe,48.86,2.35,25.9,16.0,21.3,0.5,7.2,74
2025-07-18,Paris,Europe,48.86,2.35,31.2,18.6,25.2,0.0,11.8,57
2025-07-19,Paris,Europe,48.86,2.35,26.7,21.0,23.8,2.0,21.2,59
2025-07-20,Paris,Europe,48.86,2.35,23.2,17.0,19.6,16.7,19.6,76
2025-07-21,Paris,Europe,48.86,2.35,20.9,16.1,18.2,14.5,19.8,78
2025-07-22,Paris,Europe,48.86,2.35,21.5,16.0,18.9,0.2,18.8,71
2025-07-23,Paris,Europe,48.86,2.35,21.4,15.2,18.0,16.6,10.3,82
2025-07-24,Paris,Europe,48.86,2.35,21.4,14.5,17.5,17.0,12.9,85
2025-07-25,Paris,Europe,48.86,2.35,24.1,15.1,19.8,0.6,8.7,78
2025-07-26,Paris,Europe,48.86,2.35,25.6,15.7,20.2,0.0,17.1,76
2025-07-27,Paris,Europe,48.86,2.35,21.5,16.5,18.2,4.3,17.6,80
2025-07-28,Paris,Europe,48.86,2.35,21.8,13.9,18.0,0.9,12.8,70
2025-07-29,Paris,Europe,48.86,2.35,22.5,13.4,17.9,0.6,12.8,75
2025-07-30,Paris,Europe,48.86,2.35,22.9,15.9,19.0,5.7,11.4,80
2025-07-31,Paris,Europe,48.86,2.35,24.1,15.1,19.5,1.0,13.9,76
2025-08-01,Paris,Europe,48.86,2.35,22.3,15.1,18.7,1.5,15.2,77
2025-08-02,Paris,Europe,48.86,2.35,21.0,13.1,16.9,0.1,12.2,72
2025-08-03,Paris,Europe,48.86,2.35,24.4,12.1,18.2,0.0,12.3,69
2025-08-04,Paris,Europe,48.86,2.35,28.2,17.9,21.9,0.2,14.4,72
2025-08-05,Paris,Europe,48.86,2.35,22.5,15.3,19.4,4.2,15.7,67
2025-08-06,Paris,Europe,48.86,2.35,23.1,12.2,17.8,0.0,8.5,64
2025-08-07,Paris,Europe,48.86,2.35,28.8,14.2,21.8,0.0,10.1,49
2025-08-08,Paris,Europe,48.86,2.35,27.2,15.2,21.6,0.0,12.1,63
2025-08-09,Paris,Europe,48.86,2.35,27.6,16.2,21.4,0.0,15.0,62
2025-08-10,Paris,Europe,48.86,2.35,28.0,12.9,20.8,0.0,10.5,57
2025-08-11,Paris,Europe,48.86,2.35,31.6,15.5,24.2,0.0,11.2,47
2025-08-12,Paris,Europe,48.86,2.35,35.2,19.9,27.5,0.0,12.5,45
2025-08-13,Paris,Europe,48.86,2.35,34.4,19.2,26.8,0.6,11.4,57
2025-08-14,Paris,Europe,48.86,2.35,30.8,19.9,25.5,0.0,13.5,64
2025-08-15,Paris,Europe,48.86,2.35,31.2,16.9,24.1,0.0,13.1,54
2025-08-16,Paris,Europe,48.86,2.35,27.6,18.3,23.0,0.0,16.0,61
2025-08-17,Paris,Europe,48.86,2.35,26.8,15.3,21.2,0.0,12.1,56
2025-08-18,Paris,Europe,48.86,2.35,28.1,15.6,22.2,0.0,10.1,56
2025-08-19,Paris,Europe,48.86,2.35,29.4,16.9,22.6,0.5,13.3,58
2025-08-20,Paris,Europe,48.86,2.35,23.4,17.0,19.4,3.9,13.0,80
2025-08-21,Paris,Europe,48.86,2.35,23.4,14.7,18.6,1.6,16.0,69
2025-08-22,Paris,Europe,48.86,2.35,21.0,11.9,16.8,0.0,10.5,64
2025-08-23,Paris,Europe,48.86,2.35,23.9,11.5,17.5,0.0,12.4,64
2025-08-24,Paris,Europe,48.86,2.35,23.9,12.4,18.4,0.0,8.9,57
2025-08-25,Paris,Europe,48.86,2.35,28.4,12.4,20.9,0.0,7.2,49
2025-08-26,Paris,Europe,48.86,2.35,29.1,16.3,22.6,0.2,14.3,50
2025-08-27,Paris,Europe,48.86,2.35,26.6,18.5,22.3,0.3,15.1,55
2025-08-28,Paris,Europe,48.86,2.35,23.5,17.1,20.0,0.5,15.6,58
2025-08-29,Paris,Europe,48.86,2.35,20.8,15.1,17.2,3.3,20.6,75
2025-08-30,Paris,Europe,48.86,2.35,22.1,13.3,17.9,0.1,19.0,73
2025-08-31,Paris,Europe,48.86,2.35,22.0,15.4,18.6,5.6,16.9,83
2025-09-01,Paris,Europe,48.86,2.35,21.1,13.8,16.9,4.9,13.9,80
2025-09-02,Paris,Europe,48.86,2.35,18.4,12.4,15.7,3.6,19.8,85
2025-09-03,Paris,Europe,48.86,2.35,24.4,16.2,19.6,0.4,28.7,77
2025-09-04,Paris,Europe,48.86,2.35,20.6,14.7,17.4,1.1,19.4,77
2025-09-05,Paris,Europe,48.86,2.35,21.3,11.9,16.6,0.9,10.8,74
2025-09-06,Paris,Europe,48.86,2.35,24.1,11.8,17.8,0.0,15.3,69
2025-09-07,Paris,Europe,48.86,2.35,30.2,14.9,21.6,0.0,13.1,67
2025-09-08,Paris,Europe,48.86,2.35,23.0,17.2,19.8,0.0,11.4,67
2025-09-09,Paris,Europe,48.86,2.35,22.2,12.8,17.6,0.0,9.0,60
2025-09-10,Paris,Europe,48.86,2.35,20.8,12.2,16.3,4.4,19.4,72
2025-09-11,Paris,Europe,48.86,2.35,20.3,13.1,15.8,3.0,21.8,77
2025-09-12,Paris,Europe,48.86,2.35,19.5,11.8,15.5,0.5,18.8,68
2025-09-13,Paris,Europe,48.86,2.35,18.9,12.3,14.9,9.4,20.9,84
2025-09-14,Paris,Europe,48.86,2.35,20.3,12.9,16.4,0.5,21.2,89
2025-09-15,Paris,Europe,48.86,2.35,19.9,14.4,17.8,0.7,25.8,70
2025-09-16,Paris,Europe,48.86,2.35,18.6,12.0,15.2,0.2,20.6,72
2025-09-17,Paris,Europe,48.86,2.35,21.6,12.9,16.6,0.0,12.0,75
2025-09-18,Paris,Europe,48.86,2.35,23.8,12.8,18.2,0.0,7.4,76
2025-09-19,Paris,Europe,48.86,2.35,30.6,12.5,20.7,0.0,9.8,64
2025-09-20,Paris,Europe,48.86,2.35,22.5,18.5,20.7,8.8,18.8,75
2025-09-21,Paris,Europe,48.86,2.35,17.8,12.1,15.3,0.5,13.3,74
2025-09-22,Paris,Europe,48.86,2.35,17.0,9.4,12.8,1.5,22.8,71
2025-09-23,Paris,Europe,48.86,2.35,15.1,9.8,11.8,6.4,19.0,76
2025-09-24,Paris,Europe,48.86,2.35,11.6,10.1,10.7,11.2,17.8,90
2025-09-25,Paris,Europe,48.86,2.35,12.3,9.4,10.8,1.0,10.1,83
2025-09-26,Paris,Europe,48.86,2.35,13.9,9.6,11.4,0.6,5.7,84
2025-09-27,Paris,Europe,48.86,2.35,15.4,8.6,12.1,0.7,8.0,84
2025-09-28,Paris,Europe,48.86,2.35,18.8,7.6,13.1,0.0,6.4,81
2025-09-29,Paris,Europe,48.86,2.35,19.4,8.6,13.9,0.0,8.7,79
2025-09-30,Paris,Europe,48.86,2.35,18.0,9.6,13.5,0.0,9.9,77
2025-10-01,Paris,Europe,48.86,2.35,19.0,7.9,13.3,0.0,7.2,78
2025-10-02,Paris,Europe,48.86,2.35,17.7,8.6,12.9,0.0,7.9,73
2025-10-03,Paris,Europe,48.86,2.35,16.9,11.0,13.3,4.1,19.6,81
2025-10-04,Paris,Europe,48.86,2.35,18.2,10.8,14.8,8.7,28.5,77
2025-10-05,Paris,Europe,48.86,2.35,16.2,10.2,12.6,0.0,20.1,73
2025-10-06,Paris,Europe,48.86,2.35,16.0,9.4,12.7,0.0,11.8,81
2025-10-07,Paris,Europe,48.86,2.35,18.0,9.2,13.2,0.0,4.1,86
2025-10-08,Paris,Europe,48.86,2.35,17.3,9.3,12.7,0.0,7.1,87
2025-10-09,Paris,Europe,48.86,2.35,18.1,11.6,14.8,0.2,8.3,80
2025-10-10,Paris,Europe,48.86,2.35,15.1,9.6,12.8,0.0,9.2,84
2025-10-11,Paris,Europe,48.86,2.35,18.1,10.4,13.8,0.0,10.8,82
2025-10-12,Paris,Europe,48.86,2.35,17.4,9.1,12.8,0.0,11.2,83
2025-10-13,Paris,Europe,48.86,2.35,16.5,9.6,13.0,0.2,15.8,85
2025-10-14,Paris,Europe,48.86,2.35,17.0,12.1,13.8,0.0,14.9,81
2025-10-15,Paris,Europe,48.86,2.35,15.6,10.6,13.0,0.2,12.9,82
2025-10-16,Paris,Europe,48.86,2.35,14.4,9.4,12.5,0.0,13.1,78
2025-10-17,Paris,Europe,48.86,2.35,16.5,8.9,12.3,0.0,12.7,79
2025-10-18,Paris,Europe,48.86,2.35,16.4,7.3,11.3,0.0,12.3,73
2025-10-19,Paris,Europe,48.86,2.35,15.4,8.3,11.8,3.3,18.3,84
2025-10-20,Paris,Europe,48.86,2.35,17.1,13.1,14.9,2.6,24.1,85
2025-10-21,Paris,Europe,48.86,2.35,16.6,11.9,14.1,1.1,21.0,82
2025-10-22,Paris,Europe,48.86,2.35,16.2,12.0,14.0,3.1,25.0,89
2025-10-23,Paris,Europe,48.86,2.35,16.2,8.6,12.0,2.8,29.4,79
2025-10-24,Paris,Europe,48.86,2.35,12.4,6.2,9.2,2.0,19.9,77
2025-10-25,Paris,Europe,48.86,2.35,12.7,8.9,10.6,0.3,22.1,81
2025-10-26,Paris,Europe,48.86,2.35,11.4,6.9,9.0,0.1,17.1,75
2025-10-27,Paris,Europe,48.86,2.35,14.9,9.5,11.9,4.9,24.2,78
2025-10-28,Paris,Europe,48.86,2.35,15.3,9.9,12.6,0.3,22.2,83
2025-10-29,Paris,Europe,48.86,2.35,14.3,10.1,12.0,9.0,15.5,90
2025-10-30,Paris,Europe,48.86,2.35,13.5,7.4,10.5,0.0,16.6,83
2025-10-31,Paris,Europe,48.86,2.35,16.0,8.1,11.9,0.0,16.0,83
2025-11-01,Paris,Europe,48.86,2.35,15.7,11.7,13.8,6.0,19.1,83
2025-11-02,Paris,Europe,48.86,2.35,13.2,8.6,11.0,1.5,20.8,83
2025-11-03,Paris,Europe,48.86,2.35,15.6,7.3,11.3,0.0,18.3,86
2025-11-04,Paris,Europe,48.86,2.35,16.2,8.1,12.2,0.0,13.2,83
2025-11-05,Paris,Europe,48.86,2.35,16.8,10.5,13.5,0.0,13.3,75
2025-11-06,Paris,Europe,48.86,2.35,14.6,11.1,13.1,6.3,9.0,92
2025-11-07,Paris,Europe,48.86,2.35,14.6,9.1,11.8,0.1,13.6,91
2025-11-08,Paris,Europe,48.86,2.35,13.4,8.4,10.9,0.7,8.7,94
2025-11-09,Paris,Europe,48.86,2.35,12.2,6.8,9.2,0.0,10.0,92
2025-11-10,Paris,Europe,48.86,2.35,11.6,6.9,9.5,1.8,15.6,90
2025-11-11,Paris,Europe,48.86,2.35,14.9,8.4,11.3,0.0,18.6,89
2025-11-12,Paris,Europe,48.86,2.35,15.2,8.3,11.7,0.0,13.6,80
2025-11-13,Paris,Europe,48.86,2.35,16.4,12.2,14.6,0.0,16.6,75
2025-11-14,Paris,Europe,48.86,2.35,18.4,13.9,15.5,3.6,13.7,77
2025-11-15,Paris,Europe,48.86,2.35,14.0,10.4,12.2,24.8,10.8,96
2025-11-16,Paris,Europe,48.86,2.35,12.4,8.1,9.9,0.3,12.4,95
2025-11-17,Paris,Europe,48.86,2.35,8.9,3.5,6.5,0.3,16.9,81
2025-11-18,Paris,Europe,48.86,2.35,8.0,-0.7,3.8,0.0,15.5,85
2025-11-19,Paris,Europe,48.86,2.35,6.8,3.8,5.7,3.0,21.4,84
2025-11-20,Paris,Europe,48.86,2.35,4.5,0.2,2.5,0.2,14.0,84
2025-11-21,Paris,Europe,48.86,2.35,4.1,-0.9,1.7,0.3,13.6,86
2025-11-22,Paris,Europe,48.86,2.35,1.7,-2.5,-0.5,0.2,15.6,89
2025-11-23,Paris,Europe,48.86,2.35,7.3,0.3,3.6,15.1,19.1,94
2025-11-24,Paris,Europe,48.86,2.35,9.4,5.7,7.1,2.5,18.5,90
2025-11-25,Paris,Europe,48.86,2.35,8.0,4.1,5.9,3.5,20.5,84
2025-11-26,Paris,Europe,48.86,2.35,8.4,2.8,4.8,0.2,11.9,88
2025-11-27,Paris,Europe,48.86,2.35,8.4,2.3,5.6,0.0,12.5,87
2025-11-28,Paris,Europe,48.86,2.35,10.9,7.2,9.0,7.2,15.1,95
2025-11-29,Paris,Europe,48.86,2.35,11.5,7.2,9.5,4.7,20.2,95
2025-11-30,Paris,Europe,48.86,2.35,8.4,3.4,6.3,0.1,13.5,87
2025-12-01,Paris,Europe,48.86,2.35,7.7,2.0,4.9,0.0,17.6,84
2025-12-02,Paris,Europe,48.86,2.35,9.9,7.1,8.2,0.4,16.8,79
2025-12-03,Paris,Europe,48.86,2.35,9.9,5.9,7.8,0.1,9.4,88
2025-12-04,Paris,Europe,48.86,2.35,9.0,4.0,6.4,2.1,19.2,92
2025-12-05,Paris,Europe,48.86,2.35,6.8,-0.2,3.8,1.9,25.5,90
2025-12-06,Paris,Europe,48.86,2.35,12.3,6.5,10.0,1.6,24.8,86
2025-12-07,Paris,Europe,48.86,2.35,14.9,10.1,12.6,9.2,21.9,91
2025-12-08,Paris,Europe,48.86,2.35,15.8,11.4,14.2,1.3,18.7,85
2025-12-09,Paris,Europe,48.86,2.35,14.8,8.9,12.0,0.4,15.7,83
2025-12-10,Paris,Europe,48.86,2.35,13.7,7.8,11.9,0.1,13.8,90
2025-12-11,Paris,Europe,48.86,2.35,10.2,4.4,7.6,0.1,12.0,97
2025-12-12,Paris,Europe,48.86,2.35,11.2,7.2,9.6,0.1,9.4,95
2025-12-13,Paris,Europe,48.86,2.35,9.6,6.8,8.5,0.0,8.4,98
2025-12-14,Paris,Europe,48.86,2.35,7.4,6.1,6.8,0.0,12.1,96
2025-12-15,Paris,Europe,48.86,2.35,10.7,4.8,7.7,0.0,15.5,90
2025-12-16,Paris,Europe,48.86,2.35,13.2,7.9,10.1,0.0,13.6,89
2025-12-17,Paris,Europe,48.86,2.35,10.2,6.8,8.3,0.0,13.8,91
2025-12-18,Paris,Europe,48.86,2.35,14.4,6.3,11.0,0.1,21.9,79
2025-12-19,Paris,Europe,48.86,2.35,12.9,6.8,10.3,5.6,19.2,91
2025-12-20,Paris,Europe,48.86,2.35,9.8,5.8,8.1,2.1,11.4,97
2025-12-21,Paris,Europe,48.86,2.35,11.2,7.7,9.6,11.6,21.4,95
2025-12-22,Paris,Europe,48.86,2.35,10.8,6.9,9.1,0.1,14.7,89
2025-12-23,Paris,Europe,48.86,2.35,8.0,3.4,5.0,0.0,13.1,86
2025-12-24,Paris,Europe,48.86,2.35,5.2,-0.6,3.2,0.0,21.1,71
2025-12-25,Paris,Europe,48.86,2.35,1.6,-1.3,-0.1,0.1,20.5,74
2025-12-26,Paris,Europe,48.86,2.35,2.8,-2.5,-0.6,0.0,9.4,84
2025-12-27,Paris,Europe,48.86,2.35,3.3,-1.2,0.1,0.0,10.0,84
2025-12-28,Paris,Europe,48.86,2.35,2.7,-1.5,0.4,0.0,12.8,90
2025-12-29,Paris,Europe,48.86,2.35,2.8,-4.1,-0.5,0.0,11.4,84
2025-12-30,Paris,Europe,48.86,2.35,5.1,0.0,2.4,0.0,11.9,85
2025-12-31,Paris,Europe,48.86,2.35,3.5,-2.7,0.0,0.0,8.8,91
